label,session,timestamp,seq,x0,y0,x1,y1,x2,y2,x3,y3,x4,y4,x5,y5,x6,y6,x7,y7,x8,y8,x9,y9,x10,y10,x11,y11,x12,y12,x13,y13,x14,y14,x15,y15,x16,y16,x17,y17,x18,y18,x19,y19,x20,y20
A,day1,1787863993.1306496,0,152.0,327.0,183.0,310.0,208.0,279.0,225.0,254.0,240.0,235.0,198.0,259.0,207.0,237.0,197.0,258.0,189.0,278.0,179.0,257.0,184.0,242.0,174.0,270.0,168.0,292.0,158.0,257.0,164.0,245.0,157.0,274.0,155.0,296.0,138.0,259.0,144.0,249.0,143.0,270.0,142.0,286.0
A,day1,1787863993.2290933,1,152.0,325.0,183.0,310.0,208.0,279.0,225.0,253.0,241.0,235.0,199.0,259.0,208.0,237.0,198.0,258.0,189.0,278.0,179.0,256.0,185.0,242.0,174.0,270.0,168.0,294.0,159.0,256.0,164.0,246.0,157.0,275.0,155.0,297.0,140.0,257.0,145.0,249.0,143.0,270.0,143.0,286.0
A,day1,1787863993.3571506,2,151.0,326.0,183.0,309.0,207.0,279.0,224.0,253.0,240.0,235.0,198.0,259.0,205.0,236.0,194.0,256.0,186.0,276.0,179.0,257.0,182.0,241.0,171.0,268.0,166.0,291.0,159.0,256.0,161.0,244.0,154.0,273.0,153.0,295.0,140.0,258.0,144.0,247.0,142.0,268.0,142.0,285.0
A,day1,1787863993.4916785,3,152.0,324.0,184.0,311.0,209.0,282.0,226.0,256.0,242.0,238.0,201.0,259.0,208.0,239.0,196.0,258.0,187.0,278.0,182.0,256.0,184.0,241.0,172.0,268.0,167.0,291.0,162.0,255.0,163.0,246.0,157.0,273.0,155.0,294.0,144.0,256.0,148.0,246.0,145.0,267.0,145.0,282.0
A,day1,1787863993.6087763,4,154.0,324.0,185.0,313.0,211.0,284.0,228.0,257.0,244.0,239.0,204.0,260.0,209.0,240.0,197.0,259.0,188.0,278.0,185.0,257.0,186.0,243.0,174.0,269.0,168.0,291.0,166.0,255.0,166.0,247.0,159.0,273.0,157.0,293.0,149.0,255.0,150.0,247.0,148.0,266.0,148.0,281.0
A,day1,1787863993.7191126,5,155.0,322.0,187.0,311.0,211.0,282.0,228.0,256.0,245.0,239.0,205.0,259.0,209.0,239.0,197.0,259.0,188.0,277.0,185.0,255.0,186.0,241.0,174.0,268.0,168.0,290.0,167.0,254.0,166.0,245.0,159.0,271.0,158.0,291.0,149.0,255.0,151.0,245.0,148.0,265.0,149.0,279.0
A,day1,1787863993.8355253,6,155.0,320.0,186.0,310.0,210.0,282.0,226.0,256.0,244.0,240.0,205.0,257.0,209.0,240.0,196.0,259.0,187.0,277.0,186.0,253.0,187.0,242.0,174.0,268.0,168.0,289.0,167.0,251.0,166.0,245.0,159.0,272.0,158.0,291.0,150.0,252.0,151.0,244.0,149.0,264.0,150.0,279.0
A,day1,1787863993.944057,7,153.0,320.0,183.0,311.0,208.0,283.0,225.0,257.0,242.0,240.0,205.0,258.0,208.0,241.0,194.0,260.0,185.0,278.0,186.0,254.0,186.0,242.0,173.0,268.0,167.0,288.0,168.0,252.0,166.0,244.0,158.0,271.0,157.0,289.0,150.0,252.0,151.0,244.0,148.0,264.0,149.0,277.0
A,day1,1787863994.0319662,8,151.0,319.0,181.0,311.0,206.0,284.0,221.0,258.0,239.0,242.0,202.0,258.0,204.0,241.0,192.0,260.0,182.0,277.0,184.0,253.0,183.0,242.0,171.0,267.0,164.0,286.0,166.0,251.0,164.0,245.0,156.0,269.0,155.0,287.0,149.0,251.0,149.0,244.0,147.0,262.0,148.0,275.0
A,day1,1787863994.1533666,9,149.0,316.0,178.0,310.0,202.0,284.0,215.0,259.0,231.0,242.0,200.0,255.0,199.0,240.0,184.0,260.0,175.0,277.0,181.0,251.0,176.0,239.0,165.0,265.0,160.0,284.0,164.0,248.0,157.0,242.0,151.0,268.0,152.0,286.0,147.0,248.0,143.0,240.0,142.0,259.0,145.0,272.0
A,day1,1787863994.2731445,10,149.0,315.0,176.0,309.0,199.0,284.0,214.0,258.0,230.0,240.0,199.0,254.0,197.0,238.0,183.0,258.0,174.0,275.0,180.0,249.0,175.0,238.0,162.0,264.0,158.0,282.0,162.0,247.0,156.0,240.0,149.0,266.0,150.0,283.0,145.0,246.0,142.0,238.0,140.0,257.0,143.0,269.0
A,day1,1787863994.3773873,11,149.0,313.0,179.0,305.0,205.0,276.0,220.0,250.0,237.0,235.0,195.0,251.0,200.0,236.0,189.0,257.0,180.0,275.0,176.0,247.0,179.0,238.0,168.0,265.0,163.0,282.0,158.0,246.0,160.0,241.0,153.0,267.0,151.0,283.0,140.0,247.0,145.0,240.0,142.0,261.0,142.0,273.0
A,day1,1787863994.481863,12,148.0,315.0,179.0,302.0,204.0,268.0,220.0,243.0,235.0,225.0,194.0,247.0,204.0,229.0,196.0,252.0,188.0,272.0,173.0,245.0,182.0,232.0,172.0,262.0,166.0,285.0,153.0,245.0,160.0,237.0,155.0,267.0,152.0,287.0,132.0,246.0,141.0,239.0,140.0,261.0,138.0,276.0
A,day1,1787863994.585959,13,146.0,312.0,176.0,295.0,198.0,262.0,213.0,235.0,227.0,214.0,187.0,241.0,198.0,220.0,193.0,242.0,187.0,263.0,168.0,239.0,178.0,226.0,171.0,256.0,166.0,279.0,148.0,240.0,158.0,232.0,153.0,262.0,150.0,282.0,127.0,242.0,138.0,235.0,138.0,256.0,136.0,271.0
A,day1,1787863994.6984448,14,144.0,311.0,174.0,293.0,195.0,258.0,208.0,230.0,220.0,210.0,182.0,239.0,194.0,218.0,188.0,240.0,182.0,260.0,163.0,238.0,174.0,223.0,167.0,252.0,162.0,274.0,143.0,239.0,153.0,230.0,150.0,260.0,147.0,280.0,122.0,242.0,133.0,233.0,134.0,255.0,133.0,270.0
A,day1,1787863994.7926068,15,142.0,313.0,172.0,295.0,193.0,259.0,203.0,231.0,214.0,209.0,179.0,240.0,190.0,217.0,185.0,239.0,180.0,260.0,161.0,240.0,171.0,223.0,165.0,252.0,161.0,275.0,140.0,241.0,150.0,230.0,148.0,260.0,147.0,282.0,119.0,245.0,131.0,235.0,133.0,257.0,132.0,273.0
A,day1,1787863994.9003754,16,141.0,315.0,171.0,295.0,190.0,260.0,199.0,232.0,208.0,210.0,175.0,240.0,186.0,218.0,184.0,240.0,180.0,261.0,157.0,240.0,168.0,225.0,165.0,254.0,162.0,276.0,137.0,242.0,150.0,234.0,148.0,263.0,147.0,284.0,116.0,246.0,130.0,239.0,133.0,261.0,132.0,277.0
A,day1,1787863995.0150087,17,142.0,317.0,170.0,295.0,185.0,258.0,192.0,230.0,200.0,207.0,169.0,237.0,180.0,216.0,179.0,240.0,176.0,261.0,151.0,238.0,164.0,225.0,162.0,254.0,160.0,276.0,132.0,242.0,147.0,235.0,146.0,264.0,145.0,285.0,112.0,247.0,128.0,241.0,131.0,262.0,130.0,277.0
A,day1,1787863995.1361153,18,144.0,317.0,172.0,293.0,186.0,255.0,192.0,226.0,199.0,205.0,168.0,236.0,179.0,215.0,179.0,239.0,176.0,260.0,150.0,238.0,163.0,224.0,161.0,254.0,159.0,277.0,131.0,242.0,146.0,234.0,146.0,264.0,145.0,285.0,110.0,248.0,129.0,241.0,132.0,263.0,131.0,278.0
A,day1,1787863995.2557852,19,153.0,324.0,183.0,300.0,199.0,262.0,206.0,231.0,213.0,207.0,181.0,239.0,192.0,217.0,191.0,243.0,189.0,265.0,162.0,241.0,174.0,226.0,173.0,258.0,170.0,283.0,142.0,245.0,157.0,236.0,156.0,269.0,155.0,292.0,120.0,252.0,137.0,245.0,141.0,268.0,141.0,285.0
A,day1,1787863995.352466,20,155.0,328.0,190.0,307.0,215.0,272.0,231.0,243.0,247.0,220.0,204.0,248.0,215.0,225.0,209.0,247.0,202.0,270.0,183.0,247.0,194.0,230.0,185.0,260.0,179.0,286.0,161.0,248.0,171.0,237.0,166.0,268.0,162.0,292.0,137.0,250.0,149.0,242.0,148.0,266.0,147.0,284.0
A,day1,1787863995.4666245,21,157.0,331.0,197.0,320.0,234.0,291.0,260.0,265.0,285.0,248.0,232.0,264.0,250.0,242.0,235.0,262.0,222.0,283.0,210.0,256.0,224.0,242.0,205.0,271.0,192.0,296.0,187.0,250.0,199.0,243.0,183.0,273.0,173.0,295.0,163.0,246.0,176.0,240.0,167.0,264.0,160.0,281.0
A,day1,1787863995.5862298,22,161.0,331.0,202.0,328.0,245.0,301.0,276.0,280.0,303.0,266.0,247.0,275.0,268.0,256.0,247.0,276.0,229.0,296.0,227.0,264.0,241.0,250.0,216.0,277.0,199.0,298.0,203.0,254.0,217.0,243.0,196.0,272.0,182.0,295.0,178.0,246.0,192.0,237.0,180.0,260.0,171.0,277.0
A,day1,1787863995.6789649,23,163.0,327.0,205.0,328.0,252.0,305.0,285.0,286.0,312.0,273.0,253.0,277.0,276.0,259.0,253.0,278.0,232.0,296.0,234.0,263.0,250.0,251.0,221.0,278.0,201.0,299.0,212.0,251.0,227.0,243.0,203.0,271.0,187.0,292.0,189.0,242.0,203.0,236.0,190.0,259.0,180.0,275.0
A,day1,1787863995.8073525,24,166.0,325.0,208.0,325.0,253.0,304.0,287.0,285.0,314.0,273.0,256.0,275.0,278.0,258.0,255.0,277.0,235.0,294.0,236.0,261.0,253.0,249.0,225.0,275.0,206.0,296.0,215.0,249.0,231.0,240.0,207.0,269.0,191.0,291.0,193.0,240.0,206.0,234.0,193.0,258.0,182.0,274.0
A,day1,1787863995.9128337,25,167.0,323.0,208.0,323.0,254.0,300.0,287.0,282.0,314.0,270.0,255.0,272.0,277.0,255.0,254.0,275.0,233.0,292.0,235.0,258.0,251.0,247.0,223.0,274.0,203.0,295.0,214.0,247.0,228.0,239.0,204.0,268.0,189.0,289.0,193.0,238.0,206.0,233.0,192.0,255.0,181.0,271.0
A,day1,1787863996.0112295,26,162.0,325.0,204.0,322.0,247.0,298.0,279.0,278.0,306.0,265.0,248.0,271.0,267.0,250.0,248.0,270.0,229.0,290.0,227.0,259.0,241.0,245.0,216.0,273.0,198.0,296.0,205.0,249.0,217.0,238.0,195.0,268.0,181.0,291.0,182.0,241.0,194.0,233.0,180.0,256.0,171.0,273.0
A,day1,1787863996.120955,27,154.0,325.0,194.0,316.0,233.0,285.0,261.0,260.0,284.0,241.0,229.0,257.0,248.0,237.0,232.0,259.0,216.0,279.0,208.0,250.0,221.0,237.0,201.0,267.0,186.0,291.0,185.0,244.0,195.0,236.0,179.0,267.0,169.0,290.0,161.0,240.0,172.0,234.0,163.0,257.0,156.0,274.0
A,day1,1787863996.24199,28,147.0,325.0,186.0,306.0,217.0,270.0,237.0,240.0,257.0,218.0,207.0,245.0,219.0,221.0,209.0,243.0,199.0,266.0,184.0,242.0,193.0,226.0,180.0,258.0,172.0,284.0,161.0,241.0,168.0,231.0,159.0,264.0,154.0,288.0,136.0,243.0,145.0,233.0,141.0,258.0,138.0,276.0
A,day1,1787863996.3613405,29,137.0,327.0,170.0,302.0,189.0,262.0,201.0,229.0,214.0,204.0,175.0,240.0,179.0,213.0,173.0,236.0,169.0,260.0,152.0,243.0,154.0,222.0,150.0,255.0,149.0,283.0,129.0,247.0,132.0,231.0,131.0,265.0,134.0,290.0,106.0,254.0,111.0,239.0,114.0,263.0,117.0,282.0
A,day1,1787863996.462681,30,133.0,322.0,164.0,295.0,182.0,255.0,191.0,221.0,203.0,197.0,165.0,237.0,166.0,206.0,162.0,230.0,159.0,253.0,143.0,240.0,143.0,217.0,141.0,249.0,141.0,276.0,121.0,246.0,121.0,226.0,123.0,259.0,127.0,283.0,99.0,255.0,100.0,236.0,106.0,258.0,111.0,277.0
A,day1,1787863996.5636358,31,131.0,316.0,160.0,287.0,173.0,247.0,180.0,214.0,190.0,191.0,158.0,230.0,155.0,201.0,152.0,222.0,152.0,246.0,136.0,235.0,132.0,212.0,133.0,244.0,137.0,271.0,114.0,243.0,111.0,224.0,117.0,257.0,123.0,281.0,93.0,253.0,93.0,235.0,101.0,258.0,107.0,276.0
A,day1,1787863996.682268,32,130.0,322.0,157.0,292.0,167.0,250.0,170.0,217.0,178.0,193.0,148.0,233.0,144.0,205.0,144.0,228.0,146.0,252.0,127.0,241.0,122.0,219.0,126.0,250.0,132.0,276.0,106.0,251.0,102.0,233.0,112.0,264.0,121.0,287.0,86.0,263.0,86.0,246.0,96.0,266.0,104.0,283.0
A,day1,1787863996.783626,33,131.0,328.0,156.0,296.0,163.0,253.0,163.0,220.0,170.0,195.0,142.0,239.0,137.0,211.0,139.0,234.0,143.0,258.0,121.0,247.0,116.0,225.0,122.0,257.0,130.0,283.0,101.0,258.0,98.0,240.0,109.0,271.0,119.0,295.0,82.0,271.0,81.0,255.0,93.0,276.0,102.0,293.0
A,day1,1787863996.911974,34,130.0,330.0,157.0,299.0,166.0,257.0,168.0,222.0,175.0,196.0,148.0,241.0,142.0,213.0,142.0,237.0,145.0,262.0,126.0,248.0,120.0,225.0,124.0,256.0,131.0,282.0,106.0,258.0,102.0,240.0,110.0,271.0,119.0,294.0,86.0,271.0,85.0,255.0,94.0,277.0,102.0,294.0
A,day1,1787863997.0215523,35,137.0,325.0,164.0,297.0,176.0,256.0,179.0,222.0,188.0,197.0,159.0,239.0,157.0,210.0,156.0,234.0,157.0,258.0,138.0,245.0,134.0,223.0,135.0,254.0,139.0,279.0,117.0,254.0,116.0,237.0,121.0,267.0,127.0,289.0,97.0,264.0,99.0,248.0,105.0,268.0,110.0,284.0
A,day1,1787863997.149523,36,145.0,320.0,173.0,294.0,186.0,256.0,193.0,224.0,203.0,201.0,172.0,239.0,173.0,212.0,171.0,234.0,170.0,257.0,152.0,243.0,151.0,222.0,150.0,251.0,152.0,276.0,132.0,249.0,133.0,236.0,136.0,265.0,140.0,286.0,112.0,257.0,116.0,242.0,121.0,263.0,124.0,278.0
A,day1,1787863997.2450333,37,151.0,319.0,180.0,296.0,197.0,260.0,206.0,230.0,218.0,208.0,184.0,242.0,188.0,216.0,183.0,237.0,181.0,258.0,165.0,245.0,164.0,224.0,161.0,252.0,162.0,276.0,145.0,250.0,146.0,235.0,147.0,263.0,150.0,285.0,126.0,256.0,129.0,243.0,132.0,263.0,135.0,279.0
A,day1,1787863997.3445399,38,156.0,317.0,185.0,297.0,205.0,265.0,217.0,236.0,229.0,216.0,195.0,247.0,199.0,222.0,192.0,242.0,188.0,262.0,176.0,248.0,177.0,228.0,171.0,255.0,169.0,278.0,157.0,251.0,159.0,236.0,156.0,263.0,157.0,284.0,138.0,255.0,142.0,242.0,142.0,261.0,144.0,277.0
A,day1,1787863997.457433,39,160.0,314.0,190.0,297.0,211.0,268.0,226.0,241.0,240.0,222.0,204.0,249.0,210.0,226.0,201.0,244.0,194.0,263.0,185.0,249.0,188.0,230.0,179.0,255.0,175.0,277.0,167.0,249.0,170.0,236.0,164.0,262.0,163.0,283.0,148.0,251.0,153.0,240.0,151.0,258.0,150.0,274.0
A,day1,1787863997.5735998,40,169.0,308.0,198.0,297.0,223.0,270.0,240.0,246.0,257.0,231.0,218.0,251.0,227.0,229.0,216.0,246.0,207.0,264.0,201.0,249.0,206.0,231.0,194.0,254.0,188.0,275.0,183.0,248.0,186.0,236.0,178.0,260.0,176.0,279.0,164.0,249.0,170.0,238.0,166.0,256.0,164.0,270.0
A,day1,1787863997.6779342,41,174.0,306.0,204.0,296.0,229.0,271.0,247.0,250.0,264.0,235.0,226.0,253.0,235.0,231.0,224.0,246.0,214.0,262.0,209.0,249.0,215.0,232.0,201.0,254.0,194.0,274.0,191.0,246.0,196.0,235.0,186.0,258.0,181.0,277.0,173.0,245.0,180.0,235.0,174.0,252.0,171.0,266.0
A,day1,1787863997.7928886,42,177.0,304.0,206.0,297.0,233.0,275.0,253.0,254.0,271.0,240.0,231.0,255.0,243.0,234.0,231.0,247.0,221.0,263.0,216.0,250.0,224.0,234.0,209.0,254.0,200.0,273.0,199.0,246.0,206.0,235.0,193.0,258.0,187.0,276.0,182.0,243.0,190.0,234.0,183.0,252.0,178.0,266.0
A,day1,1787863997.9032898,43,179.0,303.0,210.0,296.0,238.0,275.0,258.0,256.0,277.0,244.0,236.0,257.0,248.0,237.0,234.0,250.0,223.0,265.0,220.0,251.0,228.0,235.0,213.0,255.0,203.0,274.0,204.0,247.0,210.0,235.0,197.0,257.0,190.0,275.0,186.0,243.0,194.0,234.0,186.0,251.0,181.0,265.0
A,day1,1787863998.0000243,44,180.0,304.0,210.0,298.0,238.0,275.0,258.0,255.0,275.0,242.0,236.0,255.0,248.0,236.0,236.0,251.0,225.0,267.0,220.0,250.0,229.0,234.0,215.0,255.0,205.0,274.0,203.0,245.0,211.0,233.0,199.0,257.0,191.0,276.0,184.0,242.0,194.0,234.0,187.0,252.0,182.0,265.0
A,day1,1787863998.1218483,45,178.0,306.0,208.0,297.0,234.0,272.0,251.0,249.0,267.0,233.0,229.0,251.0,242.0,231.0,233.0,248.0,223.0,266.0,213.0,247.0,225.0,230.0,213.0,254.0,204.0,274.0,195.0,244.0,206.0,232.0,196.0,257.0,189.0,277.0,176.0,242.0,188.0,233.0,183.0,252.0,178.0,266.0
A,day1,1787863998.2314358,46,175.0,309.0,207.0,295.0,228.0,267.0,242.0,242.0,257.0,224.0,221.0,246.0,236.0,225.0,229.0,244.0,221.0,263.0,206.0,243.0,220.0,227.0,211.0,252.0,203.0,273.0,188.0,242.0,203.0,229.0,195.0,256.0,188.0,275.0,169.0,242.0,184.0,232.0,181.0,252.0,176.0,267.0
A,day1,1787863998.3365338,47,177.0,308.0,207.0,292.0,227.0,262.0,237.0,237.0,247.0,217.0,216.0,238.0,232.0,220.0,228.0,241.0,221.0,260.0,201.0,237.0,218.0,223.0,210.0,251.0,202.0,272.0,184.0,236.0,203.0,229.0,194.0,257.0,187.0,277.0,165.0,237.0,186.0,233.0,182.0,253.0,176.0,267.0
A,day1,1787863998.4405096,48,179.0,312.0,208.0,293.0,226.0,262.0,235.0,236.0,243.0,215.0,213.0,237.0,229.0,220.0,226.0,242.0,220.0,262.0,198.0,236.0,216.0,225.0,210.0,253.0,202.0,275.0,182.0,236.0,202.0,231.0,196.0,259.0,189.0,279.0,164.0,237.0,185.0,235.0,184.0,255.0,179.0,270.0
A,day1,1787863998.5452256,49,180.0,317.0,208.0,295.0,223.0,263.0,231.0,237.0,239.0,215.0,207.0,235.0,227.0,221.0,226.0,245.0,220.0,265.0,193.0,234.0,217.0,226.0,212.0,255.0,204.0,276.0,178.0,235.0,204.0,234.0,197.0,262.0,189.0,281.0,162.0,238.0,188.0,238.0,187.0,258.0,180.0,272.0
A,day1,1787863998.675436,50,178.0,318.0,204.0,295.0,219.0,262.0,227.0,237.0,233.0,214.0,200.0,233.0,223.0,221.0,222.0,246.0,217.0,266.0,187.0,233.0,215.0,224.0,210.0,254.0,204.0,276.0,173.0,234.0,203.0,233.0,197.0,262.0,189.0,281.0,158.0,238.0,188.0,238.0,187.0,258.0,180.0,273.0
A,day1,1787863998.7860298,51,175.0,317.0,203.0,295.0,220.0,262.0,229.0,237.0,236.0,215.0,203.0,233.0,225.0,220.0,222.0,245.0,216.0,265.0,189.0,232.0,215.0,225.0,209.0,255.0,201.0,277.0,174.0,233.0,202.0,233.0,195.0,261.0,187.0,280.0,158.0,237.0,185.0,238.0,184.0,259.0,177.0,272.0
A,day1,1787863998.875926,52,171.0,313.0,203.0,295.0,224.0,264.0,236.0,237.0,247.0,216.0,212.0,237.0,228.0,221.0,224.0,244.0,216.0,264.0,196.0,235.0,213.0,227.0,205.0,256.0,197.0,277.0,178.0,235.0,198.0,234.0,190.0,261.0,183.0,280.0,159.0,236.0,179.0,236.0,178.0,255.0,172.0,269.0
A,day1,1787863998.9823449,53,167.0,309.0,200.0,296.0,227.0,267.0,246.0,243.0,262.0,225.0,220.0,246.0,234.0,225.0,225.0,245.0,215.0,264.0,202.0,243.0,213.0,226.0,202.0,251.0,193.0,273.0,182.0,241.0,193.0,229.0,184.0,256.0,178.0,276.0,162.0,241.0,173.0,231.0,169.0,251.0,165.0,266.0
A,day1,1787863999.0736074,54,167.0,310.0,199.0,298.0,227.0,270.0,248.0,247.0,267.0,231.0,222.0,249.0,233.0,227.0,220.0,245.0,210.0,263.0,204.0,245.0,211.0,228.0,196.0,254.0,188.0,276.0,184.0,243.0,190.0,230.0,179.0,256.0,174.0,277.0,163.0,242.0,171.0,230.0,166.0,251.0,163.0,266.0
A,day1,1787863999.1785696,55,164.0,311.0,197.0,301.0,225.0,275.0,245.0,251.0,266.0,237.0,221.0,252.0,231.0,233.0,217.0,250.0,206.0,267.0,202.0,247.0,209.0,232.0,193.0,257.0,184.0,278.0,183.0,244.0,189.0,232.0,177.0,258.0,172.0,278.0,164.0,243.0,171.0,231.0,166.0,251.0,163.0,265.0
A,day1,1787863999.277615,56,160.0,307.0,192.0,299.0,220.0,273.0,241.0,251.0,261.0,238.0,218.0,251.0,226.0,230.0,212.0,248.0,201.0,265.0,199.0,246.0,203.0,230.0,188.0,255.0,180.0,275.0,181.0,243.0,183.0,231.0,172.0,257.0,169.0,275.0,163.0,241.0,168.0,229.0,162.0,248.0,160.0,262.0
A,day1,1787863999.3793979,57,157.0,301.0,189.0,293.0,217.0,268.0,238.0,246.0,257.0,234.0,214.0,246.0,222.0,227.0,208.0,244.0,197.0,260.0,196.0,240.0,200.0,225.0,185.0,249.0,177.0,268.0,178.0,237.0,181.0,226.0,170.0,251.0,165.0,269.0,161.0,235.0,166.0,224.0,160.0,243.0,158.0,257.0
B,day1,1787864060.91372,0,185.0,358.0,208.0,347.0,223.0,324.0,212.0,299.0,196.0,285.0,232.0,287.0,239.0,257.0,242.0,238.0,244.0,221.0,216.0,279.0,225.0,247.0,230.0,227.0,234.0,209.0,199.0,279.0,207.0,249.0,213.0,231.0,218.0,215.0,181.0,285.0,188.0,261.0,194.0,246.0,199.0,231.0
B,day1,1787864061.0346155,1,185.0,358.0,209.0,348.0,223.0,325.0,212.0,301.0,197.0,286.0,232.0,287.0,240.0,258.0,243.0,239.0,244.0,222.0,216.0,279.0,226.0,248.0,231.0,227.0,235.0,209.0,200.0,280.0,208.0,250.0,214.0,231.0,219.0,215.0,182.0,285.0,189.0,261.0,195.0,246.0,200.0,231.0
B,day1,1787864061.141072,2,186.0,359.0,209.0,348.0,224.0,325.0,212.0,301.0,197.0,286.0,232.0,287.0,240.0,258.0,243.0,240.0,246.0,222.0,216.0,279.0,226.0,247.0,231.0,227.0,236.0,209.0,200.0,280.0,208.0,250.0,214.0,231.0,219.0,215.0,182.0,286.0,189.0,261.0,195.0,246.0,201.0,231.0
B,day1,1787864061.2490208,3,183.0,361.0,207.0,350.0,221.0,326.0,211.0,301.0,195.0,287.0,229.0,286.0,236.0,256.0,239.0,237.0,240.0,220.0,213.0,279.0,221.0,246.0,226.0,226.0,230.0,207.0,196.0,279.0,204.0,249.0,210.0,230.0,214.0,213.0,177.0,285.0,184.0,261.0,190.0,245.0,196.0,229.0
B,day1,1787864061.3682163,4,178.0,362.0,201.0,348.0,214.0,321.0,199.0,296.0,180.0,284.0,218.0,280.0,223.0,250.0,224.0,232.0,224.0,215.0,201.0,275.0,207.0,243.0,209.0,222.0,211.0,204.0,185.0,277.0,190.0,247.0,194.0,228.0,197.0,212.0,168.0,285.0,172.0,260.0,176.0,244.0,181.0,229.0
B,day1,1787864061.483537,5,175.0,361.0,198.0,345.0,211.0,317.0,196.0,292.0,177.0,282.0,212.0,279.0,216.0,248.0,216.0,230.0,214.0,213.0,195.0,274.0,201.0,241.0,202.0,221.0,202.0,202.0,179.0,277.0,183.0,247.0,186.0,228.0,188.0,211.0,163.0,286.0,166.0,260.0,169.0,244.0,172.0,229.0
B,day1,1787864061.5808458,6,171.0,360.0,194.0,341.0,206.0,311.0,188.0,288.0,167.0,281.0,204.0,278.0,207.0,248.0,206.0,230.0,204.0,212.0,187.0,274.0,191.0,241.0,191.0,220.0,191.0,202.0,171.0,277.0,173.0,247.0,175.0,228.0,176.0,212.0,154.0,286.0,156.0,261.0,159.0,245.0,161.0,229.0
B,day1,1787864061.6890514,7,165.0,361.0,187.0,342.0,196.0,313.0,179.0,291.0,160.0,282.0,196.0,278.0,198.0,248.0,196.0,229.0,194.0,212.0,179.0,274.0,182.0,241.0,181.0,221.0,180.0,202.0,163.0,278.0,164.0,248.0,165.0,229.0,166.0,213.0,147.0,287.0,147.0,262.0,149.0,245.0,151.0,230.0
B,day1,1787864061.8197894,8,164.0,361.0,186.0,343.0,194.0,314.0,177.0,292.0,158.0,283.0,193.0,278.0,194.0,248.0,192.0,229.0,190.0,212.0,176.0,275.0,177.0,241.0,176.0,220.0,175.0,202.0,160.0,279.0,159.0,248.0,161.0,229.0,161.0,213.0,144.0,288.0,144.0,263.0,145.0,247.0,146.0,232.0
B,day1,1787864061.9515498,9,164.0,363.0,187.0,346.0,195.0,317.0,179.0,295.0,160.0,286.0,196.0,280.0,197.0,250.0,196.0,231.0,194.0,214.0,178.0,276.0,180.0,243.0,180.0,222.0,180.0,204.0,162.0,280.0,162.0,249.0,163.0,230.0,163.0,214.0,145.0,289.0,146.0,264.0,147.0,247.0,148.0,232.0
B,day1,1787864062.072935,10,161.0,364.0,186.0,354.0,205.0,329.0,197.0,304.0,179.0,291.0,211.0,289.0,221.0,259.0,225.0,240.0,226.0,222.0,196.0,281.0,206.0,248.0,212.0,226.0,215.0,207.0,179.0,282.0,188.0,250.0,194.0,231.0,198.0,213.0,160.0,289.0,168.0,263.0,174.0,246.0,179.0,230.0
B,day1,1787864062.1747115,11,159.0,365.0,185.0,357.0,205.0,332.0,199.0,306.0,183.0,291.0,212.0,290.0,223.0,259.0,226.0,239.0,228.0,221.0,197.0,282.0,209.0,249.0,214.0,226.0,217.0,207.0,180.0,284.0,189.0,251.0,196.0,231.0,200.0,212.0,161.0,291.0,170.0,265.0,177.0,248.0,182.0,232.0
B,day1,1787864062.2842734,12,156.0,367.0,183.0,358.0,204.0,333.0,197.0,307.0,181.0,294.0,209.0,289.0,219.0,259.0,223.0,240.0,224.0,222.0,194.0,282.0,205.0,249.0,211.0,227.0,214.0,207.0,178.0,283.0,188.0,251.0,194.0,231.0,198.0,212.0,160.0,291.0,168.0,266.0,175.0,249.0,180.0,232.0
B,day1,1787864062.413194,13,154.0,368.0,182.0,358.0,202.0,332.0,190.0,306.0,171.0,295.0,206.0,288.0,216.0,258.0,219.0,238.0,220.0,220.0,190.0,282.0,201.0,249.0,206.0,226.0,209.0,206.0,173.0,284.0,182.0,252.0,189.0,231.0,192.0,213.0,155.0,291.0,163.0,266.0,169.0,249.0,174.0,233.0
B,day1,1787864062.517905,14,152.0,368.0,179.0,359.0,198.0,334.0,188.0,308.0,170.0,294.0,206.0,292.0,217.0,262.0,221.0,242.0,224.0,224.0,190.0,284.0,202.0,250.0,208.0,228.0,213.0,209.0,173.0,285.0,182.0,252.0,190.0,232.0,195.0,214.0,153.0,291.0,162.0,266.0,169.0,249.0,175.0,233.0
B,day1,1787864062.6304038,15,151.0,368.0,177.0,359.0,197.0,334.0,188.0,307.0,171.0,293.0,207.0,294.0,219.0,264.0,223.0,245.0,227.0,227.0,191.0,285.0,204.0,252.0,212.0,230.0,218.0,210.0,174.0,285.0,185.0,253.0,193.0,233.0,199.0,214.0,154.0,290.0,163.0,265.0,170.0,248.0,178.0,232.0
B,day1,1787864062.7514565,16,150.0,367.0,176.0,357.0,194.0,332.0,181.0,305.0,162.0,291.0,204.0,293.0,214.0,263.0,219.0,243.0,222.0,224.0,188.0,284.0,200.0,250.0,207.0,228.0,213.0,208.0,170.0,283.0,180.0,251.0,188.0,231.0,195.0,213.0,150.0,288.0,158.0,262.0,165.0,245.0,173.0,229.0
B,day1,1787864062.8667135,17,151.0,366.0,175.0,356.0,191.0,331.0,178.0,304.0,159.0,290.0,200.0,290.0,208.0,258.0,211.0,237.0,213.0,218.0,183.0,281.0,193.0,247.0,198.0,223.0,204.0,202.0,165.0,281.0,173.0,249.0,181.0,228.0,187.0,209.0,145.0,287.0,152.0,261.0,159.0,244.0,166.0,228.0
B,day1,1787864062.9682176,18,150.0,367.0,176.0,355.0,191.0,329.0,175.0,303.0,156.0,289.0,198.0,288.0,206.0,256.0,209.0,235.0,210.0,215.0,180.0,280.0,189.0,244.0,194.0,221.0,199.0,200.0,162.0,280.0,169.0,247.0,175.0,225.0,181.0,206.0,142.0,287.0,148.0,259.0,154.0,242.0,160.0,225.0
B,day1,1787864063.0624652,19,147.0,369.0,173.0,356.0,189.0,329.0,173.0,302.0,152.0,289.0,196.0,286.0,203.0,252.0,205.0,231.0,206.0,211.0,176.0,278.0,185.0,241.0,190.0,217.0,193.0,196.0,158.0,279.0,164.0,245.0,171.0,222.0,176.0,203.0,137.0,287.0,143.0,258.0,149.0,240.0,155.0,223.0
B,day1,1787864063.1797795,20,142.0,373.0,169.0,358.0,185.0,330.0,170.0,304.0,150.0,292.0,189.0,285.0,195.0,250.0,197.0,227.0,197.0,207.0,169.0,278.0,177.0,239.0,181.0,214.0,184.0,191.0,149.0,280.0,155.0,244.0,161.0,221.0,166.0,200.0,128.0,289.0,132.0,259.0,138.0,240.0,144.0,221.0
B,day1,1787864063.283088,21,139.0,376.0,167.0,360.0,182.0,330.0,165.0,303.0,143.0,291.0,187.0,285.0,192.0,249.0,193.0,226.0,193.0,205.0,166.0,278.0,173.0,238.0,176.0,213.0,179.0,189.0,145.0,280.0,151.0,243.0,156.0,219.0,161.0,197.0,123.0,289.0,128.0,259.0,133.0,239.0,139.0,220.0
B,day1,1787864063.3996904,22,137.0,380.0,165.0,364.0,180.0,334.0,162.0,307.0,139.0,294.0,185.0,286.0,190.0,249.0,191.0,225.0,190.0,203.0,163.0,278.0,170.0,237.0,173.0,210.0,176.0,186.0,142.0,281.0,147.0,243.0,152.0,218.0,157.0,196.0,119.0,291.0,124.0,260.0,129.0,239.0,134.0,220.0
B,day1,1787864063.4976473,23,136.0,385.0,164.0,368.0,180.0,337.0,162.0,309.0,141.0,294.0,183.0,287.0,189.0,249.0,189.0,225.0,188.0,203.0,161.0,280.0,168.0,237.0,171.0,210.0,173.0,186.0,139.0,284.0,144.0,244.0,150.0,219.0,154.0,196.0,117.0,294.0,121.0,262.0,125.0,241.0,131.0,220.0
B,day1,1787864063.6383886,24,136.0,393.0,165.0,377.0,181.0,344.0,162.0,315.0,140.0,299.0,184.0,293.0,189.0,253.0,189.0,228.0,188.0,205.0,161.0,285.0,167.0,241.0,170.0,213.0,173.0,188.0,139.0,289.0,143.0,248.0,148.0,222.0,152.0,199.0,116.0,300.0,120.0,266.0,124.0,245.0,129.0,224.0
B,day1,1787864063.7497494,25,138.0,388.0,167.0,371.0,182.0,341.0,170.0,313.0,154.0,295.0,186.0,288.0,190.0,250.0,191.0,225.0,191.0,203.0,164.0,281.0,169.0,238.0,172.0,210.0,175.0,185.0,142.0,284.0,147.0,244.0,151.0,218.0,155.0,196.0,119.0,295.0,123.0,262.0,127.0,241.0,132.0,220.0
B,day1,1787864063.8853073,26,144.0,376.0,171.0,359.0,186.0,327.0,169.0,300.0,147.0,286.0,190.0,280.0,195.0,243.0,196.0,219.0,195.0,197.0,169.0,272.0,175.0,231.0,178.0,205.0,180.0,181.0,149.0,275.0,153.0,237.0,157.0,212.0,160.0,191.0,127.0,286.0,131.0,254.0,135.0,234.0,139.0,214.0
B,day1,1787864064.0112517,27,149.0,365.0,175.0,349.0,190.0,319.0,176.0,292.0,158.0,277.0,193.0,271.0,197.0,236.0,197.0,214.0,196.0,194.0,172.0,265.0,178.0,226.0,179.0,201.0,181.0,179.0,153.0,268.0,156.0,232.0,159.0,209.0,161.0,188.0,133.0,279.0,136.0,248.0,139.0,229.0,142.0,210.0
B,day1,1787864064.1085773,28,151.0,359.0,176.0,343.0,190.0,313.0,174.0,287.0,154.0,274.0,193.0,268.0,197.0,234.0,196.0,212.0,194.0,192.0,173.0,262.0,178.0,224.0,180.0,200.0,181.0,178.0,154.0,265.0,157.0,229.0,160.0,207.0,162.0,187.0,134.0,275.0,137.0,246.0,140.0,227.0,144.0,209.0
B,day1,1787864064.2051945,29,151.0,356.0,176.0,339.0,191.0,308.0,174.0,282.0,153.0,269.0,192.0,266.0,195.0,232.0,193.0,211.0,190.0,192.0,172.0,260.0,176.0,223.0,177.0,199.0,177.0,178.0,154.0,264.0,156.0,229.0,159.0,207.0,160.0,188.0,134.0,274.0,137.0,245.0,140.0,226.0,143.0,208.0
B,day1,1787864064.3325846,30,152.0,353.0,176.0,336.0,190.0,307.0,175.0,281.0,155.0,268.0,191.0,265.0,193.0,232.0,191.0,211.0,189.0,192.0,172.0,260.0,175.0,223.0,175.0,200.0,175.0,179.0,154.0,263.0,155.0,229.0,158.0,208.0,159.0,189.0,135.0,273.0,137.0,245.0,139.0,226.0,142.0,209.0
B,day1,1787864064.4391158,31,153.0,353.0,177.0,337.0,190.0,305.0,175.0,279.0,155.0,267.0,191.0,264.0,193.0,232.0,191.0,212.0,188.0,194.0,172.0,259.0,175.0,223.0,175.0,200.0,175.0,180.0,154.0,263.0,156.0,229.0,158.0,208.0,158.0,191.0,136.0,273.0,138.0,245.0,140.0,227.0,142.0,210.0
B,day1,1787864064.5497665,32,155.0,352.0,177.0,335.0,189.0,304.0,174.0,280.0,155.0,268.0,187.0,264.0,188.0,234.0,185.0,215.0,181.0,198.0,169.0,261.0,171.0,227.0,170.0,205.0,168.0,186.0,153.0,265.0,153.0,233.0,153.0,214.0,152.0,197.0,136.0,275.0,136.0,249.0,137.0,232.0,138.0,216.0
B,day1,1787864064.672318,33,155.0,354.0,177.0,336.0,189.0,305.0,174.0,281.0,154.0,270.0,183.0,265.0,183.0,235.0,179.0,217.0,174.0,200.0,166.0,262.0,166.0,229.0,163.0,207.0,160.0,188.0,150.0,267.0,149.0,236.0,148.0,216.0,145.0,200.0,134.0,278.0,133.0,253.0,133.0,236.0,133.0,220.0
B,day1,1787864064.7804534,34,155.0,356.0,176.0,335.0,185.0,302.0,165.0,279.0,143.0,274.0,176.0,265.0,174.0,234.0,168.0,216.0,160.0,201.0,158.0,263.0,155.0,230.0,151.0,209.0,145.0,191.0,142.0,269.0,138.0,238.0,136.0,219.0,132.0,203.0,126.0,281.0,123.0,255.0,123.0,238.0,121.0,222.0
B,day1,1787864064.9016342,35,154.0,355.0,174.0,335.0,182.0,302.0,161.0,281.0,138.0,275.0,174.0,266.0,170.0,236.0,164.0,218.0,156.0,202.0,155.0,264.0,152.0,231.0,147.0,210.0,141.0,192.0,140.0,271.0,135.0,240.0,132.0,220.0,127.0,203.0,124.0,283.0,120.0,256.0,119.0,240.0,116.0,224.0
B,day1,1787864065.0076683,36,157.0,359.0,178.0,339.0,188.0,307.0,167.0,284.0,145.0,279.0,181.0,270.0,179.0,239.0,173.0,220.0,165.0,203.0,163.0,267.0,161.0,233.0,156.0,212.0,150.0,194.0,146.0,273.0,143.0,242.0,140.0,222.0,136.0,206.0,130.0,285.0,127.0,259.0,126.0,242.0,124.0,226.0
B,day1,1787864065.100306,37,158.0,360.0,181.0,342.0,193.0,310.0,174.0,286.0,151.0,280.0,192.0,274.0,194.0,243.0,191.0,223.0,187.0,205.0,174.0,270.0,176.0,235.0,176.0,213.0,174.0,194.0,157.0,273.0,158.0,240.0,159.0,220.0,159.0,203.0,139.0,283.0,140.0,256.0,142.0,238.0,143.0,222.0
B,day1,1787864065.2011616,38,158.0,359.0,181.0,344.0,195.0,316.0,180.0,290.0,160.0,278.0,199.0,277.0,204.0,246.0,204.0,225.0,203.0,207.0,182.0,271.0,188.0,236.0,190.0,214.0,192.0,195.0,165.0,273.0,169.0,240.0,173.0,220.0,176.0,203.0,146.0,281.0,150.0,254.0,154.0,237.0,158.0,221.0
B,day1,1787864065.2977743,39,156.0,358.0,181.0,345.0,197.0,319.0,184.0,292.0,166.0,279.0,204.0,282.0,210.0,251.0,212.0,230.0,213.0,212.0,187.0,274.0,196.0,240.0,200.0,218.0,204.0,199.0,170.0,275.0,177.0,242.0,184.0,222.0,189.0,205.0,151.0,280.0,157.0,254.0,163.0,237.0,169.0,222.0
B,day1,1787864065.4118493,40,158.0,360.0,183.0,349.0,199.0,324.0,187.0,297.0,171.0,281.0,207.0,287.0,216.0,256.0,219.0,236.0,221.0,217.0,191.0,278.0,202.0,245.0,208.0,223.0,214.0,204.0,175.0,278.0,184.0,246.0,192.0,226.0,198.0,209.0,157.0,283.0,164.0,257.0,170.0,240.0,177.0,225.0
B,day1,1787864065.5184069,41,158.0,362.0,182.0,353.0,198.0,330.0,187.0,303.0,172.0,287.0,213.0,293.0,223.0,263.0,227.0,243.0,230.0,225.0,197.0,282.0,210.0,250.0,217.0,228.0,224.0,209.0,181.0,280.0,192.0,249.0,201.0,230.0,209.0,213.0,162.0,284.0,171.0,258.0,179.0,243.0,187.0,228.0
B,day1,1787864065.6296408,42,158.0,363.0,184.0,353.0,201.0,328.0,191.0,300.0,173.0,285.0,214.0,291.0,225.0,262.0,230.0,243.0,233.0,225.0,199.0,281.0,212.0,249.0,219.0,228.0,226.0,210.0,182.0,279.0,193.0,249.0,202.0,230.0,210.0,213.0,163.0,284.0,172.0,259.0,180.0,243.0,188.0,228.0
B,day1,1787864065.7326841,43,162.0,361.0,187.0,351.0,205.0,327.0,200.0,302.0,187.0,288.0,213.0,286.0,222.0,256.0,224.0,237.0,225.0,219.0,197.0,279.0,207.0,246.0,212.0,224.0,215.0,204.0,181.0,280.0,189.0,248.0,194.0,228.0,199.0,210.0,162.0,286.0,170.0,261.0,175.0,245.0,181.0,229.0
B,day1,1787864065.8308032,44,163.0,360.0,188.0,349.0,207.0,325.0,199.0,300.0,182.0,287.0,210.0,282.0,216.0,252.0,218.0,232.0,217.0,214.0,193.0,277.0,201.0,243.0,203.0,221.0,204.0,201.0,177.0,279.0,183.0,248.0,187.0,228.0,188.0,210.0,160.0,288.0,165.0,263.0,170.0,247.0,174.0,231.0
B,day1,1787864065.9545398,45,162.0,358.0,188.0,345.0,205.0,319.0,193.0,296.0,176.0,285.0,201.0,277.0,205.0,247.0,204.0,228.0,202.0,211.0,186.0,273.0,190.0,240.0,191.0,218.0,190.0,199.0,171.0,277.0,175.0,246.0,176.0,226.0,175.0,208.0,155.0,287.0,159.0,262.0,162.0,245.0,163.0,229.0
B,day1,1787864066.0526824,46,165.0,359.0,190.0,345.0,207.0,318.0,195.0,296.0,177.0,288.0,202.0,277.0,206.0,247.0,204.0,229.0,201.0,211.0,187.0,274.0,191.0,241.0,191.0,219.0,189.0,200.0,174.0,278.0,176.0,247.0,176.0,228.0,174.0,210.0,159.0,288.0,162.0,263.0,164.0,246.0,164.0,230.0
B,day1,1787864066.1643167,47,170.0,357.0,194.0,343.0,211.0,316.0,199.0,295.0,180.0,290.0,204.0,276.0,207.0,246.0,205.0,228.0,202.0,211.0,190.0,273.0,192.0,241.0,192.0,219.0,189.0,199.0,177.0,277.0,179.0,247.0,178.0,227.0,175.0,210.0,164.0,287.0,167.0,262.0,168.0,245.0,168.0,229.0
B,day1,1787864066.2790072,48,172.0,355.0,196.0,342.0,213.0,312.0,205.0,291.0,186.0,288.0,203.0,272.0,205.0,244.0,204.0,226.0,200.0,209.0,190.0,271.0,192.0,239.0,191.0,217.0,187.0,197.0,178.0,277.0,179.0,247.0,178.0,226.0,174.0,208.0,166.0,289.0,169.0,264.0,170.0,247.0,170.0,231.0
B,day1,1787864066.3707163,49,172.0,356.0,197.0,342.0,213.0,313.0,201.0,289.0,183.0,282.0,209.0,274.0,213.0,245.0,212.0,227.0,209.0,210.0,194.0,271.0,198.0,239.0,198.0,217.0,196.0,198.0,180.0,274.0,183.0,244.0,184.0,225.0,183.0,207.0,165.0,284.0,168.0,259.0,171.0,242.0,172.0,226.0
B,day1,1787864066.4631894,50,171.0,358.0,196.0,345.0,213.0,317.0,202.0,293.0,185.0,281.0,215.0,278.0,221.0,248.0,222.0,230.0,220.0,212.0,199.0,272.0,205.0,239.0,207.0,218.0,208.0,199.0,183.0,275.0,188.0,243.0,191.0,223.0,193.0,206.0,166.0,283.0,170.0,257.0,175.0,240.0,178.0,224.0
B,day1,1787864066.586987,51,168.0,357.0,194.0,345.0,211.0,317.0,197.0,292.0,177.0,283.0,216.0,278.0,222.0,247.0,223.0,228.0,222.0,210.0,199.0,271.0,206.0,238.0,209.0,216.0,212.0,197.0,182.0,273.0,188.0,241.0,193.0,221.0,196.0,203.0,163.0,279.0,169.0,254.0,174.0,237.0,179.0,221.0
B,day1,1787864066.7202716,52,164.0,357.0,190.0,342.0,207.0,314.0,193.0,287.0,172.0,276.0,213.0,277.0,220.0,246.0,222.0,226.0,222.0,208.0,195.0,270.0,204.0,236.0,208.0,214.0,211.0,195.0,178.0,271.0,185.0,239.0,191.0,219.0,195.0,202.0,160.0,277.0,166.0,251.0,171.0,234.0,176.0,218.0
B,day1,1787864066.8122091,53,160.0,359.0,186.0,342.0,201.0,311.0,184.0,284.0,163.0,273.0,207.0,275.0,214.0,244.0,216.0,223.0,217.0,205.0,189.0,268.0,198.0,234.0,202.0,212.0,206.0,192.0,171.0,269.0,179.0,236.0,185.0,216.0,190.0,199.0,152.0,276.0,159.0,248.0,165.0,231.0,171.0,215.0
C,day1,1787864123.2314286,0,167.0,350.0,200.0,347.0,231.0,336.0,252.0,327.0,264.0,314.0,225.0,279.0,242.0,253.0,256.0,242.0,270.0,237.0,214.0,273.0,232.0,244.0,248.0,235.0,264.0,234.0,201.0,272.0,219.0,243.0,235.0,233.0,252.0,232.0,186.0,274.0,201.0,252.0,216.0,241.0,231.0,235.0
C,day1,1787864123.3517878,1,170.0,346.0,203.0,344.0,233.0,333.0,254.0,324.0,267.0,311.0,227.0,276.0,244.0,250.0,258.0,240.0,273.0,234.0,216.0,271.0,235.0,242.0,252.0,233.0,268.0,232.0,204.0,270.0,222.0,240.0,240.0,230.0,257.0,228.0,190.0,273.0,206.0,250.0,221.0,238.0,236.0,232.0
C,day1,1787864123.473512,2,174.0,344.0,207.0,342.0,238.0,330.0,259.0,322.0,272.0,309.0,230.0,275.0,247.0,250.0,261.0,239.0,276.0,234.0,220.0,269.0,238.0,241.0,254.0,232.0,271.0,230.0,208.0,268.0,225.0,239.0,242.0,229.0,260.0,227.0,196.0,270.0,211.0,248.0,225.0,236.0,240.0,231.0
C,day1,1787864123.59192,3,182.0,343.0,214.0,341.0,245.0,328.0,266.0,320.0,281.0,308.0,236.0,274.0,252.0,247.0,267.0,237.0,283.0,234.0,227.0,269.0,243.0,238.0,262.0,230.0,279.0,230.0,216.0,269.0,232.0,238.0,251.0,228.0,269.0,228.0,206.0,272.0,220.0,247.0,235.0,236.0,250.0,233.0
C,day1,1787864123.7170193,4,187.0,343.0,220.0,338.0,249.0,323.0,269.0,315.0,285.0,304.0,237.0,273.0,251.0,245.0,267.0,235.0,282.0,231.0,229.0,268.0,243.0,234.0,264.0,225.0,281.0,227.0,221.0,268.0,235.0,234.0,256.0,225.0,275.0,227.0,214.0,271.0,228.0,245.0,245.0,235.0,261.0,232.0
C,day1,1787864123.8224561,5,187.0,345.0,223.0,338.0,250.0,320.0,270.0,311.0,286.0,302.0,232.0,269.0,247.0,243.0,264.0,233.0,280.0,229.0,224.0,266.0,240.0,233.0,263.0,224.0,281.0,226.0,218.0,267.0,235.0,234.0,259.0,226.0,278.0,227.0,215.0,273.0,232.0,247.0,250.0,236.0,267.0,232.0
C,day1,1787864123.9380598,6,189.0,347.0,224.0,338.0,250.0,319.0,269.0,309.0,284.0,299.0,227.0,268.0,244.0,242.0,262.0,231.0,277.0,226.0,219.0,265.0,238.0,232.0,260.0,223.0,278.0,223.0,213.0,268.0,234.0,234.0,256.0,224.0,275.0,222.0,212.0,275.0,232.0,249.0,249.0,237.0,265.0,230.0
C,day1,1787864124.062289,7,190.0,345.0,224.0,333.0,248.0,313.0,267.0,302.0,281.0,294.0,214.0,264.0,233.0,237.0,254.0,225.0,271.0,221.0,207.0,264.0,231.0,228.0,256.0,218.0,274.0,219.0,207.0,267.0,230.0,232.0,255.0,221.0,273.0,220.0,212.0,275.0,233.0,248.0,250.0,235.0,265.0,228.0
C,day1,1787864124.1631784,8,187.0,344.0,222.0,329.0,247.0,306.0,267.0,295.0,280.0,288.0,204.0,263.0,227.0,232.0,249.0,221.0,270.0,218.0,202.0,265.0,232.0,224.0,256.0,216.0,275.0,219.0,204.0,269.0,229.0,232.0,254.0,220.0,273.0,219.0,214.0,278.0,234.0,249.0,251.0,236.0,265.0,229.0
C,day1,1787864124.2642217,9,185.0,345.0,220.0,328.0,244.0,304.0,262.0,292.0,274.0,286.0,199.0,262.0,224.0,229.0,247.0,219.0,269.0,217.0,198.0,266.0,230.0,222.0,254.0,214.0,274.0,218.0,202.0,271.0,227.0,230.0,252.0,218.0,271.0,217.0,214.0,280.0,234.0,249.0,250.0,235.0,265.0,228.0
C,day1,1787864124.3575919,10,182.0,345.0,217.0,327.0,240.0,302.0,257.0,290.0,270.0,283.0,196.0,263.0,221.0,228.0,245.0,218.0,267.0,216.0,196.0,267.0,227.0,222.0,252.0,213.0,272.0,217.0,201.0,272.0,225.0,229.0,250.0,217.0,269.0,215.0,214.0,280.0,233.0,249.0,249.0,234.0,264.0,227.0
C,day1,1787864124.4555614,11,180.0,339.0,211.0,318.0,226.0,297.0,241.0,287.0,260.0,279.0,194.0,257.0,220.0,227.0,242.0,220.0,259.0,220.0,194.0,261.0,225.0,223.0,250.0,215.0,268.0,215.0,201.0,269.0,229.0,231.0,251.0,222.0,268.0,220.0,215.0,280.0,233.0,252.0,247.0,238.0,260.0,229.0
C,day1,1787864124.5628405,12,168.0,338.0,193.0,313.0,210.0,290.0,232.0,280.0,252.0,274.0,183.0,257.0,212.0,227.0,236.0,220.0,254.0,218.0,185.0,261.0,218.0,224.0,243.0,216.0,262.0,214.0,194.0,271.0,225.0,233.0,248.0,225.0,265.0,222.0,209.0,285.0,231.0,256.0,246.0,243.0,258.0,234.0
C,day1,1787864124.6447926,13,159.0,334.0,179.0,306.0,201.0,283.0,226.0,277.0,248.0,274.0,181.0,254.0,218.0,230.0,242.0,225.0,260.0,227.0,185.0,261.0,222.0,227.0,249.0,221.0,266.0,222.0,193.0,275.0,227.0,238.0,250.0,235.0,266.0,234.0,206.0,294.0,229.0,269.0,241.0,266.0,248.0,265.0
C,day1,1787864124.7493107,14,149.0,333.0,159.0,299.0,177.0,274.0,197.0,265.0,215.0,262.0,179.0,253.0,217.0,230.0,243.0,227.0,261.0,228.0,187.0,261.0,225.0,229.0,253.0,225.0,271.0,226.0,196.0,275.0,231.0,244.0,257.0,239.0,274.0,238.0,207.0,296.0,236.0,270.0,254.0,259.0,268.0,250.0
C,day1,1787864124.8777056,15,144.0,332.0,156.0,295.0,174.0,270.0,195.0,259.0,213.0,257.0,177.0,250.0,217.0,230.0,242.0,227.0,260.0,228.0,185.0,260.0,225.0,231.0,252.0,227.0,269.0,228.0,194.0,276.0,231.0,245.0,256.0,241.0,273.0,239.0,205.0,297.0,234.0,270.0,252.0,258.0,267.0,250.0
C,day1,1787864124.9899333,16,144.0,333.0,164.0,304.0,192.0,281.0,222.0,274.0,246.0,272.0,178.0,252.0,219.0,232.0,244.0,228.0,263.0,228.0,180.0,261.0,224.0,234.0,252.0,231.0,271.0,232.0,185.0,278.0,225.0,249.0,251.0,245.0,269.0,244.0,195.0,299.0,224.0,276.0,240.0,270.0,251.0,268.0
C,day1,1787864125.0966346,17,149.0,334.0,187.0,316.0,210.0,296.0,231.0,288.0,251.0,283.0,179.0,252.0,212.0,226.0,237.0,224.0,257.0,227.0,177.0,258.0,218.0,226.0,245.0,224.0,265.0,228.0,180.0,270.0,215.0,239.0,242.0,235.0,262.0,235.0,190.0,287.0,212.0,263.0,230.0,251.0,245.0,243.0
C,day1,1787864125.1937454,18,151.0,336.0,192.0,320.0,218.0,301.0,240.0,292.0,258.0,288.0,182.0,255.0,211.0,231.0,236.0,225.0,257.0,225.0,178.0,257.0,216.0,223.0,243.0,218.0,263.0,222.0,179.0,265.0,212.0,233.0,239.0,226.0,258.0,228.0,187.0,277.0,212.0,253.0,231.0,242.0,249.0,237.0
C,day1,1787864125.3110707,19,164.0,337.0,200.0,329.0,230.0,316.0,250.0,309.0,267.0,300.0,214.0,264.0,232.0,237.0,249.0,229.0,265.0,227.0,205.0,261.0,225.0,229.0,247.0,222.0,265.0,225.0,197.0,263.0,218.0,231.0,241.0,224.0,261.0,224.0,192.0,270.0,212.0,246.0,230.0,235.0,245.0,231.0
C,day1,1787864125.4399867,20,171.0,338.0,207.0,333.0,236.0,320.0,256.0,314.0,272.0,305.0,225.0,269.0,240.0,243.0,256.0,234.0,271.0,230.0,216.0,265.0,232.0,234.0,253.0,226.0,272.0,227.0,208.0,266.0,225.0,234.0,246.0,226.0,266.0,226.0,201.0,270.0,219.0,246.0,236.0,235.0,253.0,231.0
C,day1,1787864125.555096,21,177.0,339.0,210.0,336.0,239.0,323.0,259.0,317.0,276.0,308.0,230.0,272.0,245.0,246.0,262.0,236.0,277.0,233.0,221.0,267.0,238.0,235.0,258.0,227.0,276.0,228.0,212.0,268.0,229.0,235.0,250.0,227.0,270.0,228.0,204.0,272.0,220.0,249.0,238.0,239.0,254.0,236.0
C,day1,1787864125.6767821,22,179.0,338.0,210.0,337.0,239.0,324.0,259.0,318.0,275.0,309.0,233.0,272.0,249.0,246.0,265.0,237.0,280.0,235.0,224.0,267.0,242.0,236.0,261.0,228.0,278.0,230.0,215.0,267.0,231.0,235.0,252.0,227.0,270.0,229.0,205.0,272.0,221.0,248.0,238.0,237.0,254.0,235.0
C,day1,1787864125.7988615,23,178.0,337.0,208.0,337.0,237.0,327.0,257.0,320.0,271.0,309.0,236.0,273.0,253.0,249.0,268.0,240.0,283.0,236.0,226.0,268.0,246.0,239.0,263.0,231.0,280.0,232.0,216.0,266.0,235.0,237.0,253.0,229.0,270.0,229.0,203.0,268.0,220.0,246.0,236.0,236.0,252.0,233.0
C,day1,1787864125.8973658,24,174.0,336.0,205.0,337.0,234.0,327.0,254.0,319.0,265.0,306.0,235.0,273.0,252.0,248.0,267.0,238.0,280.0,235.0,224.0,267.0,245.0,239.0,261.0,230.0,276.0,231.0,212.0,264.0,232.0,237.0,250.0,228.0,266.0,228.0,198.0,266.0,214.0,245.0,230.0,234.0,245.0,230.0
C,day1,1787864125.9944024,25,171.0,336.0,201.0,337.0,230.0,328.0,249.0,319.0,258.0,303.0,231.0,274.0,249.0,249.0,262.0,239.0,275.0,234.0,221.0,266.0,239.0,239.0,254.0,230.0,268.0,228.0,208.0,264.0,226.0,237.0,241.0,227.0,257.0,225.0,192.0,265.0,207.0,244.0,221.0,233.0,236.0,229.0
C,day1,1787864126.1145723,26,169.0,336.0,199.0,336.0,226.0,329.0,244.0,320.0,251.0,302.0,231.0,274.0,247.0,251.0,258.0,240.0,270.0,233.0,219.0,266.0,236.0,240.0,248.0,230.0,262.0,227.0,205.0,263.0,221.0,238.0,235.0,228.0,249.0,225.0,188.0,264.0,203.0,244.0,215.0,234.0,229.0,229.0
C,day1,1787864126.242079,27,169.0,337.0,199.0,337.0,226.0,330.0,244.0,320.0,251.0,302.0,231.0,274.0,246.0,251.0,257.0,240.0,268.0,233.0,219.0,266.0,236.0,241.0,247.0,230.0,261.0,227.0,205.0,263.0,221.0,239.0,235.0,228.0,249.0,224.0,188.0,264.0,203.0,244.0,215.0,234.0,229.0,229.0
C,day1,1787864126.346384,28,168.0,337.0,197.0,337.0,223.0,330.0,241.0,320.0,248.0,301.0,229.0,275.0,244.0,252.0,254.0,241.0,265.0,233.0,218.0,267.0,234.0,242.0,245.0,232.0,259.0,227.0,203.0,264.0,219.0,240.0,232.0,229.0,246.0,225.0,186.0,265.0,201.0,244.0,213.0,235.0,226.0,229.0
C,day1,1787864126.4628713,29,166.0,338.0,195.0,337.0,222.0,330.0,240.0,320.0,247.0,301.0,226.0,275.0,240.0,252.0,250.0,240.0,261.0,232.0,214.0,267.0,229.0,241.0,241.0,231.0,254.0,226.0,199.0,264.0,215.0,239.0,228.0,228.0,242.0,224.0,182.0,265.0,196.0,245.0,208.0,235.0,222.0,230.0
C,day1,1787864126.5629165,30,163.0,340.0,192.0,337.0,220.0,328.0,239.0,319.0,247.0,302.0,221.0,273.0,235.0,248.0,246.0,237.0,257.0,230.0,209.0,266.0,225.0,239.0,237.0,228.0,251.0,225.0,195.0,264.0,211.0,238.0,225.0,227.0,239.0,223.0,178.0,266.0,192.0,245.0,205.0,234.0,218.0,228.0
C,day1,1787864126.665115,31,162.0,342.0,194.0,339.0,224.0,326.0,244.0,317.0,255.0,304.0,218.0,271.0,233.0,245.0,245.0,234.0,258.0,228.0,207.0,266.0,224.0,236.0,239.0,226.0,254.0,225.0,195.0,265.0,211.0,235.0,227.0,225.0,244.0,224.0,181.0,268.0,195.0,245.0,209.0,233.0,224.0,227.0
C,day1,1787864126.7862017,32,166.0,343.0,198.0,340.0,228.0,326.0,248.0,315.0,261.0,302.0,220.0,272.0,234.0,245.0,247.0,233.0,261.0,227.0,209.0,266.0,225.0,237.0,240.0,226.0,256.0,224.0,197.0,265.0,213.0,236.0,228.0,224.0,245.0,222.0,185.0,268.0,199.0,245.0,212.0,233.0,227.0,227.0
C,day1,1787864126.923067,33,175.0,342.0,206.0,337.0,235.0,317.0,253.0,304.0,263.0,288.0,219.0,265.0,230.0,237.0,243.0,225.0,256.0,219.0,208.0,261.0,220.0,229.0,235.0,218.0,251.0,215.0,197.0,261.0,209.0,229.0,225.0,217.0,242.0,213.0,185.0,265.0,196.0,240.0,209.0,227.0,224.0,220.0
C,day1,1787864127.021537,34,182.0,344.0,213.0,333.0,239.0,311.0,257.0,292.0,263.0,272.0,216.0,265.0,224.0,237.0,234.0,222.0,246.0,213.0,205.0,261.0,215.0,229.0,227.0,215.0,241.0,208.0,194.0,261.0,203.0,229.0,217.0,214.0,232.0,206.0,181.0,264.0,191.0,238.0,202.0,224.0,215.0,215.0
C,day1,1787864127.1176057,35,187.0,346.0,218.0,334.0,243.0,311.0,262.0,292.0,267.0,272.0,217.0,268.0,224.0,241.0,234.0,225.0,245.0,214.0,206.0,264.0,214.0,234.0,226.0,218.0,240.0,208.0,194.0,264.0,202.0,233.0,216.0,217.0,231.0,207.0,182.0,267.0,192.0,239.0,203.0,224.0,217.0,214.0
C,day1,1787864127.2301962,36,188.0,347.0,219.0,336.0,244.0,314.0,263.0,296.0,270.0,276.0,219.0,269.0,227.0,242.0,238.0,227.0,249.0,216.0,208.0,265.0,217.0,234.0,229.0,219.0,244.0,209.0,196.0,265.0,205.0,234.0,219.0,218.0,235.0,209.0,184.0,267.0,194.0,241.0,205.0,226.0,219.0,217.0
C,day1,1787864127.356052,37,184.0,345.0,215.0,335.0,241.0,312.0,259.0,296.0,266.0,279.0,217.0,265.0,225.0,238.0,235.0,224.0,247.0,214.0,206.0,262.0,215.0,232.0,227.0,217.0,242.0,208.0,194.0,262.0,203.0,231.0,216.0,216.0,231.0,208.0,183.0,266.0,191.0,240.0,202.0,226.0,216.0,216.0
C,day1,1787864127.460892,38,174.0,344.0,206.0,337.0,235.0,320.0,253.0,309.0,265.0,295.0,219.0,268.0,231.0,240.0,244.0,228.0,257.0,222.0,208.0,265.0,221.0,233.0,236.0,222.0,252.0,220.0,196.0,265.0,209.0,233.0,226.0,222.0,242.0,219.0,184.0,269.0,197.0,244.0,211.0,231.0,226.0,225.0
C,day1,1787864127.5776954,39,167.0,343.0,198.0,338.0,227.0,325.0,247.0,317.0,262.0,306.0,218.0,271.0,233.0,243.0,249.0,234.0,265.0,231.0,207.0,266.0,223.0,233.0,242.0,226.0,260.0,229.0,196.0,267.0,210.0,233.0,231.0,225.0,250.0,227.0,185.0,273.0,200.0,248.0,217.0,238.0,233.0,235.0
C,day1,1787864127.68464,40,162.0,337.0,193.0,333.0,225.0,322.0,245.0,317.0,262.0,310.0,217.0,268.0,235.0,241.0,253.0,234.0,268.0,234.0,207.0,264.0,226.0,231.0,249.0,227.0,267.0,233.0,197.0,265.0,217.0,232.0,241.0,228.0,261.0,231.0,187.0,272.0,207.0,250.0,226.0,242.0,244.0,241.0
C,day1,1787864127.7958672,41,160.0,335.0,197.0,328.0,228.0,316.0,248.0,311.0,265.0,305.0,211.0,263.0,232.0,237.0,254.0,232.0,272.0,234.0,202.0,261.0,228.0,228.0,254.0,226.0,272.0,232.0,196.0,264.0,222.0,233.0,249.0,229.0,269.0,234.0,192.0,273.0,214.0,252.0,235.0,244.0,252.0,242.0
C,day1,1787864127.9195,42,162.0,336.0,199.0,326.0,228.0,310.0,250.0,304.0,267.0,298.0,199.0,260.0,224.0,235.0,249.0,229.0,269.0,230.0,192.0,260.0,225.0,226.0,253.0,223.0,273.0,228.0,191.0,265.0,220.0,234.0,248.0,228.0,269.0,232.0,194.0,275.0,219.0,252.0,241.0,244.0,258.0,242.0
C,day1,1787864128.0216959,43,162.0,337.0,201.0,326.0,228.0,309.0,249.0,302.0,266.0,298.0,194.0,259.0,222.0,234.0,247.0,229.0,268.0,231.0,189.0,261.0,225.0,225.0,253.0,222.0,273.0,227.0,189.0,266.0,222.0,235.0,249.0,229.0,270.0,232.0,196.0,277.0,221.0,253.0,242.0,244.0,259.0,242.0
C,day1,1787864128.137889,44,159.0,336.0,197.0,326.0,225.0,310.0,247.0,302.0,263.0,297.0,191.0,260.0,219.0,236.0,244.0,229.0,265.0,229.0,187.0,261.0,222.0,226.0,249.0,221.0,269.0,226.0,188.0,266.0,218.0,234.0,245.0,227.0,265.0,230.0,195.0,275.0,219.0,251.0,239.0,241.0,255.0,239.0
C,day1,1787864128.248131,45,155.0,337.0,192.0,327.0,220.0,311.0,241.0,304.0,259.0,298.0,193.0,260.0,217.0,236.0,241.0,229.0,260.0,229.0,186.0,260.0,216.0,227.0,243.0,222.0,263.0,226.0,184.0,264.0,212.0,233.0,240.0,227.0,260.0,229.0,188.0,274.0,212.0,250.0,232.0,242.0,250.0,240.0
C,day1,1787864128.380772,46,151.0,337.0,188.0,327.0,217.0,313.0,238.0,308.0,253.0,300.0,200.0,261.0,218.0,234.0,237.0,227.0,254.0,226.0,191.0,259.0,212.0,225.0,235.0,220.0,254.0,225.0,184.0,261.0,206.0,228.0,230.0,223.0,249.0,227.0,179.0,268.0,200.0,245.0,219.0,237.0,235.0,235.0
C,day1,1787864128.483238,47,156.0,335.0,186.0,325.0,212.0,304.0,232.0,292.0,246.0,278.0,191.0,256.0,198.0,227.0,211.0,214.0,224.0,207.0,182.0,253.0,190.0,220.0,206.0,208.0,223.0,206.0,174.0,253.0,182.0,220.0,199.0,208.0,217.0,205.0,167.0,258.0,174.0,231.0,187.0,218.0,201.0,212.0
C,day1,1787864128.579706,48,157.0,336.0,187.0,325.0,212.0,304.0,230.0,291.0,243.0,276.0,188.0,256.0,193.0,227.0,204.0,213.0,217.0,206.0,177.0,254.0,182.0,221.0,197.0,208.0,213.0,204.0,168.0,255.0,173.0,222.0,189.0,208.0,206.0,204.0,161.0,260.0,167.0,233.0,179.0,218.0,193.0,212.0
C,day1,1787864128.688606,49,157.0,339.0,186.0,328.0,211.0,307.0,229.0,293.0,242.0,277.0,187.0,258.0,191.0,229.0,202.0,215.0,214.0,207.0,177.0,256.0,182.0,223.0,196.0,210.0,211.0,206.0,168.0,258.0,172.0,225.0,187.0,211.0,204.0,207.0,159.0,263.0,165.0,235.0,176.0,221.0,191.0,215.0
C,day1,1787864128.8099456,50,157.0,342.0,185.0,331.0,211.0,310.0,230.0,297.0,244.0,282.0,188.0,262.0,193.0,233.0,205.0,219.0,218.0,211.0,178.0,259.0,183.0,227.0,199.0,214.0,215.0,211.0,168.0,261.0,174.0,228.0,190.0,215.0,208.0,211.0,161.0,266.0,168.0,239.0,180.0,225.0,195.0,220.0
C,day1,1787864128.896958,51,155.0,343.0,185.0,333.0,210.0,314.0,230.0,303.0,246.0,290.0,190.0,265.0,199.0,237.0,212.0,224.0,226.0,218.0,181.0,262.0,190.0,230.0,207.0,218.0,225.0,216.0,172.0,263.0,181.0,230.0,199.0,218.0,217.0,216.0,165.0,268.0,175.0,241.0,190.0,228.0,205.0,223.0
C,day1,1787864129.0130954,52,153.0,342.0,183.0,334.0,211.0,317.0,231.0,309.0,248.0,299.0,194.0,267.0,205.0,241.0,221.0,231.0,236.0,227.0,185.0,265.0,197.0,233.0,216.0,224.0,234.0,225.0,176.0,266.0,189.0,232.0,209.0,223.0,228.0,224.0,167.0,270.0,182.0,245.0,198.0,234.0,213.0,232.0
C,day1,1787864129.1152837,53,145.0,344.0,179.0,336.0,209.0,324.0,231.0,319.0,248.0,311.0,195.0,272.0,210.0,245.0,229.0,240.0,245.0,241.0,186.0,270.0,203.0,238.0,226.0,235.0,244.0,241.0,177.0,272.0,196.0,242.0,220.0,240.0,240.0,245.0,169.0,280.0,189.0,258.0,209.0,253.0,225.0,253.0
C,day1,1787864129.222622,54,144.0,344.0,178.0,338.0,208.0,326.0,229.0,322.0,248.0,317.0,198.0,276.0,214.0,250.0,233.0,247.0,250.0,250.0,188.0,274.0,208.0,242.0,231.0,242.0,248.0,249.0,177.0,276.0,199.0,247.0,223.0,247.0,242.0,253.0,168.0,284.0,188.0,264.0,209.0,260.0,226.0,261.0
C,day1,1787864129.330463,55,143.0,343.0,179.0,336.0,209.0,325.0,229.0,321.0,247.0,314.0,196.0,274.0,215.0,249.0,235.0,246.0,252.0,248.0,186.0,272.0,209.0,241.0,233.0,240.0,251.0,247.0,177.0,275.0,201.0,246.0,226.0,245.0,245.0,251.0,169.0,284.0,192.0,264.0,213.0,259.0,230.0,258.0
C,day1,1787864129.4384246,56,142.0,345.0,180.0,335.0,209.0,321.0,231.0,315.0,250.0,309.0,185.0,272.0,211.0,251.0,234.0,245.0,253.0,244.0,178.0,270.0,210.0,240.0,236.0,236.0,255.0,240.0,175.0,274.0,204.0,245.0,232.0,240.0,252.0,242.0,177.0,284.0,201.0,263.0,223.0,255.0,240.0,254.0
D,day1,1787864273.918637,0,160.0,386.0,182.0,374.0,197.0,348.0,178.0,329.0,156.0,318.0,196.0,300.0,200.0,259.0,202.0,235.0,202.0,214.0,172.0,300.0,178.0,294.0,179.0,319.0,178.0,330.0,152.0,308.0,155.0,310.0,162.0,333.0,164.0,338.0,135.0,319.0,141.0,322.0,148.0,338.0,148.0,341.0
D,day1,1787864274.0283277,1,160.0,387.0,182.0,374.0,198.0,348.0,179.0,328.0,157.0,318.0,196.0,299.0,201.0,258.0,203.0,235.0,203.0,214.0,173.0,300.0,179.0,293.0,180.0,319.0,178.0,330.0,153.0,307.0,156.0,310.0,163.0,333.0,164.0,338.0,135.0,319.0,142.0,322.0,148.0,338.0,148.0,340.0
D,day1,1787864274.1445687,2,160.0,386.0,183.0,374.0,198.0,349.0,179.0,329.0,157.0,318.0,197.0,300.0,202.0,260.0,205.0,236.0,206.0,215.0,174.0,300.0,180.0,294.0,181.0,319.0,179.0,330.0,154.0,307.0,158.0,310.0,164.0,332.0,165.0,338.0,137.0,318.0,144.0,321.0,150.0,336.0,150.0,338.0
D,day1,1787864274.253033,3,161.0,385.0,183.0,373.0,198.0,348.0,180.0,328.0,158.0,318.0,198.0,299.0,203.0,259.0,206.0,235.0,207.0,214.0,175.0,300.0,180.0,293.0,181.0,319.0,180.0,330.0,155.0,307.0,158.0,308.0,165.0,331.0,166.0,337.0,137.0,318.0,144.0,320.0,150.0,336.0,150.0,338.0
D,day1,1787864274.359289,4,162.0,385.0,184.0,372.0,199.0,348.0,180.0,328.0,158.0,317.0,198.0,299.0,203.0,259.0,206.0,235.0,207.0,214.0,175.0,299.0,181.0,293.0,182.0,318.0,180.0,329.0,155.0,306.0,158.0,308.0,164.0,331.0,166.0,338.0,137.0,317.0,144.0,320.0,150.0,335.0,152.0,338.0
D,day1,1787864274.4663546,5,161.0,385.0,183.0,373.0,197.0,348.0,180.0,327.0,158.0,316.0,195.0,298.0,198.0,258.0,200.0,235.0,200.0,214.0,173.0,298.0,178.0,294.0,179.0,318.0,178.0,328.0,153.0,306.0,157.0,309.0,163.0,332.0,165.0,336.0,136.0,317.0,143.0,321.0,150.0,336.0,151.0,338.0
D,day1,1787864274.5873644,6,161.0,385.0,183.0,372.0,197.0,347.0,178.0,327.0,156.0,316.0,195.0,297.0,198.0,257.0,199.0,233.0,198.0,212.0,172.0,298.0,177.0,292.0,178.0,317.0,177.0,327.0,152.0,306.0,155.0,308.0,162.0,330.0,164.0,335.0,135.0,317.0,142.0,321.0,148.0,335.0,149.0,337.0
D,day1,1787864274.707126,7,164.0,384.0,186.0,373.0,202.0,349.0,184.0,329.0,162.0,318.0,201.0,300.0,207.0,259.0,211.0,235.0,212.0,214.0,179.0,300.0,187.0,293.0,187.0,318.0,184.0,330.0,160.0,307.0,164.0,308.0,168.0,331.0,169.0,337.0,142.0,317.0,148.0,316.0,152.0,332.0,153.0,336.0
D,day1,1787864274.8281019,8,168.0,381.0,191.0,371.0,209.0,348.0,193.0,328.0,172.0,318.0,210.0,302.0,219.0,261.0,225.0,237.0,229.0,217.0,188.0,302.0,197.0,294.0,195.0,319.0,191.0,331.0,169.0,308.0,174.0,303.0,177.0,326.0,177.0,335.0,150.0,317.0,157.0,309.0,162.0,325.0,162.0,333.0
D,day1,1787864274.9320154,9,173.0,379.0,197.0,371.0,216.0,351.0,203.0,330.0,184.0,316.0,222.0,304.0,235.0,265.0,244.0,241.0,250.0,222.0,200.0,302.0,208.0,293.0,204.0,317.0,199.0,329.0,181.0,306.0,185.0,300.0,186.0,323.0,186.0,332.0,162.0,314.0,167.0,305.0,170.0,320.0,169.0,327.0
D,day1,1787864275.035258,10,175.0,378.0,199.0,373.0,221.0,353.0,208.0,330.0,189.0,314.0,229.0,305.0,246.0,267.0,258.0,246.0,267.0,227.0,206.0,302.0,214.0,293.0,210.0,318.0,206.0,330.0,186.0,305.0,190.0,298.0,191.0,323.0,190.0,333.0,165.0,313.0,173.0,304.0,176.0,322.0,175.0,331.0
D,day1,1787864275.163203,11,174.0,374.0,198.0,371.0,221.0,352.0,210.0,327.0,193.0,309.0,232.0,302.0,252.0,266.0,266.0,246.0,276.0,228.0,210.0,296.0,216.0,293.0,210.0,317.0,206.0,326.0,189.0,297.0,191.0,297.0,191.0,322.0,192.0,329.0,169.0,303.0,173.0,306.0,175.0,324.0,177.0,329.0
D,day1,1787864275.280615,12,165.0,370.0,189.0,365.0,211.0,344.0,199.0,322.0,179.0,308.0,219.0,298.0,237.0,261.0,249.0,240.0,258.0,222.0,197.0,294.0,205.0,287.0,198.0,311.0,193.0,323.0,177.0,297.0,181.0,295.0,180.0,318.0,180.0,326.0,157.0,303.0,162.0,299.0,164.0,315.0,165.0,323.0
D,day1,1787864275.3956354,13,161.0,374.0,185.0,366.0,205.0,345.0,194.0,324.0,174.0,311.0,208.0,298.0,224.0,259.0,235.0,237.0,242.0,217.0,187.0,295.0,194.0,288.0,190.0,312.0,186.0,323.0,166.0,300.0,172.0,297.0,173.0,320.0,172.0,327.0,147.0,308.0,154.0,300.0,157.0,316.0,158.0,324.0
D,day1,1787864275.4870641,14,154.0,375.0,177.0,365.0,196.0,341.0,179.0,320.0,157.0,309.0,194.0,293.0,206.0,254.0,214.0,231.0,220.0,210.0,171.0,291.0,179.0,287.0,177.0,313.0,174.0,323.0,152.0,297.0,157.0,299.0,160.0,322.0,161.0,328.0,134.0,307.0,141.0,306.0,146.0,321.0,147.0,326.0
D,day1,1787864275.6131113,15,148.0,377.0,170.0,364.0,181.0,338.0,161.0,319.0,139.0,310.0,178.0,292.0,186.0,252.0,192.0,228.0,194.0,208.0,156.0,294.0,160.0,285.0,163.0,309.0,163.0,322.0,137.0,303.0,141.0,301.0,148.0,323.0,151.0,332.0,120.0,315.0,126.0,310.0,135.0,324.0,138.0,330.0
D,day1,1787864275.7298188,16,147.0,377.0,167.0,362.0,177.0,335.0,154.0,318.0,132.0,310.0,169.0,289.0,172.0,249.0,175.0,226.0,175.0,205.0,147.0,294.0,147.0,283.0,153.0,308.0,155.0,320.0,128.0,304.0,130.0,302.0,140.0,325.0,144.0,331.0,113.0,318.0,118.0,314.0,127.0,330.0,129.0,334.0
D,day1,1787864275.8368232,17,146.0,374.0,165.0,359.0,173.0,332.0,151.0,315.0,129.0,305.0,164.0,286.0,165.0,246.0,167.0,223.0,165.0,203.0,143.0,292.0,142.0,280.0,149.0,305.0,151.0,318.0,125.0,303.0,126.0,298.0,138.0,321.0,140.0,329.0,110.0,318.0,114.0,309.0,124.0,324.0,126.0,331.0
D,day1,1787864275.9416401,18,145.0,370.0,162.0,352.0,167.0,323.0,144.0,307.0,122.0,299.0,159.0,279.0,158.0,240.0,157.0,217.0,155.0,198.0,138.0,286.0,135.0,275.0,142.0,300.0,146.0,313.0,120.0,299.0,119.0,292.0,131.0,315.0,135.0,323.0,106.0,314.0,107.0,304.0,118.0,319.0,120.0,326.0
D,day1,1787864276.0500562,19,143.0,364.0,159.0,344.0,163.0,313.0,138.0,297.0,115.0,290.0,151.0,272.0,148.0,234.0,146.0,212.0,141.0,193.0,131.0,281.0,126.0,267.0,136.0,291.0,141.0,302.0,114.0,294.0,111.0,285.0,125.0,307.0,131.0,315.0,100.0,311.0,101.0,302.0,114.0,317.0,117.0,323.0
D,day1,1787864276.163439,20,143.0,362.0,159.0,342.0,160.0,312.0,135.0,297.0,113.0,290.0,149.0,272.0,144.0,235.0,141.0,213.0,136.0,195.0,129.0,282.0,124.0,267.0,134.0,290.0,139.0,301.0,113.0,296.0,109.0,286.0,125.0,308.0,129.0,315.0,100.0,314.0,101.0,305.0,113.0,319.0,116.0,324.0
D,day1,1787864276.248859,21,148.0,366.0,164.0,346.0,166.0,314.0,141.0,298.0,119.0,292.0,156.0,274.0,151.0,236.0,149.0,214.0,144.0,195.0,135.0,284.0,132.0,269.0,143.0,295.0,145.0,305.0,119.0,298.0,116.0,289.0,132.0,312.0,135.0,318.0,104.0,315.0,106.0,306.0,119.0,321.0,119.0,326.0
D,day1,1787864276.355111,22,151.0,363.0,167.0,343.0,171.0,314.0,148.0,298.0,126.0,293.0,162.0,274.0,158.0,236.0,157.0,213.0,153.0,194.0,141.0,283.0,140.0,268.0,149.0,292.0,151.0,304.0,125.0,296.0,123.0,284.0,137.0,306.0,139.0,315.0,110.0,312.0,112.0,299.0,122.0,313.0,123.0,321.0
D,day1,1787864276.4633715,23,153.0,361.0,172.0,343.0,179.0,312.0,157.0,296.0,134.0,290.0,168.0,272.0,166.0,233.0,166.0,210.0,162.0,190.0,147.0,280.0,148.0,266.0,157.0,291.0,158.0,302.0,130.0,292.0,130.0,283.0,144.0,307.0,146.0,314.0,115.0,307.0,118.0,298.0,129.0,314.0,129.0,319.0
D,day1,1787864276.5837455,24,154.0,362.0,177.0,347.0,191.0,317.0,173.0,299.0,151.0,295.0,176.0,272.0,180.0,234.0,183.0,212.0,183.0,192.0,152.0,274.0,166.0,275.0,171.0,300.0,166.0,306.0,135.0,284.0,148.0,290.0,157.0,311.0,154.0,312.0,120.0,298.0,134.0,305.0,142.0,320.0,138.0,320.0
D,day1,1787864276.6952908,25,148.0,366.0,175.0,351.0,192.0,324.0,188.0,304.0,169.0,301.0,171.0,273.0,178.0,236.0,184.0,212.0,186.0,192.0,148.0,273.0,172.0,277.0,175.0,301.0,168.0,311.0,132.0,284.0,160.0,295.0,164.0,315.0,156.0,319.0,122.0,300.0,150.0,312.0,153.0,326.0,145.0,328.0
D,day1,1787864276.7915401,26,149.0,367.0,175.0,352.0,192.0,325.0,190.0,305.0,171.0,301.0,172.0,273.0,180.0,236.0,187.0,213.0,189.0,193.0,149.0,273.0,174.0,277.0,177.0,301.0,169.0,310.0,133.0,284.0,162.0,294.0,165.0,315.0,157.0,318.0,122.0,300.0,151.0,312.0,154.0,326.0,145.0,328.0
D,day1,1787864276.8951676,27,149.0,367.0,176.0,353.0,194.0,327.0,192.0,307.0,174.0,302.0,176.0,275.0,186.0,239.0,193.0,216.0,197.0,197.0,152.0,274.0,176.0,280.0,179.0,302.0,171.0,311.0,136.0,285.0,163.0,297.0,166.0,315.0,158.0,319.0,125.0,301.0,152.0,313.0,155.0,326.0,146.0,328.0
D,day1,1787864277.011263,28,150.0,367.0,177.0,355.0,195.0,330.0,193.0,310.0,174.0,304.0,183.0,278.0,194.0,242.0,202.0,220.0,207.0,200.0,159.0,275.0,180.0,282.0,181.0,305.0,172.0,312.0,141.0,285.0,165.0,298.0,167.0,317.0,159.0,320.0,129.0,299.0,153.0,314.0,156.0,327.0,148.0,328.0
D,day1,1787864277.127953,29,151.0,369.0,178.0,358.0,198.0,333.0,192.0,313.0,172.0,305.0,189.0,281.0,203.0,246.0,212.0,224.0,218.0,204.0,165.0,277.0,182.0,285.0,182.0,308.0,174.0,315.0,146.0,284.0,165.0,300.0,168.0,319.0,162.0,321.0,132.0,297.0,153.0,315.0,155.0,328.0,147.0,327.0
D,day1,1787864277.2592342,30,151.0,367.0,176.0,359.0,197.0,335.0,188.0,315.0,168.0,305.0,194.0,285.0,209.0,248.0,219.0,227.0,226.0,208.0,169.0,279.0,184.0,286.0,183.0,308.0,176.0,316.0,150.0,284.0,163.0,299.0,167.0,318.0,163.0,321.0,134.0,294.0,150.0,313.0,153.0,328.0,149.0,328.0
D,day1,1787864277.3836427,31,152.0,366.0,176.0,359.0,197.0,335.0,185.0,314.0,164.0,301.0,197.0,286.0,211.0,249.0,221.0,228.0,228.0,209.0,173.0,281.0,185.0,286.0,182.0,310.0,176.0,318.0,153.0,284.0,161.0,295.0,165.0,318.0,163.0,322.0,135.0,292.0,147.0,308.0,151.0,326.0,149.0,328.0
D,day1,1787864277.4818153,32,152.0,365.0,175.0,355.0,191.0,331.0,176.0,310.0,156.0,299.0,197.0,286.0,213.0,249.0,224.0,228.0,231.0,210.0,175.0,283.0,182.0,277.0,178.0,301.0,175.0,313.0,156.0,287.0,159.0,288.0,162.0,311.0,163.0,318.0,138.0,295.0,144.0,295.0,148.0,309.0,149.0,314.0
D,day1,1787864277.6051707,33,152.0,365.0,174.0,355.0,189.0,331.0,173.0,310.0,152.0,299.0,197.0,286.0,213.0,249.0,223.0,228.0,230.0,210.0,175.0,283.0,180.0,277.0,176.0,301.0,173.0,311.0,154.0,286.0,157.0,291.0,159.0,313.0,160.0,318.0,137.0,294.0,144.0,298.0,147.0,313.0,146.0,316.0
D,day1,1787864277.7334063,34,152.0,366.0,173.0,356.0,188.0,333.0,170.0,313.0,150.0,300.0,195.0,287.0,212.0,251.0,222.0,229.0,229.0,211.0,174.0,284.0,177.0,280.0,173.0,302.0,171.0,312.0,154.0,289.0,156.0,292.0,157.0,313.0,159.0,319.0,137.0,296.0,142.0,298.0,145.0,313.0,146.0,317.0
D,day1,1787864277.8634973,35,149.0,368.0,170.0,357.0,183.0,334.0,167.0,314.0,148.0,301.0,194.0,289.0,211.0,253.0,221.0,231.0,228.0,213.0,173.0,286.0,173.0,281.0,170.0,304.0,170.0,314.0,153.0,291.0,152.0,294.0,154.0,316.0,156.0,320.0,135.0,298.0,138.0,300.0,141.0,316.0,141.0,320.0
D,day1,1787864277.9659731,36,145.0,370.0,166.0,361.0,181.0,340.0,165.0,319.0,146.0,304.0,195.0,294.0,215.0,260.0,227.0,239.0,236.0,221.0,173.0,289.0,176.0,286.0,170.0,310.0,167.0,319.0,153.0,292.0,153.0,296.0,153.0,318.0,155.0,321.0,135.0,298.0,138.0,300.0,140.0,317.0,142.0,320.0
D,day1,1787864278.0938222,37,142.0,370.0,164.0,362.0,179.0,342.0,163.0,321.0,144.0,306.0,195.0,296.0,215.0,263.0,228.0,242.0,237.0,225.0,173.0,289.0,173.0,289.0,166.0,311.0,164.0,320.0,153.0,290.0,150.0,301.0,150.0,321.0,153.0,325.0,135.0,295.0,136.0,306.0,137.0,322.0,139.0,324.0
D,day1,1787864278.2242806,38,140.0,371.0,162.0,362.0,177.0,341.0,159.0,321.0,140.0,308.0,188.0,295.0,208.0,261.0,220.0,240.0,229.0,223.0,166.0,290.0,169.0,287.0,165.0,309.0,164.0,318.0,146.0,292.0,147.0,298.0,148.0,318.0,151.0,322.0,128.0,298.0,131.0,303.0,133.0,318.0,135.0,321.0
D,day1,1787864278.3534918,39,136.0,370.0,158.0,359.0,170.0,337.0,151.0,317.0,130.0,305.0,178.0,292.0,195.0,256.0,206.0,235.0,213.0,217.0,156.0,289.0,158.0,283.0,156.0,306.0,157.0,318.0,136.0,293.0,136.0,295.0,140.0,317.0,143.0,324.0,119.0,302.0,121.0,301.0,125.0,317.0,128.0,324.0
D,day1,1787864278.4675171,40,132.0,371.0,152.0,359.0,164.0,335.0,144.0,315.0,124.0,303.0,172.0,291.0,187.0,254.0,197.0,233.0,204.0,214.0,150.0,290.0,150.0,281.0,149.0,304.0,151.0,316.0,130.0,295.0,129.0,294.0,133.0,317.0,137.0,324.0,113.0,305.0,115.0,299.0,120.0,315.0,123.0,323.0
D,day1,1787864278.570633,41,128.0,369.0,147.0,357.0,157.0,333.0,137.0,312.0,118.0,299.0,165.0,287.0,178.0,250.0,187.0,228.0,192.0,209.0,144.0,286.0,142.0,277.0,143.0,302.0,145.0,313.0,124.0,292.0,122.0,293.0,127.0,316.0,132.0,322.0,107.0,301.0,109.0,300.0,114.0,317.0,117.0,322.0
D,day1,1787864278.6727114,42,128.0,369.0,147.0,355.0,157.0,331.0,138.0,312.0,118.0,300.0,164.0,286.0,176.0,249.0,184.0,227.0,188.0,208.0,143.0,286.0,142.0,278.0,143.0,302.0,144.0,314.0,123.0,293.0,122.0,294.0,127.0,317.0,131.0,323.0,106.0,303.0,110.0,301.0,115.0,317.0,116.0,322.0
D,day1,1787864278.7802742,43,135.0,373.0,153.0,358.0,163.0,333.0,143.0,314.0,122.0,306.0,164.0,287.0,171.0,248.0,176.0,225.0,177.0,206.0,141.0,290.0,141.0,280.0,145.0,304.0,147.0,316.0,122.0,300.0,121.0,297.0,130.0,320.0,134.0,327.0,106.0,312.0,109.0,307.0,116.0,321.0,117.0,327.0
D,day1,1787864278.8992536,44,139.0,375.0,156.0,360.0,165.0,333.0,145.0,315.0,122.0,305.0,158.0,285.0,161.0,246.0,163.0,223.0,163.0,203.0,136.0,290.0,138.0,280.0,145.0,305.0,146.0,318.0,118.0,301.0,121.0,300.0,131.0,323.0,133.0,330.0,102.0,316.0,108.0,313.0,117.0,329.0,117.0,333.0
D,day1,1787864279.0154889,45,138.0,374.0,156.0,358.0,163.0,330.0,141.0,313.0,118.0,305.0,155.0,285.0,157.0,245.0,159.0,221.0,157.0,202.0,133.0,290.0,132.0,280.0,140.0,305.0,142.0,318.0,115.0,302.0,116.0,300.0,128.0,323.0,131.0,331.0,99.0,316.0,105.0,315.0,115.0,331.0,117.0,336.0
D,day1,1787864279.125871,46,137.0,375.0,154.0,358.0,161.0,330.0,138.0,312.0,114.0,304.0,153.0,285.0,154.0,244.0,156.0,221.0,154.0,201.0,131.0,291.0,130.0,278.0,137.0,304.0,140.0,317.0,113.0,302.0,113.0,298.0,125.0,321.0,128.0,329.0,97.0,317.0,102.0,313.0,112.0,329.0,114.0,334.0
D,day1,1787864279.2380714,47,137.0,374.0,153.0,358.0,160.0,328.0,136.0,312.0,114.0,305.0,153.0,283.0,153.0,243.0,155.0,219.0,153.0,199.0,130.0,290.0,130.0,277.0,138.0,303.0,139.0,316.0,112.0,302.0,113.0,297.0,125.0,320.0,127.0,328.0,96.0,318.0,102.0,314.0,112.0,330.0,112.0,335.0
D,day1,1787864279.363196,48,135.0,374.0,152.0,356.0,158.0,327.0,135.0,311.0,112.0,303.0,149.0,282.0,149.0,242.0,149.0,218.0,147.0,197.0,127.0,290.0,126.0,277.0,135.0,304.0,137.0,316.0,109.0,303.0,110.0,297.0,123.0,321.0,126.0,328.0,93.0,319.0,98.0,312.0,109.0,328.0,110.0,334.0
D,day1,1787864279.4580941,49,132.0,376.0,149.0,358.0,154.0,329.0,130.0,312.0,107.0,304.0,145.0,283.0,145.0,241.0,145.0,218.0,142.0,197.0,123.0,289.0,121.0,278.0,130.0,304.0,133.0,316.0,105.0,302.0,105.0,300.0,118.0,324.0,122.0,331.0,89.0,318.0,93.0,314.0,103.0,331.0,105.0,336.0
D,day1,1787864279.5553348,50,132.0,376.0,149.0,358.0,155.0,331.0,132.0,314.0,109.0,304.0,147.0,284.0,148.0,243.0,149.0,218.0,146.0,197.0,125.0,291.0,122.0,277.0,130.0,302.0,134.0,316.0,106.0,303.0,106.0,298.0,119.0,322.0,122.0,331.0,90.0,319.0,94.0,312.0,104.0,327.0,105.0,333.0
D,day1,1787864279.6660342,51,133.0,376.0,154.0,358.0,162.0,331.0,139.0,314.0,116.0,307.0,155.0,285.0,156.0,243.0,157.0,219.0,155.0,198.0,132.0,291.0,132.0,279.0,139.0,304.0,141.0,318.0,112.0,303.0,113.0,301.0,125.0,324.0,129.0,332.0,95.0,318.0,99.0,315.0,108.0,330.0,110.0,336.0
D,day1,1787864279.7575574,52,148.0,380.0,169.0,364.0,180.0,335.0,159.0,318.0,134.0,311.0,169.0,288.0,171.0,246.0,173.0,222.0,172.0,201.0,146.0,293.0,150.0,285.0,156.0,310.0,156.0,320.0,127.0,305.0,129.0,303.0,140.0,325.0,144.0,331.0,110.0,319.0,116.0,318.0,125.0,333.0,126.0,337.0
D,day1,1787864279.871978,53,162.0,385.0,183.0,369.0,198.0,341.0,178.0,323.0,154.0,316.0,187.0,291.0,189.0,250.0,192.0,226.0,192.0,204.0,163.0,296.0,170.0,288.0,175.0,313.0,174.0,324.0,144.0,306.0,149.0,307.0,159.0,329.0,161.0,334.0,127.0,321.0,135.0,321.0,143.0,337.0,142.0,341.0
D,day1,1787864279.9826026,54,174.0,385.0,198.0,371.0,213.0,342.0,195.0,323.0,172.0,314.0,203.0,290.0,206.0,248.0,210.0,224.0,211.0,203.0,177.0,292.0,187.0,289.0,191.0,318.0,187.0,329.0,157.0,302.0,166.0,307.0,176.0,332.0,174.0,337.0,140.0,316.0,153.0,324.0,161.0,342.0,159.0,343.0
E,day1,1787864401.3907328,0,147.0,369.0,176.0,361.0,196.0,330.0,183.0,303.0,161.0,296.0,198.0,286.0,201.0,248.0,201.0,255.0,199.0,273.0,176.0,281.0,179.0,238.0,178.0,256.0,176.0,277.0,157.0,283.0,159.0,243.0,160.0,260.0,159.0,281.0,136.0,291.0,140.0,261.0,145.0,270.0,145.0,285.0
E,day1,1787864401.5072846,1,148.0,369.0,178.0,360.0,198.0,328.0,187.0,300.0,167.0,291.0,199.0,284.0,204.0,247.0,204.0,252.0,201.0,270.0,178.0,279.0,182.0,236.0,180.0,254.0,178.0,275.0,159.0,281.0,162.0,242.0,163.0,259.0,161.0,280.0,138.0,288.0,143.0,259.0,147.0,268.0,148.0,284.0
E,day1,1787864401.6122923,2,150.0,366.0,179.0,358.0,200.0,326.0,196.0,297.0,185.0,286.0,203.0,281.0,209.0,245.0,208.0,249.0,204.0,267.0,182.0,276.0,187.0,235.0,184.0,250.0,181.0,271.0,162.0,279.0,166.0,241.0,166.0,254.0,164.0,275.0,142.0,287.0,146.0,257.0,150.0,263.0,150.0,278.0
E,day1,1787864401.7065516,3,152.0,361.0,182.0,354.0,205.0,321.0,199.0,293.0,183.0,283.0,206.0,278.0,213.0,243.0,212.0,250.0,208.0,269.0,185.0,274.0,190.0,232.0,189.0,247.0,187.0,267.0,166.0,276.0,170.0,237.0,172.0,250.0,170.0,270.0,146.0,282.0,151.0,253.0,156.0,259.0,156.0,273.0
E,day1,1787864401.8281436,4,154.0,359.0,184.0,351.0,206.0,319.0,192.0,290.0,170.0,285.0,209.0,278.0,215.0,242.0,215.0,250.0,211.0,269.0,188.0,272.0,194.0,231.0,192.0,249.0,189.0,269.0,169.0,273.0,173.0,235.0,174.0,251.0,171.0,271.0,148.0,279.0,155.0,251.0,159.0,259.0,158.0,274.0
E,day1,1787864401.9344883,5,154.0,358.0,184.0,352.0,205.0,319.0,192.0,292.0,169.0,288.0,208.0,278.0,215.0,242.0,216.0,251.0,212.0,270.0,187.0,273.0,193.0,231.0,193.0,248.0,191.0,268.0,168.0,274.0,173.0,235.0,176.0,250.0,173.0,270.0,148.0,279.0,154.0,251.0,160.0,258.0,159.0,273.0
E,day1,1787864402.0417018,6,152.0,358.0,181.0,347.0,199.0,316.0,182.0,292.0,159.0,288.0,204.0,277.0,209.0,240.0,208.0,248.0,205.0,265.0,182.0,272.0,185.0,230.0,185.0,245.0,184.0,266.0,163.0,273.0,166.0,233.0,168.0,247.0,166.0,268.0,143.0,279.0,147.0,251.0,151.0,257.0,152.0,272.0
E,day1,1787864402.1344163,7,147.0,357.0,175.0,346.0,193.0,314.0,175.0,290.0,152.0,286.0,194.0,274.0,197.0,238.0,199.0,246.0,197.0,265.0,173.0,270.0,175.0,229.0,176.0,245.0,175.0,265.0,153.0,273.0,154.0,234.0,157.0,249.0,156.0,270.0,133.0,280.0,136.0,251.0,141.0,259.0,143.0,274.0
E,day1,1787864402.233055,8,141.0,357.0,170.0,344.0,184.0,312.0,166.0,289.0,142.0,288.0,185.0,273.0,186.0,237.0,186.0,243.0,184.0,260.0,163.0,269.0,163.0,229.0,163.0,243.0,164.0,263.0,144.0,273.0,142.0,234.0,145.0,248.0,145.0,267.0,124.0,281.0,124.0,252.0,128.0,258.0,131.0,272.0
E,day1,1787864402.3314028,9,135.0,357.0,163.0,341.0,177.0,308.0,158.0,285.0,134.0,284.0,175.0,270.0,174.0,235.0,174.0,240.0,174.0,257.0,153.0,268.0,150.0,228.0,151.0,242.0,153.0,262.0,133.0,272.0,129.0,235.0,133.0,248.0,135.0,268.0,113.0,281.0,111.0,252.0,117.0,258.0,121.0,274.0
E,day1,1787864402.4379387,10,130.0,355.0,157.0,335.0,167.0,302.0,144.0,281.0,120.0,280.0,163.0,267.0,160.0,234.0,161.0,238.0,163.0,254.0,141.0,266.0,135.0,226.0,138.0,239.0,141.0,259.0,121.0,271.0,115.0,233.0,120.0,246.0,123.0,266.0,102.0,282.0,98.0,253.0,105.0,258.0,110.0,273.0
E,day1,1787864402.5381987,11,127.0,357.0,153.0,339.0,164.0,304.0,141.0,283.0,117.0,282.0,157.0,267.0,151.0,232.0,152.0,236.0,154.0,251.0,134.0,267.0,127.0,226.0,129.0,240.0,133.0,260.0,115.0,273.0,108.0,234.0,113.0,247.0,117.0,267.0,97.0,284.0,93.0,255.0,99.0,261.0,104.0,275.0
E,day1,1787864402.6385875,12,131.0,361.0,159.0,342.0,173.0,311.0,156.0,287.0,136.0,277.0,170.0,274.0,167.0,237.0,167.0,239.0,168.0,254.0,147.0,272.0,142.0,231.0,143.0,241.0,146.0,259.0,128.0,276.0,122.0,237.0,126.0,246.0,129.0,266.0,108.0,285.0,104.0,256.0,110.0,260.0,116.0,274.0
E,day1,1787864402.730283,13,140.0,359.0,170.0,348.0,189.0,318.0,179.0,296.0,161.0,288.0,189.0,278.0,194.0,242.0,195.0,243.0,192.0,259.0,168.0,273.0,169.0,232.0,170.0,239.0,170.0,257.0,148.0,276.0,150.0,238.0,152.0,245.0,152.0,264.0,128.0,283.0,130.0,254.0,135.0,256.0,138.0,270.0
E,day1,1787864402.8253045,14,149.0,358.0,180.0,351.0,205.0,321.0,191.0,294.0,166.0,291.0,210.0,278.0,219.0,243.0,217.0,254.0,210.0,273.0,188.0,272.0,194.0,231.0,192.0,246.0,189.0,266.0,169.0,273.0,174.0,233.0,175.0,248.0,172.0,268.0,148.0,278.0,155.0,250.0,158.0,257.0,158.0,271.0
E,day1,1787864402.912885,15,156.0,353.0,185.0,350.0,212.0,323.0,203.0,295.0,183.0,285.0,223.0,281.0,235.0,247.0,232.0,251.0,225.0,267.0,202.0,273.0,212.0,232.0,206.0,243.0,201.0,263.0,183.0,271.0,192.0,234.0,189.0,244.0,184.0,263.0,162.0,275.0,170.0,249.0,172.0,251.0,170.0,263.0
E,day1,1787864403.0156448,16,160.0,351.0,190.0,348.0,216.0,320.0,206.0,292.0,183.0,285.0,229.0,279.0,240.0,243.0,236.0,251.0,229.0,268.0,208.0,270.0,219.0,230.0,213.0,245.0,207.0,265.0,188.0,268.0,198.0,231.0,195.0,245.0,190.0,264.0,167.0,271.0,177.0,244.0,179.0,251.0,177.0,265.0
E,day1,1787864403.1284292,17,163.0,351.0,193.0,349.0,220.0,323.0,210.0,295.0,187.0,285.0,230.0,281.0,242.0,246.0,239.0,252.0,233.0,269.0,210.0,272.0,223.0,232.0,217.0,247.0,212.0,266.0,191.0,269.0,202.0,232.0,199.0,246.0,194.0,265.0,170.0,271.0,180.0,245.0,182.0,252.0,179.0,266.0
E,day1,1787864403.2217195,18,163.0,351.0,194.0,350.0,222.0,325.0,212.0,295.0,188.0,287.0,232.0,284.0,245.0,248.0,243.0,259.0,236.0,277.0,213.0,275.0,227.0,236.0,224.0,252.0,218.0,271.0,194.0,272.0,206.0,234.0,207.0,249.0,202.0,268.0,174.0,273.0,186.0,247.0,190.0,255.0,187.0,270.0
E,day1,1787864403.31543,19,162.0,351.0,195.0,352.0,224.0,323.0,219.0,293.0,192.0,289.0,229.0,282.0,242.0,247.0,247.0,259.0,241.0,277.0,212.0,274.0,226.0,234.0,229.0,257.0,222.0,276.0,195.0,272.0,206.0,235.0,212.0,256.0,205.0,276.0,176.0,273.0,190.0,247.0,198.0,261.0,194.0,276.0
E,day1,1787864403.4207933,20,163.0,352.0,196.0,352.0,226.0,320.0,222.0,291.0,196.0,290.0,223.0,279.0,236.0,245.0,244.0,260.0,238.0,278.0,209.0,274.0,222.0,232.0,230.0,253.0,223.0,272.0,194.0,273.0,204.0,234.0,214.0,254.0,209.0,273.0,176.0,275.0,191.0,247.0,201.0,260.0,198.0,276.0
E,day1,1787864403.5708857,21,165.0,354.0,199.0,351.0,226.0,317.0,223.0,287.0,198.0,284.0,220.0,276.0,231.0,242.0,240.0,255.0,235.0,274.0,206.0,272.0,217.0,231.0,226.0,247.0,221.0,266.0,192.0,272.0,200.0,234.0,211.0,252.0,206.0,271.0,176.0,274.0,189.0,247.0,198.0,259.0,194.0,275.0
E,day1,1787864403.6664233,22,164.0,353.0,198.0,349.0,225.0,314.0,220.0,283.0,194.0,284.0,216.0,275.0,227.0,241.0,236.0,254.0,232.0,273.0,203.0,271.0,213.0,230.0,223.0,246.0,217.0,266.0,188.0,271.0,196.0,233.0,207.0,251.0,203.0,270.0,173.0,274.0,185.0,246.0,195.0,258.0,192.0,274.0
E,day1,1787864403.7654884,23,162.0,353.0,195.0,348.0,221.0,313.0,214.0,283.0,189.0,283.0,214.0,276.0,225.0,242.0,233.0,253.0,229.0,270.0,200.0,271.0,210.0,231.0,219.0,244.0,214.0,263.0,185.0,271.0,192.0,235.0,202.0,251.0,198.0,270.0,169.0,274.0,180.0,248.0,189.0,259.0,186.0,273.0
E,day1,1787864403.8730268,24,157.0,351.0,191.0,346.0,216.0,310.0,207.0,282.0,179.0,284.0,212.0,272.0,221.0,238.0,230.0,246.0,228.0,264.0,196.0,267.0,205.0,228.0,213.0,240.0,209.0,260.0,180.0,267.0,187.0,228.0,196.0,242.0,193.0,262.0,161.0,270.0,171.0,243.0,180.0,251.0,179.0,266.0
E,day1,1787864403.9930315,25,151.0,345.0,183.0,337.0,207.0,305.0,195.0,277.0,169.0,277.0,207.0,268.0,214.0,233.0,217.0,237.0,214.0,253.0,188.0,262.0,194.0,222.0,197.0,233.0,193.0,253.0,170.0,262.0,175.0,222.0,180.0,233.0,177.0,253.0,150.0,265.0,156.0,237.0,163.0,241.0,164.0,255.0
E,day1,1787864404.1055844,26,146.0,343.0,175.0,332.0,193.0,300.0,177.0,277.0,152.0,277.0,195.0,263.0,199.0,228.0,197.0,237.0,193.0,255.0,174.0,258.0,176.0,217.0,173.0,232.0,172.0,254.0,154.0,260.0,156.0,223.0,157.0,236.0,155.0,257.0,135.0,266.0,138.0,238.0,141.0,244.0,142.0,259.0
E,day1,1787864404.2300694,27,144.0,346.0,173.0,335.0,191.0,304.0,174.0,282.0,151.0,280.0,190.0,263.0,193.0,228.0,191.0,232.0,189.0,249.0,168.0,260.0,168.0,219.0,166.0,230.0,167.0,250.0,148.0,262.0,149.0,224.0,149.0,235.0,149.0,255.0,129.0,270.0,129.0,242.0,132.0,245.0,134.0,259.0
E,day1,1787864404.353267,28,141.0,350.0,169.0,336.0,185.0,302.0,167.0,279.0,143.0,282.0,180.0,263.0,179.0,226.0,180.0,232.0,180.0,249.0,158.0,261.0,154.0,219.0,156.0,232.0,158.0,252.0,138.0,265.0,134.0,226.0,138.0,238.0,140.0,258.0,119.0,274.0,117.0,245.0,122.0,248.0,125.0,263.0
E,day1,1787864404.4733658,29,139.0,354.0,169.0,337.0,183.0,298.0,164.0,275.0,138.0,286.0,165.0,258.0,160.0,221.0,170.0,231.0,174.0,250.0,145.0,259.0,136.0,216.0,149.0,233.0,152.0,255.0,127.0,267.0,117.0,227.0,131.0,242.0,135.0,263.0,109.0,278.0,106.0,248.0,118.0,255.0,123.0,269.0
E,day1,1787864404.5868375,30,137.0,355.0,167.0,336.0,178.0,295.0,158.0,274.0,134.0,286.0,153.0,257.0,147.0,220.0,162.0,232.0,166.0,252.0,135.0,261.0,123.0,217.0,142.0,235.0,147.0,256.0,119.0,270.0,106.0,230.0,126.0,246.0,132.0,266.0,103.0,282.0,101.0,250.0,117.0,258.0,123.0,273.0
E,day1,1787864404.6903238,31,138.0,356.0,168.0,337.0,179.0,298.0,162.0,276.0,137.0,286.0,153.0,258.0,147.0,220.0,163.0,234.0,166.0,254.0,136.0,262.0,125.0,218.0,145.0,239.0,150.0,259.0,121.0,271.0,108.0,232.0,130.0,249.0,135.0,269.0,105.0,284.0,102.0,252.0,120.0,260.0,126.0,277.0
E,day1,1787864404.8144262,32,139.0,363.0,170.0,350.0,189.0,317.0,173.0,290.0,148.0,287.0,187.0,275.0,189.0,239.0,190.0,244.0,188.0,262.0,164.0,271.0,162.0,228.0,165.0,241.0,166.0,261.0,144.0,274.0,142.0,234.0,146.0,245.0,147.0,266.0,123.0,283.0,124.0,255.0,130.0,258.0,133.0,270.0
E,day1,1787864404.9451861,33,146.0,367.0,176.0,356.0,197.0,325.0,180.0,298.0,155.0,294.0,201.0,282.0,206.0,243.0,201.0,248.0,197.0,266.0,177.0,276.0,180.0,233.0,174.0,244.0,174.0,264.0,156.0,278.0,159.0,238.0,157.0,248.0,156.0,268.0,136.0,285.0,138.0,256.0,140.0,259.0,142.0,273.0
E,day1,1787864405.040687,34,152.0,364.0,182.0,355.0,204.0,328.0,189.0,302.0,166.0,293.0,209.0,283.0,218.0,244.0,209.0,252.0,203.0,272.0,186.0,278.0,193.0,231.0,184.0,246.0,182.0,267.0,165.0,278.0,171.0,238.0,167.0,252.0,165.0,272.0,145.0,284.0,149.0,256.0,150.0,261.0,151.0,275.0
E,day1,1787864405.1476517,35,157.0,364.0,187.0,355.0,209.0,329.0,191.0,302.0,166.0,296.0,218.0,285.0,227.0,247.0,219.0,254.0,213.0,271.0,194.0,278.0,202.0,234.0,193.0,249.0,191.0,269.0,174.0,278.0,181.0,239.0,176.0,253.0,173.0,272.0,153.0,283.0,159.0,255.0,159.0,260.0,160.0,273.0
E,day1,1787864405.2472017,36,159.0,363.0,189.0,358.0,212.0,331.0,196.0,303.0,171.0,295.0,221.0,287.0,234.0,248.0,222.0,261.0,213.0,281.0,199.0,280.0,211.0,235.0,200.0,254.0,195.0,275.0,178.0,278.0,189.0,238.0,182.0,255.0,178.0,275.0,158.0,281.0,166.0,252.0,165.0,262.0,164.0,277.0
E,day1,1787864405.3389847,37,159.0,361.0,188.0,356.0,211.0,330.0,196.0,301.0,173.0,291.0,219.0,285.0,231.0,246.0,223.0,259.0,214.0,279.0,197.0,278.0,208.0,231.0,202.0,249.0,197.0,271.0,177.0,276.0,186.0,235.0,183.0,251.0,180.0,271.0,156.0,280.0,164.0,250.0,167.0,258.0,166.0,272.0
E,day1,1787864405.4564269,38,158.0,361.0,188.0,354.0,210.0,326.0,195.0,298.0,171.0,289.0,217.0,284.0,229.0,245.0,220.0,256.0,211.0,276.0,195.0,276.0,206.0,230.0,197.0,247.0,193.0,268.0,174.0,275.0,184.0,233.0,180.0,248.0,176.0,268.0,154.0,279.0,161.0,249.0,162.0,256.0,162.0,270.0
E,day1,1787864405.5899687,39,156.0,360.0,186.0,352.0,208.0,324.0,191.0,297.0,167.0,291.0,214.0,281.0,224.0,242.0,217.0,254.0,209.0,274.0,191.0,275.0,199.0,230.0,194.0,247.0,190.0,268.0,171.0,274.0,178.0,234.0,176.0,249.0,174.0,269.0,150.0,278.0,156.0,249.0,159.0,256.0,159.0,270.0
E,day1,1787864405.7110648,40,152.0,359.0,181.0,350.0,201.0,320.0,184.0,295.0,160.0,289.0,206.0,278.0,213.0,241.0,208.0,248.0,202.0,267.0,183.0,273.0,189.0,229.0,184.0,242.0,181.0,263.0,163.0,273.0,168.0,233.0,167.0,246.0,165.0,266.0,142.0,279.0,146.0,250.0,149.0,254.0,150.0,267.0
E,day1,1787864405.8051105,41,146.0,364.0,175.0,349.0,193.0,318.0,178.0,294.0,153.0,290.0,194.0,278.0,200.0,243.0,198.0,241.0,195.0,252.0,172.0,273.0,173.0,233.0,172.0,233.0,172.0,246.0,152.0,275.0,152.0,238.0,153.0,240.0,153.0,257.0,130.0,283.0,130.0,255.0,133.0,253.0,136.0,263.0
E,day1,1787864405.892861,42,137.0,360.0,165.0,344.0,177.0,307.0,157.0,285.0,132.0,290.0,174.0,267.0,172.0,230.0,171.0,233.0,170.0,250.0,151.0,265.0,145.0,223.0,145.0,233.0,148.0,255.0,131.0,271.0,125.0,231.0,128.0,241.0,131.0,263.0,111.0,282.0,108.0,250.0,112.0,254.0,115.0,270.0
E,day1,1787864405.9857526,43,136.0,358.0,164.0,343.0,176.0,306.0,153.0,286.0,128.0,286.0,168.0,265.0,164.0,227.0,163.0,234.0,164.0,253.0,144.0,266.0,137.0,222.0,137.0,235.0,141.0,255.0,124.0,273.0,117.0,232.0,120.0,241.0,124.0,261.0,106.0,284.0,101.0,254.0,105.0,257.0,109.0,270.0
E,day1,1787864406.080666,44,137.0,357.0,163.0,340.0,174.0,304.0,150.0,283.0,125.0,284.0,165.0,265.0,160.0,227.0,159.0,233.0,160.0,252.0,141.0,266.0,132.0,222.0,134.0,236.0,139.0,257.0,122.0,272.0,113.0,233.0,117.0,245.0,122.0,265.0,103.0,284.0,97.0,255.0,102.0,259.0,108.0,274.0
E,day1,1787864406.1697376,45,134.0,355.0,159.0,335.0,169.0,298.0,143.0,279.0,117.0,280.0,158.0,262.0,151.0,226.0,152.0,229.0,155.0,246.0,134.0,264.0,123.0,222.0,126.0,231.0,131.0,250.0,115.0,271.0,104.0,234.0,108.0,240.0,115.0,260.0,96.0,284.0,89.0,256.0,94.0,256.0,100.0,269.0
E,day1,1787864406.2775383,46,132.0,353.0,157.0,334.0,164.0,298.0,139.0,281.0,115.0,283.0,154.0,261.0,145.0,225.0,143.0,229.0,146.0,245.0,130.0,264.0,120.0,222.0,119.0,232.0,125.0,250.0,111.0,272.0,101.0,235.0,103.0,242.0,109.0,260.0,94.0,285.0,87.0,256.0,90.0,257.0,96.0,270.0
E,day1,1787864406.3754387,47,132.0,354.0,157.0,335.0,165.0,299.0,140.0,280.0,116.0,280.0,153.0,262.0,146.0,226.0,144.0,229.0,147.0,245.0,130.0,264.0,119.0,223.0,119.0,233.0,125.0,251.0,111.0,272.0,101.0,235.0,103.0,242.0,110.0,260.0,94.0,285.0,87.0,256.0,90.0,257.0,96.0,270.0
E,day1,1787864406.4780295,48,132.0,355.0,157.0,335.0,164.0,299.0,138.0,280.0,114.0,282.0,152.0,262.0,143.0,227.0,143.0,231.0,147.0,248.0,129.0,265.0,117.0,223.0,119.0,233.0,125.0,252.0,110.0,273.0,99.0,236.0,102.0,243.0,109.0,261.0,92.0,286.0,84.0,257.0,88.0,259.0,94.0,271.0
E,day1,1787864406.5758767,49,131.0,356.0,155.0,335.0,161.0,298.0,135.0,281.0,111.0,285.0,149.0,262.0,140.0,227.0,138.0,230.0,141.0,245.0,126.0,265.0,114.0,224.0,114.0,234.0,119.0,253.0,107.0,273.0,95.0,237.0,97.0,245.0,104.0,264.0,90.0,286.0,80.0,258.0,84.0,260.0,91.0,275.0
E,day1,1787864406.6732213,50,130.0,356.0,155.0,335.0,161.0,298.0,136.0,280.0,111.0,282.0,148.0,262.0,139.0,227.0,138.0,229.0,142.0,245.0,125.0,265.0,113.0,225.0,113.0,235.0,120.0,253.0,106.0,274.0,94.0,238.0,97.0,245.0,104.0,263.0,89.0,288.0,79.0,259.0,83.0,260.0,90.0,274.0
E,day1,1787864406.785892,51,134.0,358.0,159.0,335.0,164.0,298.0,138.0,278.0,114.0,280.0,152.0,263.0,142.0,229.0,141.0,230.0,144.0,245.0,128.0,266.0,115.0,227.0,115.0,234.0,122.0,251.0,109.0,275.0,97.0,241.0,99.0,244.0,107.0,262.0,92.0,289.0,81.0,261.0,84.0,260.0,92.0,273.0
E,day1,1787864406.8945835,52,143.0,362.0,166.0,337.0,168.0,300.0,143.0,281.0,119.0,281.0,149.0,264.0,137.0,232.0,137.0,231.0,141.0,245.0,126.0,268.0,109.0,230.0,112.0,239.0,120.0,257.0,108.0,279.0,91.0,244.0,96.0,250.0,105.0,268.0,92.0,295.0,79.0,266.0,83.0,266.0,91.0,279.0
E,day1,1787864407.0030975,53,152.0,368.0,176.0,343.0,180.0,303.0,151.0,284.0,126.0,286.0,163.0,270.0,152.0,236.0,149.0,235.0,152.0,248.0,138.0,274.0,122.0,235.0,121.0,241.0,128.0,258.0,120.0,284.0,104.0,248.0,104.0,253.0,113.0,271.0,104.0,299.0,90.0,272.0,92.0,271.0,101.0,281.0
E,day1,1787864407.113653,54,156.0,374.0,183.0,351.0,192.0,312.0,163.0,292.0,137.0,298.0,181.0,273.0,173.0,238.0,171.0,240.0,174.0,255.0,155.0,275.0,145.0,235.0,144.0,242.0,149.0,261.0,136.0,284.0,124.0,246.0,125.0,253.0,131.0,271.0,117.0,298.0,108.0,268.0,111.0,268.0,118.0,282.0
E,day1,1787864407.233788,55,156.0,372.0,187.0,360.0,208.0,327.0,188.0,302.0,161.0,300.0,208.0,281.0,214.0,241.0,210.0,251.0,204.0,272.0,182.0,276.0,185.0,229.0,183.0,245.0,182.0,268.0,161.0,279.0,163.0,236.0,164.0,251.0,164.0,273.0,139.0,287.0,142.0,257.0,146.0,262.0,148.0,275.0
E,day1,1787864407.3401363,56,155.0,371.0,187.0,361.0,209.0,328.0,192.0,300.0,165.0,298.0,212.0,282.0,221.0,243.0,217.0,252.0,211.0,271.0,188.0,276.0,194.0,230.0,191.0,244.0,188.0,265.0,166.0,277.0,171.0,235.0,171.0,250.0,169.0,272.0,144.0,284.0,149.0,253.0,153.0,260.0,153.0,275.0
E,day1,1787864407.4467492,57,155.0,370.0,187.0,364.0,212.0,333.0,197.0,304.0,170.0,298.0,219.0,286.0,231.0,247.0,228.0,254.0,220.0,274.0,195.0,278.0,204.0,233.0,202.0,246.0,198.0,266.0,173.0,278.0,181.0,237.0,182.0,247.0,179.0,267.0,151.0,283.0,158.0,254.0,162.0,257.0,162.0,269.0
F,day1,1787864507.6768198,0,150.0,386.0,176.0,376.0,202.0,362.0,220.0,351.0,230.0,337.0,191.0,315.0,211.0,299.0,221.0,313.0,225.0,328.0,178.0,307.0,195.0,280.0,209.0,260.0,220.0,241.0,162.0,307.0,166.0,273.0,170.0,251.0,174.0,231.0,144.0,316.0,135.0,291.0,129.0,272.0,126.0,255.0
F,day1,1787864507.7821038,1,150.0,386.0,176.0,377.0,201.0,363.0,220.0,352.0,230.0,337.0,191.0,315.0,211.0,299.0,221.0,313.0,225.0,328.0,178.0,307.0,195.0,280.0,209.0,260.0,220.0,241.0,162.0,307.0,166.0,274.0,170.0,251.0,174.0,231.0,144.0,316.0,135.0,290.0,130.0,272.0,126.0,255.0
F,day1,1787864507.881751,2,150.0,387.0,176.0,378.0,201.0,363.0,220.0,352.0,230.0,337.0,191.0,315.0,211.0,299.0,221.0,314.0,225.0,329.0,178.0,307.0,195.0,280.0,209.0,261.0,220.0,242.0,162.0,307.0,166.0,274.0,170.0,251.0,174.0,231.0,144.0,316.0,135.0,290.0,129.0,272.0,126.0,255.0
F,day1,1787864507.9916177,3,150.0,387.0,176.0,378.0,201.0,364.0,219.0,353.0,230.0,338.0,191.0,315.0,212.0,299.0,221.0,314.0,225.0,329.0,178.0,307.0,195.0,280.0,209.0,260.0,220.0,241.0,162.0,307.0,166.0,273.0,169.0,251.0,173.0,231.0,144.0,316.0,135.0,290.0,129.0,272.0,126.0,254.0
F,day1,1787864508.097347,4,149.0,387.0,176.0,378.0,201.0,365.0,218.0,354.0,227.0,339.0,191.0,316.0,211.0,299.0,220.0,314.0,223.0,329.0,178.0,308.0,194.0,280.0,208.0,260.0,219.0,241.0,161.0,307.0,166.0,274.0,169.0,251.0,174.0,232.0,143.0,316.0,134.0,290.0,129.0,271.0,126.0,254.0
F,day1,1787864508.2072115,5,150.0,387.0,176.0,379.0,200.0,367.0,217.0,356.0,224.0,341.0,191.0,317.0,211.0,301.0,219.0,315.0,222.0,330.0,178.0,308.0,194.0,281.0,207.0,261.0,218.0,242.0,161.0,308.0,166.0,274.0,169.0,251.0,173.0,232.0,142.0,316.0,133.0,289.0,128.0,271.0,124.0,254.0
F,day1,1787864508.3025963,6,149.0,388.0,175.0,381.0,199.0,369.0,216.0,357.0,220.0,342.0,193.0,319.0,212.0,301.0,217.0,317.0,216.0,333.0,179.0,309.0,195.0,281.0,207.0,261.0,217.0,242.0,161.0,308.0,166.0,274.0,169.0,252.0,173.0,232.0,141.0,315.0,132.0,289.0,127.0,270.0,123.0,253.0
F,day1,1787864508.412248,7,149.0,390.0,175.0,383.0,199.0,371.0,215.0,358.0,216.0,342.0,194.0,320.0,210.0,300.0,214.0,314.0,213.0,330.0,179.0,310.0,194.0,281.0,205.0,261.0,214.0,241.0,161.0,309.0,166.0,275.0,169.0,252.0,174.0,232.0,141.0,315.0,132.0,288.0,126.0,270.0,123.0,253.0
F,day1,1787864508.5057325,8,149.0,391.0,175.0,383.0,198.0,371.0,214.0,358.0,213.0,342.0,194.0,320.0,209.0,300.0,212.0,314.0,210.0,330.0,179.0,310.0,193.0,280.0,203.0,261.0,212.0,240.0,160.0,308.0,166.0,275.0,169.0,252.0,173.0,232.0,140.0,315.0,131.0,288.0,126.0,270.0,123.0,253.0
F,day1,1787864508.6207855,9,148.0,391.0,173.0,384.0,197.0,371.0,211.0,358.0,211.0,342.0,195.0,320.0,207.0,300.0,207.0,314.0,204.0,330.0,179.0,310.0,192.0,280.0,202.0,260.0,211.0,240.0,160.0,308.0,165.0,275.0,168.0,252.0,173.0,232.0,139.0,314.0,130.0,288.0,125.0,270.0,122.0,253.0
F,day1,1787864508.727985,10,147.0,390.0,173.0,384.0,197.0,372.0,210.0,358.0,207.0,343.0,195.0,321.0,205.0,300.0,204.0,312.0,200.0,326.0,178.0,310.0,190.0,280.0,199.0,260.0,209.0,240.0,158.0,308.0,163.0,274.0,167.0,251.0,172.0,232.0,137.0,314.0,128.0,287.0,123.0,269.0,120.0,252.0
F,day1,1787864508.8515756,11,144.0,391.0,170.0,384.0,193.0,371.0,204.0,356.0,201.0,341.0,191.0,321.0,201.0,300.0,199.0,310.0,195.0,323.0,176.0,310.0,188.0,279.0,196.0,259.0,204.0,238.0,157.0,307.0,162.0,274.0,165.0,251.0,170.0,231.0,136.0,313.0,126.0,286.0,121.0,268.0,117.0,252.0
F,day1,1787864508.9614365,12,142.0,391.0,166.0,384.0,189.0,372.0,198.0,356.0,194.0,342.0,187.0,320.0,197.0,298.0,195.0,309.0,190.0,322.0,171.0,309.0,183.0,278.0,191.0,258.0,198.0,237.0,152.0,307.0,158.0,274.0,161.0,251.0,166.0,231.0,131.0,313.0,122.0,286.0,117.0,267.0,114.0,250.0
F,day1,1787864509.0621593,13,142.0,391.0,166.0,384.0,188.0,372.0,197.0,357.0,193.0,342.0,187.0,319.0,197.0,298.0,195.0,309.0,190.0,323.0,171.0,309.0,183.0,278.0,190.0,258.0,198.0,237.0,153.0,307.0,158.0,275.0,162.0,252.0,167.0,232.0,132.0,312.0,123.0,286.0,117.0,267.0,114.0,250.0
F,day1,1787864509.1779692,14,142.0,391.0,166.0,385.0,188.0,371.0,198.0,356.0,194.0,342.0,187.0,319.0,196.0,298.0,194.0,310.0,189.0,324.0,171.0,309.0,183.0,278.0,190.0,257.0,198.0,236.0,153.0,307.0,158.0,274.0,162.0,251.0,167.0,231.0,132.0,313.0,123.0,286.0,117.0,268.0,114.0,251.0
F,day1,1787864509.3042564,15,141.0,390.0,165.0,384.0,188.0,371.0,198.0,356.0,194.0,341.0,187.0,319.0,197.0,298.0,194.0,310.0,189.0,324.0,171.0,308.0,183.0,277.0,190.0,257.0,198.0,236.0,152.0,306.0,157.0,274.0,161.0,251.0,166.0,231.0,130.0,312.0,121.0,286.0,116.0,267.0,112.0,251.0
F,day1,1787864509.4123433,16,143.0,390.0,169.0,382.0,193.0,369.0,208.0,356.0,208.0,341.0,188.0,319.0,202.0,300.0,205.0,314.0,205.0,330.0,172.0,309.0,185.0,279.0,195.0,259.0,203.0,239.0,153.0,307.0,158.0,274.0,161.0,250.0,165.0,230.0,132.0,314.0,121.0,287.0,115.0,269.0,111.0,252.0
F,day1,1787864509.5172343,17,143.0,389.0,170.0,380.0,195.0,367.0,212.0,356.0,216.0,340.0,187.0,317.0,205.0,300.0,212.0,315.0,215.0,331.0,172.0,308.0,187.0,278.0,198.0,258.0,208.0,237.0,154.0,307.0,158.0,273.0,161.0,250.0,166.0,230.0,134.0,314.0,124.0,288.0,117.0,269.0,113.0,253.0
F,day1,1787864509.6281056,18,143.0,386.0,171.0,378.0,197.0,364.0,215.0,352.0,218.0,337.0,187.0,316.0,208.0,299.0,216.0,315.0,219.0,330.0,173.0,307.0,188.0,277.0,201.0,257.0,210.0,237.0,156.0,306.0,160.0,272.0,163.0,249.0,167.0,229.0,136.0,314.0,127.0,287.0,120.0,269.0,116.0,253.0
F,day1,1787864509.7251954,19,145.0,386.0,172.0,377.0,197.0,363.0,216.0,351.0,224.0,337.0,187.0,315.0,209.0,298.0,218.0,313.0,221.0,328.0,175.0,306.0,190.0,277.0,203.0,257.0,213.0,236.0,158.0,306.0,162.0,272.0,166.0,249.0,169.0,229.0,140.0,313.0,130.0,288.0,124.0,269.0,120.0,252.0
F,day1,1787864509.824005,20,146.0,386.0,174.0,377.0,199.0,362.0,217.0,350.0,228.0,336.0,189.0,314.0,210.0,297.0,220.0,312.0,223.0,327.0,176.0,305.0,192.0,277.0,205.0,256.0,215.0,236.0,160.0,305.0,164.0,272.0,167.0,249.0,171.0,229.0,143.0,314.0,133.0,288.0,127.0,269.0,123.0,252.0
F,day1,1787864509.936672,21,148.0,386.0,175.0,376.0,201.0,361.0,219.0,350.0,229.0,335.0,189.0,313.0,210.0,296.0,220.0,311.0,224.0,326.0,176.0,305.0,192.0,276.0,206.0,256.0,216.0,236.0,161.0,306.0,164.0,272.0,168.0,249.0,172.0,230.0,144.0,314.0,134.0,288.0,128.0,269.0,125.0,252.0
F,day1,1787864510.0609815,22,150.0,385.0,177.0,375.0,201.0,361.0,220.0,349.0,230.0,335.0,190.0,314.0,210.0,297.0,220.0,310.0,225.0,324.0,178.0,305.0,193.0,277.0,206.0,256.0,217.0,237.0,162.0,305.0,166.0,271.0,169.0,249.0,173.0,229.0,145.0,314.0,135.0,288.0,129.0,269.0,126.0,252.0
F,day1,1787864510.1789076,23,151.0,384.0,179.0,375.0,204.0,358.0,222.0,347.0,234.0,334.0,191.0,314.0,213.0,297.0,224.0,309.0,229.0,323.0,180.0,306.0,196.0,277.0,210.0,256.0,220.0,237.0,165.0,306.0,169.0,272.0,172.0,249.0,176.0,230.0,150.0,314.0,141.0,289.0,135.0,270.0,132.0,254.0
F,day1,1787864510.2924948,24,153.0,385.0,180.0,374.0,204.0,357.0,223.0,346.0,235.0,333.0,192.0,312.0,214.0,297.0,225.0,309.0,230.0,323.0,181.0,305.0,197.0,276.0,211.0,256.0,222.0,237.0,167.0,306.0,170.0,272.0,174.0,250.0,178.0,230.0,152.0,314.0,143.0,289.0,138.0,271.0,135.0,254.0
F,day1,1787864510.3925023,25,152.0,385.0,180.0,374.0,205.0,357.0,223.0,346.0,235.0,333.0,193.0,313.0,214.0,297.0,226.0,309.0,231.0,323.0,181.0,305.0,197.0,277.0,211.0,256.0,222.0,237.0,167.0,306.0,170.0,272.0,174.0,250.0,179.0,230.0,152.0,314.0,143.0,289.0,138.0,271.0,135.0,253.0
F,day1,1787864510.4948995,26,152.0,385.0,180.0,374.0,205.0,357.0,223.0,346.0,235.0,333.0,193.0,313.0,214.0,298.0,225.0,309.0,230.0,323.0,181.0,305.0,197.0,277.0,211.0,257.0,222.0,238.0,167.0,306.0,170.0,272.0,174.0,250.0,178.0,230.0,152.0,314.0,142.0,289.0,137.0,271.0,134.0,254.0
F,day1,1787864510.5948427,27,152.0,384.0,179.0,374.0,204.0,357.0,223.0,346.0,234.0,333.0,192.0,312.0,213.0,297.0,224.0,309.0,229.0,323.0,180.0,305.0,196.0,276.0,210.0,256.0,221.0,237.0,166.0,305.0,169.0,272.0,173.0,249.0,178.0,230.0,150.0,314.0,141.0,289.0,135.0,271.0,132.0,253.0
F,day1,1787864510.6864996,28,151.0,384.0,179.0,374.0,204.0,357.0,223.0,346.0,234.0,333.0,191.0,312.0,213.0,297.0,224.0,309.0,229.0,323.0,180.0,305.0,196.0,277.0,210.0,256.0,221.0,237.0,166.0,306.0,169.0,272.0,173.0,249.0,177.0,229.0,150.0,315.0,141.0,290.0,135.0,271.0,132.0,253.0
F,day1,1787864510.8200767,29,151.0,384.0,179.0,373.0,204.0,356.0,222.0,345.0,233.0,332.0,190.0,311.0,211.0,296.0,223.0,309.0,227.0,323.0,179.0,304.0,194.0,275.0,209.0,255.0,219.0,237.0,165.0,305.0,167.0,272.0,172.0,249.0,176.0,230.0,150.0,315.0,141.0,290.0,136.0,271.0,133.0,253.0
F,day1,1787864510.9428723,30,149.0,383.0,177.0,373.0,203.0,354.0,222.0,341.0,231.0,327.0,187.0,310.0,208.0,294.0,219.0,305.0,225.0,319.0,175.0,303.0,190.0,273.0,204.0,252.0,214.0,234.0,161.0,303.0,164.0,270.0,167.0,247.0,171.0,228.0,146.0,312.0,135.0,288.0,130.0,269.0,126.0,253.0
F,day1,1787864511.0527365,31,150.0,383.0,178.0,371.0,202.0,351.0,218.0,336.0,226.0,321.0,184.0,308.0,203.0,289.0,215.0,299.0,221.0,312.0,171.0,301.0,184.0,269.0,196.0,248.0,205.0,229.0,156.0,302.0,158.0,268.0,161.0,245.0,164.0,226.0,141.0,310.0,130.0,285.0,124.0,267.0,120.0,250.0
F,day1,1787864511.166949,32,149.0,380.0,176.0,366.0,198.0,343.0,212.0,324.0,219.0,307.0,176.0,302.0,192.0,282.0,205.0,289.0,213.0,301.0,162.0,295.0,170.0,264.0,178.0,242.0,184.0,222.0,146.0,297.0,144.0,265.0,144.0,243.0,144.0,224.0,131.0,306.0,119.0,282.0,111.0,265.0,106.0,249.0
F,day1,1787864511.2782652,33,148.0,380.0,175.0,365.0,196.0,340.0,211.0,320.0,214.0,302.0,173.0,301.0,188.0,280.0,201.0,286.0,209.0,296.0,158.0,294.0,165.0,262.0,171.0,240.0,176.0,220.0,142.0,296.0,139.0,265.0,138.0,244.0,138.0,225.0,127.0,305.0,114.0,282.0,106.0,265.0,100.0,250.0
F,day1,1787864511.4133852,34,148.0,379.0,174.0,363.0,195.0,338.0,209.0,317.0,210.0,299.0,170.0,300.0,184.0,280.0,197.0,284.0,205.0,294.0,155.0,294.0,160.0,262.0,166.0,239.0,170.0,219.0,139.0,296.0,134.0,265.0,133.0,243.0,132.0,226.0,124.0,305.0,110.0,282.0,101.0,266.0,94.0,251.0
F,day1,1787864511.5218694,35,145.0,379.0,172.0,363.0,193.0,338.0,207.0,317.0,209.0,299.0,169.0,300.0,182.0,280.0,195.0,283.0,203.0,292.0,153.0,294.0,159.0,262.0,166.0,240.0,171.0,219.0,138.0,296.0,133.0,264.0,132.0,243.0,132.0,225.0,123.0,305.0,108.0,282.0,100.0,265.0,94.0,250.0
F,day1,1787864511.6460643,36,144.0,379.0,171.0,364.0,193.0,340.0,207.0,321.0,211.0,303.0,170.0,301.0,186.0,280.0,198.0,286.0,206.0,297.0,156.0,295.0,163.0,263.0,171.0,240.0,176.0,219.0,140.0,296.0,137.0,264.0,137.0,243.0,138.0,224.0,124.0,305.0,111.0,282.0,103.0,265.0,98.0,249.0
F,day1,1787864511.7462912,37,144.0,380.0,172.0,366.0,195.0,345.0,211.0,328.0,216.0,311.0,174.0,303.0,192.0,282.0,204.0,291.0,212.0,303.0,161.0,296.0,171.0,265.0,180.0,244.0,187.0,223.0,145.0,298.0,145.0,265.0,146.0,243.0,148.0,223.0,130.0,307.0,118.0,282.0,112.0,265.0,108.0,248.0
F,day1,1787864511.858678,38,145.0,381.0,172.0,368.0,196.0,349.0,214.0,333.0,221.0,316.0,177.0,305.0,196.0,285.0,209.0,295.0,215.0,308.0,164.0,298.0,176.0,267.0,187.0,246.0,195.0,226.0,149.0,299.0,149.0,266.0,151.0,243.0,154.0,224.0,133.0,308.0,122.0,283.0,116.0,265.0,113.0,248.0
F,day1,1787864511.9693913,39,145.0,384.0,173.0,372.0,197.0,356.0,215.0,345.0,227.0,331.0,184.0,311.0,205.0,294.0,216.0,308.0,221.0,323.0,172.0,303.0,188.0,275.0,202.0,256.0,213.0,238.0,157.0,305.0,161.0,271.0,165.0,249.0,170.0,229.0,141.0,314.0,134.0,288.0,131.0,269.0,131.0,252.0
F,day1,1787864512.0810032,40,145.0,384.0,172.0,374.0,197.0,358.0,215.0,348.0,228.0,337.0,187.0,313.0,208.0,297.0,218.0,313.0,223.0,328.0,175.0,305.0,192.0,278.0,207.0,260.0,220.0,244.0,160.0,306.0,165.0,272.0,170.0,250.0,176.0,231.0,144.0,315.0,137.0,289.0,135.0,271.0,136.0,253.0
F,day1,1787864512.1818924,41,144.0,385.0,171.0,375.0,197.0,360.0,216.0,351.0,227.0,338.0,188.0,314.0,210.0,301.0,219.0,316.0,223.0,332.0,177.0,307.0,194.0,281.0,211.0,264.0,225.0,248.0,161.0,308.0,167.0,275.0,173.0,253.0,180.0,234.0,145.0,317.0,139.0,292.0,138.0,274.0,139.0,256.0
F,day1,1787864512.3027391,42,145.0,385.0,172.0,375.0,197.0,362.0,216.0,352.0,228.0,339.0,188.0,315.0,209.0,300.0,219.0,315.0,223.0,330.0,177.0,307.0,194.0,281.0,209.0,263.0,222.0,246.0,161.0,308.0,167.0,274.0,172.0,252.0,178.0,233.0,144.0,316.0,137.0,290.0,134.0,272.0,134.0,255.0
F,day1,1787864512.400998,43,147.0,386.0,174.0,377.0,198.0,363.0,217.0,353.0,228.0,339.0,190.0,316.0,211.0,301.0,220.0,315.0,224.0,331.0,179.0,308.0,196.0,281.0,211.0,263.0,224.0,246.0,163.0,308.0,168.0,274.0,174.0,252.0,180.0,233.0,145.0,316.0,139.0,290.0,137.0,271.0,137.0,253.0
F,day1,1787864512.4991314,44,139.0,387.0,168.0,377.0,196.0,363.0,216.0,352.0,227.0,338.0,186.0,315.0,208.0,299.0,218.0,315.0,221.0,331.0,173.0,306.0,191.0,277.0,207.0,258.0,220.0,240.0,157.0,307.0,164.0,272.0,170.0,249.0,176.0,229.0,139.0,315.0,132.0,287.0,130.0,268.0,129.0,250.0
F,day1,1787864512.6037958,45,130.0,383.0,162.0,373.0,191.0,356.0,212.0,344.0,221.0,328.0,176.0,306.0,201.0,290.0,212.0,306.0,215.0,322.0,163.0,297.0,182.0,265.0,198.0,245.0,211.0,227.0,146.0,298.0,152.0,261.0,158.0,237.0,164.0,216.0,127.0,308.0,119.0,279.0,115.0,258.0,114.0,239.0
F,day1,1787864512.715691,46,120.0,379.0,152.0,368.0,181.0,350.0,202.0,336.0,214.0,320.0,166.0,297.0,191.0,279.0,204.0,295.0,209.0,312.0,152.0,289.0,171.0,255.0,188.0,233.0,202.0,212.0,133.0,290.0,139.0,250.0,145.0,223.0,152.0,201.0,113.0,300.0,104.0,268.0,100.0,246.0,98.0,225.0
F,day1,1787864512.8214993,47,107.0,381.0,140.0,369.0,172.0,348.0,196.0,334.0,208.0,317.0,156.0,292.0,183.0,273.0,196.0,291.0,200.0,309.0,140.0,283.0,161.0,247.0,178.0,223.0,192.0,200.0,120.0,285.0,127.0,242.0,132.0,213.0,139.0,189.0,99.0,296.0,90.0,263.0,85.0,239.0,82.0,216.0
F,day1,1787864512.945753,48,104.0,381.0,138.0,369.0,172.0,349.0,197.0,334.0,204.0,317.0,154.0,291.0,183.0,272.0,194.0,293.0,198.0,312.0,137.0,282.0,158.0,246.0,175.0,221.0,189.0,198.0,116.0,284.0,121.0,241.0,126.0,212.0,132.0,186.0,93.0,297.0,83.0,264.0,77.0,239.0,74.0,215.0
F,day1,1787864513.0751505,49,97.0,386.0,131.0,374.0,165.0,354.0,191.0,340.0,202.0,324.0,147.0,293.0,177.0,274.0,189.0,296.0,192.0,317.0,129.0,284.0,151.0,246.0,169.0,220.0,182.0,195.0,106.0,288.0,111.0,242.0,117.0,211.0,124.0,183.0,82.0,303.0,68.0,268.0,61.0,243.0,58.0,217.0
F,day1,1787864513.194748,50,92.0,390.0,127.0,376.0,159.0,356.0,184.0,344.0,197.0,329.0,141.0,295.0,170.0,274.0,183.0,295.0,188.0,315.0,123.0,287.0,143.0,248.0,160.0,221.0,174.0,195.0,99.0,291.0,103.0,245.0,108.0,212.0,114.0,183.0,75.0,306.0,61.0,271.0,53.0,244.0,48.0,218.0
F,day1,1787864513.317661,51,91.0,391.0,125.0,376.0,158.0,355.0,183.0,342.0,195.0,328.0,140.0,296.0,168.0,274.0,181.0,295.0,187.0,315.0,121.0,288.0,142.0,250.0,159.0,223.0,173.0,197.0,98.0,291.0,102.0,245.0,105.0,213.0,110.0,184.0,74.0,306.0,60.0,271.0,52.0,245.0,47.0,220.0
F,day1,1787864513.4033244,52,95.0,388.0,130.0,374.0,163.0,353.0,188.0,339.0,198.0,323.0,145.0,294.0,175.0,273.0,187.0,295.0,191.0,315.0,128.0,286.0,148.0,247.0,164.0,221.0,177.0,196.0,105.0,289.0,109.0,244.0,112.0,213.0,118.0,184.0,81.0,304.0,67.0,269.0,59.0,244.0,55.0,219.0
F,day1,1787864513.5130353,53,105.0,381.0,141.0,367.0,175.0,346.0,201.0,330.0,208.0,312.0,157.0,289.0,185.0,268.0,197.0,288.0,202.0,307.0,141.0,280.0,160.0,244.0,177.0,220.0,191.0,196.0,120.0,282.0,124.0,239.0,129.0,210.0,135.0,184.0,98.0,294.0,88.0,260.0,83.0,236.0,80.0,213.0
F,day1,1787864513.6491928,54,114.0,378.0,149.0,364.0,181.0,344.0,205.0,329.0,215.0,312.0,166.0,289.0,192.0,269.0,205.0,288.0,210.0,307.0,150.0,280.0,168.0,245.0,186.0,222.0,200.0,200.0,130.0,281.0,135.0,240.0,140.0,212.0,147.0,187.0,108.0,292.0,99.0,259.0,95.0,235.0,94.0,212.0
F,day1,1787864513.7585347,55,132.0,378.0,166.0,367.0,197.0,350.0,220.0,337.0,230.0,321.0,184.0,295.0,210.0,277.0,221.0,294.0,225.0,311.0,170.0,287.0,189.0,254.0,206.0,232.0,219.0,212.0,153.0,287.0,160.0,248.0,166.0,222.0,174.0,200.0,133.0,297.0,127.0,265.0,124.0,243.0,125.0,222.0
F,day1,1787864513.8755713,56,147.0,379.0,180.0,368.0,211.0,351.0,233.0,338.0,243.0,324.0,198.0,302.0,223.0,284.0,235.0,298.0,239.0,314.0,186.0,293.0,205.0,262.0,223.0,242.0,236.0,223.0,169.0,292.0,178.0,255.0,186.0,232.0,194.0,211.0,151.0,299.0,148.0,270.0,148.0,249.0,150.0,229.0
G,day1,1787864590.5866191,0,48.0,317.0,64.0,284.0,98.0,257.0,127.0,237.0,140.0,215.0,125.0,255.0,174.0,251.0,203.0,250.0,226.0,250.0,131.0,277.0,167.0,295.0,151.0,302.0,132.0,300.0,131.0,303.0,156.0,317.0,141.0,321.0,125.0,318.0,128.0,326.0,144.0,333.0,131.0,336.0,117.0,334.0
G,day1,1787864590.6936383,1,48.0,320.0,64.0,285.0,98.0,259.0,129.0,239.0,143.0,216.0,125.0,256.0,176.0,253.0,205.0,253.0,228.0,252.0,132.0,278.0,169.0,297.0,152.0,303.0,133.0,301.0,132.0,303.0,157.0,319.0,142.0,322.0,126.0,320.0,129.0,326.0,145.0,334.0,131.0,337.0,118.0,335.0
G,day1,1787864590.7938511,2,46.0,320.0,64.0,285.0,100.0,259.0,130.0,239.0,146.0,217.0,126.0,256.0,176.0,254.0,206.0,255.0,230.0,255.0,133.0,278.0,170.0,297.0,154.0,304.0,134.0,301.0,132.0,304.0,158.0,320.0,144.0,323.0,128.0,320.0,128.0,327.0,147.0,336.0,133.0,338.0,120.0,336.0
G,day1,1787864590.8898387,3,48.0,319.0,66.0,285.0,103.0,259.0,134.0,239.0,149.0,216.0,129.0,256.0,180.0,255.0,210.0,256.0,233.0,257.0,135.0,278.0,172.0,300.0,155.0,306.0,136.0,302.0,134.0,303.0,161.0,321.0,146.0,324.0,130.0,320.0,130.0,327.0,148.0,337.0,134.0,339.0,121.0,336.0
G,day1,1787864591.0023875,4,49.0,318.0,68.0,283.0,104.0,259.0,136.0,239.0,151.0,216.0,130.0,256.0,181.0,255.0,211.0,256.0,235.0,257.0,135.0,277.0,174.0,299.0,156.0,305.0,137.0,302.0,135.0,303.0,163.0,321.0,147.0,324.0,131.0,320.0,131.0,326.0,150.0,336.0,136.0,338.0,123.0,335.0
G,day1,1787864591.108874,5,50.0,316.0,67.0,282.0,104.0,255.0,137.0,235.0,151.0,212.0,131.0,254.0,182.0,254.0,212.0,256.0,236.0,258.0,137.0,278.0,176.0,299.0,159.0,304.0,137.0,301.0,137.0,305.0,164.0,320.0,149.0,323.0,132.0,320.0,133.0,328.0,151.0,336.0,137.0,338.0,123.0,336.0
G,day1,1787864591.235428,6,44.0,318.0,63.0,280.0,100.0,253.0,132.0,231.0,146.0,208.0,126.0,252.0,178.0,251.0,209.0,253.0,233.0,253.0,132.0,277.0,171.0,295.0,155.0,301.0,135.0,298.0,132.0,304.0,161.0,317.0,146.0,320.0,130.0,317.0,129.0,328.0,149.0,333.0,136.0,335.0,123.0,333.0
G,day1,1787864591.3458455,7,44.0,317.0,63.0,280.0,98.0,251.0,127.0,230.0,140.0,207.0,124.0,252.0,175.0,249.0,205.0,250.0,229.0,251.0,130.0,277.0,171.0,295.0,156.0,300.0,137.0,298.0,130.0,304.0,160.0,318.0,147.0,321.0,130.0,317.0,127.0,328.0,149.0,335.0,137.0,336.0,123.0,333.0
G,day1,1787864591.443899,8,43.0,324.0,60.0,285.0,97.0,255.0,127.0,233.0,140.0,208.0,121.0,258.0,172.0,254.0,201.0,254.0,224.0,255.0,127.0,283.0,171.0,296.0,156.0,301.0,136.0,299.0,127.0,310.0,160.0,319.0,146.0,321.0,129.0,319.0,123.0,334.0,149.0,335.0,136.0,337.0,122.0,336.0
G,day1,1787864591.5479558,9,41.0,330.0,58.0,290.0,95.0,259.0,125.0,235.0,136.0,209.0,116.0,261.0,167.0,257.0,197.0,257.0,220.0,258.0,123.0,288.0,170.0,297.0,157.0,302.0,139.0,303.0,124.0,316.0,159.0,321.0,147.0,324.0,130.0,324.0,122.0,340.0,148.0,339.0,137.0,341.0,123.0,341.0
G,day1,1787864591.6543767,10,41.0,329.0,57.0,289.0,93.0,258.0,121.0,234.0,129.0,208.0,114.0,263.0,164.0,257.0,194.0,257.0,217.0,257.0,121.0,289.0,168.0,296.0,157.0,302.0,139.0,303.0,123.0,317.0,159.0,322.0,147.0,324.0,130.0,324.0,121.0,341.0,148.0,339.0,137.0,341.0,123.0,341.0
G,day1,1787864591.7857192,11,39.0,338.0,53.0,296.0,90.0,264.0,117.0,238.0,125.0,212.0,111.0,267.0,161.0,264.0,191.0,265.0,214.0,266.0,119.0,294.0,166.0,301.0,154.0,305.0,134.0,305.0,120.0,323.0,156.0,326.0,144.0,329.0,127.0,329.0,118.0,349.0,144.0,347.0,132.0,348.0,118.0,349.0
G,day1,1787864591.9067938,12,38.0,362.0,51.0,318.0,87.0,286.0,112.0,261.0,118.0,235.0,115.0,297.0,167.0,296.0,198.0,298.0,222.0,301.0,122.0,327.0,172.0,326.0,158.0,322.0,138.0,323.0,120.0,355.0,161.0,351.0,148.0,347.0,130.0,348.0,116.0,379.0,147.0,370.0,135.0,367.0,120.0,368.0
G,day1,1787864591.9981418,13,37.0,368.0,51.0,322.0,88.0,292.0,114.0,266.0,122.0,240.0,119.0,304.0,173.0,305.0,204.0,308.0,227.0,312.0,127.0,334.0,174.0,328.0,163.0,322.0,144.0,322.0,126.0,361.0,165.0,352.0,154.0,346.0,137.0,346.0,122.0,384.0,152.0,373.0,142.0,367.0,128.0,366.0
G,day1,1787864592.118214,14,38.0,368.0,52.0,322.0,88.0,290.0,115.0,265.0,125.0,240.0,119.0,303.0,173.0,304.0,205.0,307.0,229.0,311.0,128.0,333.0,175.0,325.0,165.0,319.0,148.0,318.0,129.0,361.0,167.0,349.0,157.0,342.0,140.0,341.0,127.0,383.0,156.0,368.0,148.0,361.0,135.0,360.0
G,day1,1787864592.2436993,15,41.0,364.0,57.0,320.0,96.0,289.0,125.0,265.0,134.0,239.0,123.0,300.0,178.0,302.0,211.0,306.0,236.0,310.0,129.0,330.0,179.0,325.0,166.0,320.0,146.0,320.0,130.0,358.0,170.0,349.0,158.0,343.0,140.0,344.0,127.0,381.0,158.0,368.0,148.0,363.0,134.0,364.0
G,day1,1787864592.3641133,16,50.0,360.0,70.0,316.0,113.0,289.0,145.0,268.0,158.0,244.0,139.0,298.0,195.0,305.0,228.0,311.0,253.0,317.0,143.0,328.0,189.0,334.0,175.0,332.0,155.0,331.0,140.0,357.0,175.0,357.0,163.0,355.0,146.0,354.0,134.0,380.0,160.0,375.0,150.0,373.0,136.0,373.0
G,day1,1787864592.4928896,17,73.0,332.0,100.0,296.0,146.0,278.0,180.0,262.0,198.0,241.0,171.0,292.0,222.0,303.0,251.0,311.0,272.0,319.0,168.0,319.0,205.0,339.0,190.0,336.0,171.0,329.0,158.0,346.0,189.0,359.0,177.0,356.0,161.0,350.0,147.0,367.0,170.0,374.0,159.0,371.0,146.0,366.0
G,day1,1787864592.596241,18,78.0,322.0,106.0,290.0,150.0,270.0,183.0,254.0,198.0,232.0,171.0,281.0,220.0,292.0,248.0,301.0,270.0,308.0,169.0,307.0,205.0,332.0,190.0,332.0,172.0,324.0,160.0,334.0,189.0,354.0,177.0,353.0,161.0,346.0,150.0,357.0,173.0,369.0,162.0,367.0,149.0,361.0
G,day1,1787864592.7106893,19,77.0,322.0,105.0,290.0,149.0,270.0,181.0,254.0,197.0,233.0,168.0,281.0,216.0,293.0,245.0,303.0,266.0,310.0,166.0,308.0,205.0,330.0,191.0,330.0,173.0,323.0,158.0,336.0,189.0,352.0,177.0,351.0,161.0,346.0,147.0,360.0,173.0,368.0,161.0,366.0,147.0,361.0
G,day1,1787864592.8354013,20,75.0,325.0,101.0,293.0,145.0,273.0,177.0,256.0,191.0,235.0,164.0,284.0,211.0,296.0,239.0,305.0,260.0,312.0,162.0,310.0,200.0,333.0,186.0,333.0,167.0,326.0,153.0,337.0,185.0,355.0,173.0,354.0,156.0,348.0,143.0,361.0,168.0,370.0,156.0,369.0,142.0,364.0
G,day1,1787864592.9603295,21,66.0,331.0,89.0,296.0,131.0,271.0,162.0,253.0,176.0,230.0,154.0,284.0,204.0,292.0,233.0,299.0,255.0,304.0,154.0,311.0,195.0,330.0,182.0,330.0,163.0,325.0,148.0,338.0,182.0,352.0,169.0,351.0,152.0,347.0,139.0,362.0,165.0,369.0,153.0,367.0,139.0,364.0
G,day1,1787864593.073,22,61.0,344.0,79.0,303.0,116.0,274.0,143.0,250.0,154.0,225.0,142.0,283.0,193.0,284.0,223.0,287.0,246.0,290.0,147.0,310.0,192.0,318.0,178.0,318.0,157.0,316.0,145.0,338.0,180.0,341.0,167.0,341.0,149.0,340.0,139.0,362.0,164.0,359.0,153.0,358.0,138.0,358.0
G,day1,1787864593.1960294,23,74.0,364.0,90.0,319.0,125.0,288.0,150.0,261.0,156.0,235.0,156.0,298.0,207.0,299.0,236.0,301.0,260.0,304.0,163.0,328.0,206.0,324.0,191.0,320.0,170.0,321.0,161.0,357.0,198.0,347.0,185.0,344.0,167.0,348.0,157.0,380.0,186.0,368.0,175.0,366.0,160.0,369.0
G,day1,1787864593.3020768,24,77.0,359.0,96.0,317.0,134.0,287.0,162.0,264.0,172.0,239.0,157.0,299.0,212.0,303.0,243.0,308.0,266.0,313.0,162.0,329.0,214.0,329.0,204.0,325.0,185.0,323.0,161.0,357.0,205.0,352.0,195.0,347.0,178.0,346.0,158.0,380.0,190.0,370.0,182.0,365.0,169.0,364.0
G,day1,1787864593.422659,25,89.0,349.0,111.0,310.0,151.0,284.0,178.0,262.0,188.0,238.0,167.0,297.0,216.0,306.0,241.0,313.0,260.0,322.0,167.0,327.0,221.0,335.0,211.0,328.0,191.0,325.0,163.0,355.0,210.0,356.0,200.0,349.0,183.0,346.0,157.0,377.0,194.0,374.0,186.0,367.0,173.0,364.0
G,day1,1787864593.5617583,26,99.0,338.0,120.0,303.0,158.0,278.0,182.0,257.0,191.0,232.0,169.0,292.0,212.0,300.0,236.0,307.0,254.0,316.0,166.0,321.0,220.0,333.0,209.0,327.0,188.0,322.0,161.0,348.0,208.0,355.0,196.0,348.0,179.0,345.0,155.0,371.0,195.0,372.0,185.0,365.0,168.0,362.0
G,day1,1787864593.6780276,27,101.0,328.0,120.0,297.0,158.0,271.0,183.0,251.0,193.0,228.0,170.0,282.0,212.0,290.0,237.0,297.0,256.0,304.0,168.0,310.0,221.0,327.0,208.0,323.0,186.0,316.0,162.0,337.0,207.0,350.0,193.0,345.0,176.0,340.0,155.0,360.0,192.0,366.0,180.0,362.0,164.0,357.0
G,day1,1787864593.7836957,28,100.0,328.0,117.0,295.0,155.0,268.0,185.0,248.0,196.0,225.0,172.0,275.0,220.0,282.0,248.0,289.0,269.0,296.0,172.0,302.0,222.0,321.0,206.0,322.0,183.0,317.0,169.0,329.0,207.0,343.0,192.0,343.0,173.0,339.0,164.0,353.0,195.0,358.0,180.0,358.0,164.0,356.0
G,day1,1787864593.8803706,29,98.0,329.0,117.0,293.0,155.0,268.0,187.0,250.0,201.0,229.0,178.0,277.0,229.0,283.0,259.0,289.0,281.0,295.0,180.0,303.0,222.0,318.0,207.0,318.0,187.0,314.0,177.0,329.0,209.0,338.0,197.0,338.0,180.0,336.0,171.0,352.0,197.0,353.0,186.0,353.0,171.0,351.0
G,day1,1787864593.9919696,30,101.0,331.0,120.0,295.0,158.0,271.0,189.0,253.0,204.0,232.0,187.0,279.0,238.0,284.0,268.0,289.0,291.0,293.0,191.0,303.0,222.0,320.0,205.0,321.0,187.0,316.0,187.0,328.0,208.0,337.0,195.0,338.0,179.0,335.0,181.0,349.0,195.0,351.0,182.0,352.0,169.0,350.0
G,day1,1787864594.1166592,31,102.0,333.0,122.0,295.0,159.0,272.0,190.0,255.0,206.0,234.0,192.0,282.0,242.0,287.0,272.0,293.0,294.0,297.0,196.0,305.0,221.0,320.0,205.0,320.0,189.0,316.0,190.0,330.0,208.0,336.0,196.0,337.0,181.0,334.0,183.0,350.0,197.0,351.0,185.0,351.0,172.0,349.0
G,day1,1787864594.247643,32,100.0,336.0,121.0,298.0,162.0,276.0,194.0,259.0,211.0,237.0,196.0,284.0,247.0,292.0,276.0,299.0,298.0,304.0,201.0,307.0,219.0,325.0,203.0,324.0,189.0,319.0,195.0,331.0,206.0,340.0,193.0,340.0,180.0,336.0,187.0,352.0,196.0,355.0,185.0,356.0,173.0,353.0
G,day1,1787864594.352234,33,108.0,338.0,130.0,301.0,169.0,279.0,201.0,263.0,217.0,242.0,204.0,290.0,252.0,298.0,280.0,303.0,301.0,306.0,208.0,313.0,224.0,326.0,208.0,325.0,194.0,321.0,202.0,337.0,215.0,342.0,202.0,343.0,189.0,340.0,194.0,357.0,208.0,358.0,198.0,358.0,186.0,356.0
G,day1,1787864594.463115,34,108.0,340.0,130.0,302.0,169.0,281.0,200.0,265.0,218.0,245.0,206.0,293.0,254.0,300.0,281.0,306.0,301.0,310.0,209.0,317.0,226.0,325.0,210.0,323.0,196.0,319.0,202.0,341.0,216.0,341.0,204.0,340.0,191.0,338.0,194.0,360.0,208.0,357.0,198.0,356.0,185.0,355.0
G,day1,1787864594.5605776,35,101.0,337.0,124.0,299.0,165.0,278.0,195.0,262.0,211.0,243.0,200.0,288.0,248.0,294.0,275.0,301.0,296.0,305.0,203.0,312.0,219.0,319.0,204.0,318.0,191.0,315.0,196.0,336.0,208.0,336.0,196.0,336.0,183.0,335.0,188.0,356.0,201.0,353.0,192.0,353.0,180.0,352.0
G,day1,1787864594.6505356,36,94.0,335.0,116.0,296.0,156.0,273.0,187.0,256.0,204.0,236.0,192.0,280.0,239.0,287.0,266.0,294.0,286.0,298.0,197.0,302.0,213.0,321.0,198.0,321.0,184.0,316.0,191.0,326.0,201.0,336.0,189.0,337.0,176.0,333.0,182.0,347.0,189.0,351.0,178.0,352.0,167.0,349.0
G,day1,1787864594.7522166,37,90.0,332.0,111.0,294.0,150.0,272.0,181.0,256.0,199.0,235.0,184.0,280.0,232.0,286.0,259.0,292.0,279.0,296.0,188.0,303.0,208.0,316.0,192.0,315.0,178.0,312.0,183.0,327.0,196.0,331.0,184.0,332.0,170.0,329.0,175.0,346.0,184.0,345.0,173.0,346.0,161.0,345.0
G,day1,1787864594.8588662,38,88.0,337.0,110.0,300.0,149.0,282.0,180.0,271.0,203.0,257.0,183.0,287.0,229.0,296.0,256.0,302.0,276.0,306.0,186.0,310.0,203.0,326.0,189.0,325.0,176.0,319.0,179.0,333.0,191.0,340.0,179.0,340.0,166.0,336.0,170.0,351.0,177.0,353.0,166.0,353.0,155.0,350.0
G,day1,1787864594.9855564,39,88.0,344.0,109.0,306.0,148.0,288.0,182.0,282.0,207.0,274.0,183.0,298.0,229.0,306.0,255.0,312.0,274.0,317.0,185.0,321.0,203.0,328.0,189.0,325.0,175.0,321.0,178.0,343.0,191.0,344.0,180.0,342.0,166.0,339.0,170.0,361.0,179.0,359.0,170.0,357.0,158.0,356.0
G,day1,1787864595.083829,40,87.0,343.0,109.0,305.0,149.0,288.0,183.0,283.0,210.0,278.0,183.0,301.0,229.0,309.0,255.0,316.0,274.0,321.0,184.0,326.0,201.0,330.0,187.0,325.0,173.0,322.0,176.0,349.0,188.0,346.0,176.0,343.0,163.0,341.0,167.0,367.0,175.0,362.0,165.0,359.0,154.0,357.0
G,day1,1787864595.1935422,41,86.0,344.0,109.0,306.0,150.0,289.0,185.0,285.0,211.0,280.0,184.0,302.0,231.0,310.0,257.0,317.0,276.0,323.0,185.0,327.0,203.0,332.0,188.0,327.0,173.0,324.0,177.0,349.0,189.0,348.0,177.0,345.0,163.0,343.0,167.0,367.0,177.0,364.0,167.0,361.0,155.0,359.0
G,day1,1787864595.2934124,42,88.0,339.0,111.0,301.0,153.0,286.0,188.0,282.0,214.0,276.0,188.0,295.0,233.0,304.0,259.0,313.0,279.0,320.0,189.0,321.0,207.0,327.0,193.0,321.0,179.0,317.0,180.0,344.0,194.0,343.0,182.0,339.0,168.0,336.0,170.0,362.0,179.0,358.0,170.0,356.0,159.0,354.0
G,day1,1787864595.3970585,43,95.0,323.0,119.0,287.0,161.0,273.0,194.0,270.0,219.0,263.0,194.0,278.0,239.0,290.0,264.0,299.0,282.0,306.0,196.0,300.0,214.0,318.0,201.0,316.0,189.0,310.0,188.0,324.0,198.0,333.0,186.0,332.0,174.0,327.0,177.0,343.0,182.0,347.0,171.0,346.0,161.0,342.0
G,day1,1787864595.4958034,44,110.0,297.0,133.0,266.0,173.0,250.0,204.0,242.0,227.0,230.0,206.0,252.0,249.0,258.0,275.0,263.0,294.0,266.0,209.0,273.0,220.0,297.0,204.0,298.0,191.0,292.0,203.0,297.0,208.0,312.0,194.0,311.0,183.0,306.0,194.0,316.0,196.0,325.0,184.0,324.0,173.0,319.0
G,day1,1787864595.620835,45,113.0,297.0,134.0,264.0,171.0,246.0,203.0,239.0,227.0,230.0,204.0,249.0,248.0,250.0,275.0,253.0,295.0,256.0,209.0,270.0,222.0,291.0,207.0,292.0,193.0,288.0,204.0,294.0,211.0,307.0,199.0,307.0,186.0,303.0,196.0,314.0,200.0,320.0,189.0,321.0,177.0,318.0
G,day1,1787864595.72538,46,112.0,304.0,131.0,269.0,167.0,249.0,200.0,241.0,225.0,235.0,202.0,252.0,248.0,252.0,275.0,255.0,295.0,256.0,207.0,272.0,222.0,297.0,207.0,301.0,194.0,296.0,202.0,296.0,210.0,312.0,198.0,314.0,186.0,310.0,195.0,316.0,199.0,325.0,187.0,326.0,176.0,323.0
G,day1,1787864595.8439143,47,111.0,309.0,130.0,273.0,168.0,252.0,201.0,244.0,227.0,242.0,203.0,257.0,249.0,259.0,277.0,262.0,298.0,265.0,207.0,278.0,224.0,298.0,209.0,300.0,195.0,295.0,201.0,303.0,212.0,314.0,200.0,315.0,187.0,311.0,193.0,323.0,199.0,328.0,188.0,329.0,177.0,326.0
G,day1,1787864595.9624796,48,111.0,313.0,132.0,277.0,168.0,255.0,201.0,246.0,228.0,244.0,203.0,263.0,250.0,264.0,278.0,268.0,299.0,271.0,207.0,283.0,225.0,304.0,210.0,305.0,196.0,300.0,201.0,308.0,213.0,320.0,201.0,321.0,187.0,317.0,192.0,328.0,199.0,334.0,189.0,335.0,177.0,331.0
G,day1,1787864596.051806,49,111.0,315.0,133.0,280.0,170.0,261.0,204.0,253.0,230.0,250.0,205.0,268.0,253.0,272.0,280.0,276.0,302.0,280.0,207.0,290.0,227.0,313.0,211.0,313.0,196.0,307.0,199.0,314.0,211.0,328.0,198.0,328.0,184.0,324.0,189.0,334.0,195.0,342.0,183.0,342.0,173.0,338.0
G,day1,1787864596.1605177,50,111.0,331.0,133.0,292.0,174.0,274.0,209.0,269.0,236.0,266.0,209.0,286.0,258.0,293.0,285.0,298.0,307.0,302.0,211.0,312.0,231.0,324.0,215.0,322.0,200.0,317.0,203.0,336.0,218.0,340.0,206.0,339.0,191.0,336.0,192.0,355.0,207.0,355.0,197.0,354.0,184.0,352.0
G,day1,1787864596.294869,51,104.0,334.0,126.0,293.0,166.0,275.0,202.0,270.0,231.0,267.0,204.0,291.0,256.0,297.0,285.0,302.0,308.0,306.0,205.0,320.0,228.0,324.0,212.0,319.0,194.0,317.0,195.0,346.0,216.0,342.0,204.0,339.0,187.0,338.0,185.0,366.0,203.0,359.0,192.0,357.0,178.0,355.0
G,day1,1787864596.4044032,52,82.0,329.0,109.0,286.0,154.0,265.0,195.0,258.0,227.0,254.0,194.0,283.0,252.0,289.0,286.0,294.0,311.0,299.0,195.0,315.0,225.0,322.0,208.0,317.0,186.0,313.0,185.0,344.0,210.0,343.0,196.0,340.0,177.0,337.0,174.0,367.0,195.0,362.0,182.0,359.0,166.0,357.0
G,day1,1787864596.501047,53,84.0,330.0,112.0,285.0,158.0,265.0,200.0,259.0,233.0,255.0,198.0,283.0,257.0,291.0,292.0,296.0,318.0,301.0,198.0,316.0,230.0,324.0,212.0,319.0,190.0,315.0,187.0,345.0,215.0,346.0,201.0,343.0,182.0,340.0,175.0,368.0,198.0,364.0,185.0,361.0,170.0,359.0
G,day1,1787864596.6124907,54,86.0,331.0,115.0,288.0,160.0,267.0,202.0,261.0,235.0,257.0,201.0,285.0,258.0,292.0,291.0,298.0,316.0,303.0,200.0,316.0,229.0,326.0,211.0,322.0,189.0,318.0,190.0,344.0,215.0,346.0,200.0,344.0,181.0,341.0,178.0,367.0,199.0,364.0,186.0,360.0,170.0,358.0
G,day1,1787864596.7285569,55,95.0,328.0,120.0,287.0,164.0,267.0,204.0,261.0,236.0,257.0,204.0,281.0,258.0,289.0,288.0,296.0,311.0,302.0,204.0,309.0,229.0,327.0,211.0,324.0,192.0,318.0,195.0,335.0,213.0,344.0,198.0,343.0,182.0,338.0,183.0,355.0,197.0,358.0,184.0,357.0,170.0,353.0
G,day1,1787864596.827367,56,98.0,324.0,123.0,285.0,166.0,266.0,203.0,260.0,232.0,256.0,204.0,277.0,255.0,284.0,284.0,292.0,306.0,298.0,205.0,302.0,228.0,322.0,211.0,320.0,194.0,314.0,196.0,328.0,211.0,338.0,198.0,337.0,183.0,332.0,185.0,348.0,195.0,352.0,183.0,351.0,171.0,347.0
H,day1,1787864664.5265377,0,64.0,328.0,94.0,291.0,138.0,276.0,171.0,291.0,190.0,314.0,167.0,272.0,229.0,285.0,263.0,292.0,288.0,297.0,171.0,301.0,237.0,312.0,273.0,318.0,300.0,323.0,169.0,331.0,204.0,342.0,188.0,337.0,168.0,330.0,161.0,355.0,172.0,355.0,159.0,349.0,145.0,344.0
H,day1,1787864664.6368327,1,75.0,328.0,104.0,289.0,148.0,278.0,181.0,295.0,202.0,317.0,175.0,270.0,237.0,285.0,270.0,292.0,296.0,296.0,178.0,299.0,241.0,311.0,279.0,317.0,306.0,321.0,176.0,328.0,213.0,340.0,198.0,333.0,179.0,327.0,169.0,352.0,183.0,351.0,170.0,344.0,156.0,340.0
H,day1,1787864664.7610817,2,79.0,326.0,110.0,287.0,151.0,276.0,183.0,292.0,203.0,314.0,179.0,269.0,239.0,283.0,272.0,289.0,296.0,294.0,182.0,298.0,244.0,309.0,282.0,314.0,309.0,320.0,179.0,327.0,217.0,337.0,201.0,328.0,181.0,321.0,173.0,351.0,189.0,349.0,176.0,340.0,163.0,336.0
H,day1,1787864664.8678453,3,80.0,325.0,109.0,286.0,149.0,273.0,180.0,285.0,199.0,305.0,180.0,267.0,239.0,282.0,271.0,288.0,296.0,293.0,184.0,295.0,245.0,306.0,282.0,312.0,309.0,318.0,181.0,323.0,216.0,335.0,200.0,330.0,181.0,324.0,174.0,347.0,191.0,348.0,179.0,343.0,166.0,339.0
H,day1,1787864664.9910777,4,75.0,319.0,102.0,281.0,140.0,268.0,171.0,277.0,191.0,293.0,172.0,264.0,229.0,277.0,257.0,284.0,278.0,289.0,176.0,290.0,234.0,301.0,267.0,307.0,290.0,312.0,172.0,317.0,198.0,332.0,183.0,328.0,165.0,323.0,163.0,339.0,172.0,344.0,162.0,341.0,150.0,338.0
H,day1,1787864665.1163213,5,63.0,313.0,93.0,278.0,131.0,269.0,161.0,282.0,178.0,302.0,160.0,264.0,214.0,276.0,243.0,282.0,265.0,287.0,164.0,289.0,220.0,300.0,253.0,306.0,276.0,312.0,160.0,316.0,186.0,330.0,170.0,326.0,152.0,321.0,150.0,340.0,160.0,343.0,149.0,339.0,137.0,337.0
H,day1,1787864665.2327416,6,56.0,312.0,87.0,280.0,125.0,273.0,155.0,290.0,172.0,312.0,148.0,264.0,204.0,277.0,234.0,283.0,256.0,287.0,152.0,289.0,211.0,299.0,243.0,306.0,265.0,311.0,149.0,315.0,180.0,330.0,163.0,327.0,145.0,323.0,141.0,339.0,152.0,344.0,140.0,342.0,129.0,340.0
H,day1,1787864665.3619282,7,56.0,316.0,87.0,284.0,126.0,278.0,154.0,294.0,172.0,314.0,148.0,267.0,202.0,280.0,232.0,286.0,254.0,290.0,152.0,291.0,210.0,303.0,241.0,310.0,263.0,316.0,150.0,317.0,179.0,333.0,162.0,331.0,145.0,326.0,141.0,341.0,150.0,348.0,138.0,346.0,127.0,344.0
H,day1,1787864665.454476,8,64.0,323.0,91.0,289.0,129.0,279.0,157.0,291.0,175.0,310.0,152.0,269.0,205.0,282.0,234.0,288.0,256.0,292.0,156.0,293.0,212.0,304.0,243.0,309.0,265.0,314.0,155.0,320.0,185.0,334.0,170.0,331.0,154.0,325.0,148.0,342.0,158.0,346.0,147.0,343.0,136.0,339.0
H,day1,1787864665.5559587,9,73.0,322.0,95.0,290.0,128.0,274.0,155.0,275.0,174.0,285.0,160.0,271.0,211.0,284.0,239.0,289.0,260.0,292.0,164.0,293.0,218.0,304.0,248.0,309.0,270.0,314.0,161.0,317.0,189.0,334.0,176.0,333.0,159.0,328.0,153.0,339.0,165.0,347.0,154.0,344.0,142.0,340.0
H,day1,1787864665.6527193,10,81.0,317.0,104.0,285.0,139.0,273.0,165.0,280.0,182.0,295.0,167.0,268.0,217.0,282.0,243.0,288.0,263.0,292.0,170.0,290.0,221.0,302.0,252.0,308.0,273.0,313.0,166.0,314.0,194.0,331.0,180.0,329.0,164.0,324.0,159.0,334.0,174.0,342.0,164.0,340.0,152.0,336.0
H,day1,1787864665.7751336,11,87.0,315.0,111.0,284.0,145.0,273.0,171.0,278.0,188.0,291.0,172.0,269.0,220.0,282.0,246.0,288.0,266.0,292.0,175.0,290.0,224.0,300.0,254.0,307.0,274.0,313.0,171.0,312.0,196.0,330.0,183.0,328.0,168.0,323.0,164.0,333.0,177.0,342.0,166.0,340.0,155.0,335.0
H,day1,1787864665.8817945,12,90.0,314.0,114.0,285.0,147.0,276.0,173.0,284.0,190.0,299.0,173.0,270.0,221.0,283.0,248.0,288.0,267.0,293.0,177.0,290.0,226.0,301.0,255.0,309.0,275.0,315.0,174.0,312.0,197.0,332.0,184.0,331.0,170.0,326.0,167.0,332.0,179.0,343.0,169.0,342.0,157.0,338.0
H,day1,1787864665.9817758,13,86.0,327.0,108.0,293.0,142.0,281.0,168.0,286.0,185.0,299.0,172.0,276.0,222.0,289.0,248.0,295.0,268.0,299.0,177.0,296.0,227.0,309.0,257.0,316.0,279.0,321.0,174.0,319.0,197.0,338.0,183.0,338.0,167.0,333.0,167.0,339.0,175.0,348.0,165.0,347.0,155.0,344.0
H,day1,1787864666.1002994,14,74.0,338.0,94.0,301.0,128.0,284.0,159.0,286.0,178.0,297.0,158.0,277.0,212.0,282.0,242.0,284.0,263.0,286.0,166.0,299.0,222.0,302.0,254.0,302.0,277.0,303.0,166.0,325.0,193.0,337.0,177.0,335.0,159.0,330.0,160.0,348.0,168.0,352.0,156.0,350.0,143.0,347.0
H,day1,1787864666.1988366,15,67.0,340.0,88.0,304.0,122.0,287.0,152.0,292.0,172.0,306.0,147.0,274.0,204.0,272.0,235.0,272.0,258.0,271.0,157.0,294.0,217.0,290.0,250.0,287.0,274.0,287.0,161.0,320.0,193.0,335.0,176.0,336.0,157.0,333.0,159.0,344.0,170.0,351.0,158.0,350.0,145.0,348.0
H,day1,1787864666.3011944,16,62.0,344.0,83.0,306.0,118.0,289.0,153.0,294.0,176.0,308.0,140.0,272.0,198.0,266.0,229.0,264.0,252.0,262.0,152.0,291.0,212.0,283.0,246.0,279.0,270.0,277.0,156.0,315.0,189.0,332.0,172.0,335.0,153.0,334.0,156.0,340.0,169.0,351.0,156.0,352.0,142.0,351.0
H,day1,1787864666.4102976,17,58.0,346.0,81.0,305.0,122.0,291.0,159.0,304.0,184.0,324.0,134.0,270.0,192.0,262.0,224.0,258.0,248.0,254.0,146.0,291.0,207.0,279.0,241.0,273.0,265.0,268.0,152.0,317.0,187.0,329.0,168.0,334.0,148.0,333.0,152.0,343.0,165.0,350.0,150.0,352.0,136.0,351.0
H,day1,1787864666.516701,18,55.0,347.0,76.0,305.0,114.0,288.0,150.0,298.0,174.0,317.0,133.0,270.0,192.0,263.0,224.0,259.0,248.0,256.0,145.0,291.0,208.0,280.0,243.0,275.0,268.0,272.0,151.0,318.0,185.0,330.0,166.0,333.0,146.0,332.0,149.0,345.0,162.0,352.0,148.0,353.0,134.0,352.0
H,day1,1787864666.6220453,19,45.0,341.0,72.0,301.0,113.0,285.0,148.0,298.0,169.0,320.0,135.0,268.0,196.0,266.0,230.0,265.0,255.0,264.0,145.0,292.0,211.0,287.0,247.0,285.0,273.0,284.0,149.0,321.0,185.0,335.0,164.0,337.0,143.0,335.0,145.0,350.0,159.0,358.0,144.0,359.0,131.0,358.0
H,day1,1787864666.743167,20,38.0,340.0,67.0,301.0,113.0,289.0,152.0,304.0,179.0,323.0,137.0,270.0,202.0,276.0,237.0,279.0,264.0,279.0,145.0,297.0,214.0,301.0,252.0,302.0,280.0,302.0,146.0,327.0,185.0,339.0,164.0,339.0,143.0,335.0,140.0,355.0,157.0,359.0,141.0,359.0,128.0,358.0
H,day1,1787864666.8595457,21,38.0,338.0,69.0,297.0,115.0,282.0,156.0,295.0,182.0,315.0,142.0,274.0,209.0,286.0,247.0,292.0,275.0,296.0,147.0,304.0,218.0,313.0,260.0,319.0,289.0,324.0,146.0,336.0,186.0,349.0,167.0,344.0,146.0,339.0,139.0,364.0,155.0,366.0,140.0,363.0,126.0,361.0
H,day1,1787864666.9742494,22,39.0,337.0,71.0,297.0,117.0,279.0,158.0,284.0,186.0,298.0,147.0,279.0,215.0,295.0,253.0,303.0,282.0,308.0,149.0,310.0,221.0,324.0,263.0,330.0,293.0,335.0,145.0,343.0,190.0,350.0,173.0,344.0,151.0,338.0,137.0,369.0,159.0,365.0,146.0,360.0,131.0,358.0
H,day1,1787864667.064077,23,38.0,344.0,71.0,300.0,119.0,278.0,157.0,279.0,182.0,292.0,145.0,291.0,211.0,310.0,249.0,320.0,278.0,329.0,144.0,327.0,215.0,342.0,261.0,351.0,294.0,359.0,138.0,361.0,192.0,369.0,177.0,356.0,151.0,346.0,127.0,389.0,159.0,384.0,148.0,372.0,130.0,367.0
H,day1,1787864667.185035,24,31.0,357.0,67.0,309.0,120.0,288.0,166.0,297.0,193.0,318.0,138.0,306.0,206.0,325.0,244.0,336.0,275.0,346.0,134.0,346.0,209.0,359.0,256.0,369.0,292.0,379.0,126.0,382.0,184.0,380.0,171.0,365.0,146.0,356.0,116.0,409.0,160.0,396.0,152.0,381.0,133.0,376.0
H,day1,1787864667.289232,25,15.0,375.0,49.0,323.0,102.0,300.0,153.0,304.0,185.0,322.0,128.0,316.0,204.0,335.0,246.0,344.0,277.0,351.0,128.0,356.0,209.0,368.0,259.0,376.0,296.0,383.0,123.0,394.0,178.0,390.0,161.0,376.0,135.0,369.0,114.0,423.0,148.0,406.0,138.0,394.0,119.0,391.0
H,day1,1787864667.407763,26,12.0,373.0,49.0,322.0,101.0,301.0,151.0,309.0,184.0,327.0,125.0,314.0,203.0,330.0,246.0,337.0,280.0,342.0,126.0,355.0,210.0,364.0,260.0,369.0,297.0,375.0,119.0,394.0,179.0,389.0,159.0,376.0,131.0,369.0,109.0,425.0,150.0,408.0,137.0,394.0,117.0,392.0
H,day1,1787864667.5155473,27,23.0,367.0,58.0,316.0,110.0,291.0,158.0,293.0,189.0,309.0,138.0,303.0,215.0,316.0,258.0,323.0,289.0,328.0,137.0,343.0,221.0,351.0,268.0,355.0,303.0,360.0,130.0,381.0,191.0,379.0,172.0,368.0,145.0,362.0,120.0,413.0,161.0,400.0,148.0,389.0,128.0,387.0
H,day1,1787864667.6451018,28,33.0,356.0,66.0,308.0,117.0,288.0,160.0,298.0,188.0,318.0,150.0,291.0,220.0,306.0,261.0,312.0,292.0,317.0,149.0,326.0,225.0,337.0,270.0,341.0,304.0,346.0,143.0,360.0,197.0,364.0,180.0,353.0,155.0,347.0,132.0,388.0,170.0,379.0,158.0,367.0,139.0,364.0
H,day1,1787864667.7649567,29,47.0,339.0,77.0,297.0,122.0,273.0,161.0,275.0,184.0,291.0,157.0,279.0,227.0,295.0,265.0,303.0,292.0,309.0,160.0,310.0,233.0,322.0,274.0,328.0,302.0,333.0,156.0,342.0,204.0,354.0,189.0,348.0,167.0,341.0,148.0,368.0,175.0,367.0,164.0,360.0,148.0,355.0
H,day1,1787864667.8866231,30,58.0,326.0,90.0,288.0,133.0,271.0,170.0,279.0,192.0,297.0,165.0,272.0,230.0,285.0,265.0,292.0,290.0,298.0,168.0,301.0,236.0,313.0,275.0,320.0,302.0,327.0,164.0,332.0,197.0,348.0,181.0,343.0,160.0,335.0,154.0,357.0,166.0,363.0,153.0,358.0,139.0,353.0
H,day1,1787864667.9952822,31,59.0,317.0,92.0,283.0,132.0,272.0,163.0,283.0,183.0,301.0,159.0,268.0,218.0,282.0,250.0,289.0,274.0,294.0,162.0,294.0,224.0,307.0,259.0,314.0,283.0,320.0,158.0,323.0,190.0,337.0,174.0,332.0,155.0,326.0,149.0,348.0,161.0,353.0,149.0,349.0,136.0,345.0
H,day1,1787864668.10004,32,57.0,319.0,87.0,287.0,124.0,274.0,153.0,282.0,170.0,299.0,153.0,270.0,210.0,283.0,240.0,289.0,262.0,293.0,157.0,296.0,217.0,308.0,249.0,314.0,272.0,318.0,154.0,323.0,184.0,337.0,168.0,334.0,150.0,329.0,145.0,348.0,155.0,354.0,143.0,351.0,130.0,349.0
H,day1,1787864668.229846,33,55.0,319.0,86.0,288.0,122.0,278.0,151.0,290.0,169.0,308.0,147.0,272.0,203.0,283.0,232.0,289.0,254.0,293.0,151.0,296.0,210.0,307.0,242.0,313.0,263.0,317.0,149.0,323.0,180.0,337.0,164.0,333.0,146.0,328.0,141.0,349.0,152.0,354.0,138.0,351.0,126.0,349.0
H,day1,1787864668.3453834,34,55.0,320.0,83.0,289.0,119.0,279.0,149.0,286.0,168.0,301.0,145.0,271.0,200.0,281.0,229.0,286.0,250.0,290.0,150.0,295.0,209.0,304.0,240.0,308.0,261.0,312.0,148.0,321.0,179.0,336.0,162.0,335.0,144.0,331.0,140.0,345.0,148.0,353.0,136.0,353.0,125.0,351.0
H,day1,1787864668.4474728,35,64.0,320.0,90.0,288.0,127.0,280.0,156.0,293.0,173.0,312.0,151.0,269.0,203.0,278.0,231.0,283.0,252.0,286.0,156.0,292.0,211.0,300.0,241.0,303.0,262.0,305.0,153.0,317.0,183.0,329.0,167.0,327.0,151.0,322.0,145.0,340.0,156.0,343.0,145.0,341.0,133.0,339.0
H,day1,1787864668.5595822,36,77.0,314.0,102.0,282.0,137.0,274.0,165.0,285.0,183.0,300.0,158.0,266.0,208.0,275.0,234.0,279.0,255.0,282.0,161.0,288.0,213.0,295.0,243.0,297.0,265.0,300.0,158.0,312.0,191.0,325.0,176.0,322.0,160.0,317.0,150.0,333.0,170.0,337.0,160.0,334.0,149.0,331.0
H,day1,1787864668.6703033,37,79.0,313.0,104.0,282.0,138.0,274.0,166.0,288.0,182.0,304.0,159.0,261.0,207.0,265.0,234.0,267.0,255.0,269.0,163.0,280.0,215.0,282.0,245.0,282.0,268.0,283.0,162.0,302.0,193.0,317.0,178.0,318.0,162.0,315.0,156.0,323.0,173.0,332.0,162.0,332.0,151.0,330.0
H,day1,1787864668.8018582,38,75.0,341.0,90.0,308.0,122.0,292.0,151.0,294.0,171.0,300.0,144.0,273.0,190.0,266.0,215.0,261.0,235.0,256.0,152.0,288.0,201.0,277.0,228.0,270.0,250.0,266.0,155.0,309.0,188.0,320.0,172.0,325.0,155.0,325.0,152.0,331.0,169.0,337.0,158.0,340.0,145.0,339.0
H,day1,1787864668.909889,39,73.0,346.0,90.0,312.0,124.0,298.0,156.0,305.0,178.0,314.0,138.0,275.0,184.0,264.0,210.0,257.0,230.0,251.0,147.0,290.0,196.0,276.0,223.0,267.0,243.0,261.0,152.0,310.0,186.0,321.0,171.0,328.0,155.0,328.0,151.0,332.0,170.0,338.0,157.0,342.0,145.0,342.0
H,day1,1787864669.0119355,40,70.0,349.0,87.0,314.0,122.0,299.0,155.0,306.0,176.0,316.0,133.0,277.0,179.0,264.0,205.0,256.0,225.0,248.0,144.0,291.0,192.0,275.0,218.0,265.0,238.0,257.0,149.0,311.0,183.0,321.0,167.0,329.0,151.0,330.0,150.0,333.0,165.0,342.0,153.0,346.0,141.0,345.0
H,day1,1787864669.111881,41,67.0,349.0,83.0,315.0,118.0,302.0,152.0,309.0,174.0,315.0,130.0,278.0,177.0,265.0,204.0,259.0,224.0,252.0,140.0,292.0,190.0,277.0,218.0,268.0,239.0,262.0,146.0,312.0,179.0,324.0,163.0,332.0,148.0,334.0,147.0,334.0,162.0,344.0,149.0,349.0,137.0,349.0
H,day1,1787864669.236541,42,62.0,348.0,81.0,313.0,119.0,300.0,153.0,309.0,175.0,321.0,129.0,278.0,179.0,268.0,207.0,263.0,229.0,258.0,140.0,295.0,193.0,282.0,222.0,275.0,245.0,270.0,146.0,318.0,179.0,327.0,163.0,333.0,146.0,333.0,146.0,341.0,158.0,347.0,145.0,350.0,134.0,350.0
H,day1,1787864669.3493576,43,57.0,347.0,77.0,311.0,117.0,298.0,151.0,310.0,175.0,322.0,126.0,276.0,179.0,270.0,208.0,266.0,230.0,263.0,138.0,295.0,192.0,285.0,222.0,280.0,245.0,275.0,144.0,318.0,178.0,327.0,160.0,333.0,142.0,334.0,145.0,341.0,155.0,348.0,140.0,350.0,129.0,350.0
H,day1,1787864669.4701717,44,52.0,335.0,76.0,300.0,116.0,291.0,149.0,305.0,173.0,320.0,131.0,273.0,186.0,273.0,217.0,273.0,240.0,272.0,141.0,294.0,199.0,291.0,230.0,290.0,254.0,289.0,144.0,320.0,177.0,331.0,159.0,333.0,141.0,331.0,141.0,344.0,152.0,350.0,138.0,350.0,127.0,350.0
H,day1,1787864669.5812128,45,53.0,321.0,84.0,292.0,121.0,280.0,148.0,288.0,166.0,302.0,142.0,274.0,198.0,287.0,228.0,292.0,250.0,295.0,147.0,298.0,205.0,310.0,238.0,315.0,261.0,318.0,146.0,324.0,179.0,339.0,163.0,338.0,145.0,334.0,140.0,348.0,151.0,355.0,138.0,352.0,126.0,349.0
H,day1,1787864669.6828938,46,57.0,320.0,86.0,289.0,125.0,282.0,155.0,296.0,174.0,312.0,146.0,276.0,200.0,291.0,230.0,299.0,252.0,304.0,148.0,302.0,205.0,316.0,237.0,322.0,261.0,328.0,144.0,328.0,178.0,338.0,164.0,333.0,147.0,327.0,136.0,351.0,149.0,352.0,138.0,348.0,127.0,347.0
H,day1,1787864669.8031855,47,58.0,315.0,89.0,282.0,132.0,276.0,162.0,293.0,181.0,311.0,150.0,275.0,203.0,298.0,232.0,310.0,254.0,319.0,148.0,303.0,204.0,323.0,237.0,334.0,262.0,344.0,142.0,330.0,179.0,342.0,166.0,333.0,150.0,325.0,134.0,352.0,150.0,351.0,141.0,345.0,130.0,341.0
H,day1,1787864669.9100125,48,62.0,309.0,92.0,276.0,135.0,267.0,169.0,278.0,190.0,294.0,152.0,275.0,204.0,300.0,234.0,312.0,256.0,323.0,148.0,302.0,205.0,325.0,239.0,337.0,262.0,347.0,140.0,329.0,180.0,343.0,170.0,333.0,153.0,324.0,130.0,351.0,152.0,353.0,143.0,344.0,131.0,339.0
H,day1,1787864670.037961,49,66.0,303.0,99.0,270.0,142.0,263.0,174.0,277.0,193.0,294.0,158.0,271.0,208.0,295.0,237.0,307.0,258.0,317.0,153.0,299.0,208.0,321.0,242.0,333.0,265.0,343.0,143.0,326.0,183.0,339.0,175.0,327.0,159.0,316.0,132.0,347.0,153.0,348.0,146.0,338.0,134.0,331.0
H,day1,1787864670.1525133,50,68.0,302.0,98.0,271.0,138.0,263.0,169.0,274.0,189.0,289.0,157.0,266.0,209.0,287.0,239.0,298.0,260.0,307.0,155.0,293.0,212.0,313.0,245.0,323.0,267.0,333.0,147.0,319.0,185.0,335.0,172.0,326.0,155.0,317.0,137.0,341.0,155.0,344.0,145.0,336.0,134.0,332.0
H,day1,1787864670.237396,51,63.0,308.0,94.0,276.0,134.0,274.0,165.0,295.0,184.0,316.0,155.0,262.0,208.0,274.0,237.0,281.0,260.0,287.0,158.0,288.0,215.0,298.0,247.0,303.0,272.0,308.0,153.0,315.0,187.0,329.0,169.0,323.0,151.0,317.0,143.0,339.0,157.0,340.0,144.0,336.0,133.0,335.0
H,day1,1787864670.3266816,52,61.0,316.0,91.0,283.0,132.0,279.0,163.0,298.0,183.0,318.0,150.0,264.0,203.0,273.0,233.0,278.0,257.0,280.0,153.0,288.0,211.0,295.0,244.0,298.0,269.0,301.0,150.0,315.0,186.0,329.0,168.0,327.0,149.0,321.0,142.0,339.0,158.0,343.0,146.0,340.0,134.0,338.0
H,day1,1787864670.4221444,53,58.0,323.0,86.0,289.0,125.0,280.0,156.0,294.0,176.0,312.0,146.0,269.0,200.0,276.0,231.0,278.0,254.0,279.0,151.0,293.0,210.0,296.0,243.0,298.0,267.0,300.0,150.0,320.0,185.0,334.0,165.0,332.0,145.0,328.0,143.0,344.0,153.0,349.0,140.0,347.0,128.0,345.0
H,day1,1787864670.5328057,54,55.0,334.0,82.0,299.0,120.0,286.0,150.0,294.0,170.0,307.0,144.0,277.0,200.0,281.0,231.0,284.0,254.0,285.0,151.0,298.0,212.0,302.0,245.0,303.0,269.0,303.0,151.0,325.0,182.0,339.0,164.0,340.0,146.0,336.0,144.0,351.0,154.0,360.0,141.0,360.0,129.0,359.0
H,day1,1787864670.6201556,55,58.0,353.0,82.0,313.0,122.0,298.0,157.0,308.0,181.0,324.0,142.0,289.0,206.0,296.0,240.0,299.0,264.0,301.0,149.0,316.0,215.0,318.0,252.0,320.0,278.0,323.0,150.0,345.0,188.0,352.0,172.0,349.0,153.0,346.0,146.0,370.0,163.0,368.0,152.0,365.0,139.0,365.0
H,day1,1787864670.7183216,56,59.0,365.0,85.0,323.0,126.0,313.0,160.0,333.0,181.0,356.0,148.0,304.0,211.0,314.0,248.0,318.0,277.0,323.0,154.0,333.0,219.0,340.0,260.0,342.0,290.0,346.0,154.0,363.0,194.0,369.0,179.0,363.0,158.0,358.0,150.0,388.0,172.0,385.0,160.0,379.0,145.0,376.0
H,day1,1787864670.8389475,57,62.0,374.0,87.0,330.0,130.0,309.0,166.0,311.0,189.0,323.0,163.0,313.0,225.0,323.0,261.0,327.0,288.0,332.0,166.0,344.0,233.0,349.0,273.0,353.0,301.0,358.0,162.0,375.0,200.0,383.0,183.0,376.0,161.0,371.0,154.0,401.0,169.0,402.0,156.0,397.0,142.0,394.0
H,day1,1787864670.9512484,58,63.0,377.0,92.0,330.0,139.0,312.0,180.0,325.0,204.0,347.0,168.0,312.0,234.0,318.0,271.0,321.0,299.0,324.0,172.0,347.0,243.0,348.0,285.0,347.0,316.0,348.0,170.0,381.0,215.0,375.0,198.0,364.0,175.0,360.0,162.0,408.0,183.0,391.0,172.0,381.0,158.0,379.0
H,day1,1787864671.055984,59,64.0,379.0,94.0,331.0,144.0,315.0,186.0,330.0,213.0,351.0,175.0,309.0,242.0,317.0,280.0,321.0,309.0,324.0,181.0,343.0,252.0,347.0,295.0,348.0,326.0,350.0,179.0,377.0,221.0,377.0,203.0,367.0,179.0,362.0,171.0,406.0,186.0,394.0,172.0,387.0,157.0,385.0
I,day1,1787865049.593059,0,147.0,393.0,176.0,388.0,201.0,365.0,196.0,336.0,174.0,318.0,206.0,320.0,218.0,294.0,208.0,316.0,202.0,332.0,186.0,310.0,196.0,283.0,188.0,311.0,183.0,327.0,166.0,304.0,174.0,270.0,172.0,292.0,169.0,311.0,145.0,303.0,142.0,270.0,142.0,249.0,144.0,228.0
I,day1,1787865049.7490146,1,146.0,393.0,176.0,388.0,201.0,365.0,197.0,336.0,175.0,318.0,207.0,322.0,221.0,295.0,212.0,315.0,205.0,331.0,187.0,311.0,199.0,284.0,189.0,310.0,184.0,327.0,167.0,305.0,176.0,270.0,173.0,291.0,169.0,310.0,146.0,303.0,145.0,269.0,147.0,247.0,149.0,226.0
I,day1,1787865049.84865,2,144.0,394.0,174.0,391.0,201.0,369.0,197.0,338.0,176.0,320.0,211.0,326.0,226.0,300.0,215.0,321.0,208.0,336.0,192.0,313.0,204.0,289.0,193.0,315.0,188.0,329.0,172.0,306.0,182.0,274.0,177.0,297.0,172.0,315.0,150.0,303.0,152.0,269.0,154.0,248.0,158.0,227.0
I,day1,1787865049.985447,3,143.0,396.0,171.0,399.0,199.0,384.0,199.0,356.0,183.0,334.0,217.0,337.0,233.0,315.0,218.0,336.0,207.0,349.0,199.0,322.0,214.0,299.0,198.0,327.0,189.0,341.0,180.0,311.0,194.0,279.0,187.0,303.0,180.0,320.0,160.0,305.0,166.0,272.0,171.0,253.0,179.0,233.0
I,day1,1787865050.0930467,4,140.0,392.0,168.0,397.0,198.0,386.0,202.0,359.0,188.0,335.0,219.0,339.0,239.0,317.0,223.0,336.0,211.0,350.0,202.0,322.0,219.0,300.0,202.0,325.0,192.0,341.0,183.0,310.0,201.0,279.0,192.0,302.0,183.0,320.0,163.0,302.0,173.0,270.0,180.0,249.0,188.0,229.0
I,day1,1787865050.2031324,5,140.0,387.0,168.0,392.0,197.0,380.0,202.0,353.0,192.0,328.0,220.0,336.0,240.0,314.0,224.0,332.0,214.0,346.0,204.0,319.0,222.0,297.0,206.0,322.0,196.0,338.0,185.0,306.0,204.0,276.0,195.0,300.0,185.0,319.0,165.0,298.0,176.0,266.0,184.0,245.0,194.0,225.0
I,day1,1787865050.314918,6,138.0,385.0,169.0,387.0,197.0,373.0,201.0,345.0,187.0,322.0,218.0,329.0,237.0,308.0,223.0,328.0,212.0,343.0,202.0,314.0,219.0,290.0,206.0,316.0,196.0,332.0,183.0,302.0,201.0,270.0,196.0,290.0,189.0,307.0,163.0,295.0,172.0,261.0,179.0,240.0,187.0,220.0
I,day1,1787865050.4218166,7,134.0,386.0,164.0,386.0,192.0,370.0,194.0,342.0,177.0,323.0,209.0,326.0,228.0,302.0,218.0,319.0,208.0,335.0,193.0,311.0,210.0,286.0,198.0,310.0,188.0,326.0,174.0,301.0,190.0,269.0,183.0,289.0,176.0,307.0,154.0,295.0,159.0,261.0,165.0,239.0,171.0,218.0
I,day1,1787865050.520107,8,130.0,388.0,161.0,386.0,187.0,367.0,185.0,338.0,167.0,319.0,199.0,323.0,217.0,296.0,207.0,315.0,198.0,333.0,182.0,310.0,198.0,281.0,188.0,305.0,180.0,322.0,162.0,301.0,176.0,266.0,171.0,283.0,165.0,300.0,141.0,296.0,145.0,262.0,149.0,238.0,154.0,217.0
I,day1,1787865050.6098292,9,128.0,388.0,158.0,382.0,182.0,360.0,178.0,329.0,157.0,309.0,195.0,315.0,207.0,289.0,195.0,310.0,189.0,326.0,175.0,302.0,185.0,276.0,174.0,302.0,169.0,318.0,153.0,294.0,162.0,261.0,156.0,282.0,151.0,301.0,131.0,292.0,130.0,258.0,131.0,236.0,133.0,215.0
I,day1,1787865050.719403,10,126.0,388.0,156.0,380.0,178.0,356.0,170.0,326.0,149.0,308.0,184.0,312.0,198.0,283.0,189.0,303.0,183.0,320.0,164.0,301.0,175.0,271.0,167.0,295.0,162.0,311.0,142.0,295.0,149.0,258.0,147.0,275.0,143.0,293.0,120.0,293.0,116.0,258.0,115.0,234.0,116.0,213.0
I,day1,1787865050.836477,11,123.0,389.0,154.0,381.0,176.0,354.0,165.0,324.0,142.0,306.0,180.0,308.0,190.0,279.0,181.0,302.0,177.0,319.0,158.0,298.0,166.0,268.0,159.0,295.0,156.0,312.0,135.0,294.0,141.0,257.0,139.0,278.0,137.0,296.0,112.0,294.0,106.0,259.0,104.0,236.0,103.0,214.0
I,day1,1787865050.9482713,12,124.0,390.0,154.0,380.0,174.0,352.0,163.0,322.0,138.0,305.0,178.0,303.0,185.0,275.0,176.0,300.0,172.0,318.0,154.0,296.0,160.0,266.0,153.0,297.0,152.0,313.0,130.0,293.0,134.0,257.0,133.0,281.0,133.0,300.0,108.0,294.0,100.0,260.0,96.0,237.0,93.0,215.0
I,day1,1787865051.0716655,13,124.0,391.0,155.0,381.0,174.0,351.0,163.0,320.0,136.0,305.0,177.0,302.0,184.0,275.0,175.0,301.0,172.0,318.0,153.0,295.0,158.0,266.0,151.0,299.0,150.0,315.0,128.0,293.0,131.0,257.0,132.0,281.0,133.0,301.0,106.0,295.0,98.0,261.0,93.0,239.0,91.0,216.0
I,day1,1787865051.1717842,14,124.0,391.0,156.0,381.0,176.0,351.0,164.0,320.0,138.0,305.0,178.0,302.0,186.0,274.0,176.0,300.0,172.0,319.0,153.0,294.0,159.0,265.0,151.0,299.0,150.0,316.0,129.0,292.0,130.0,256.0,131.0,281.0,132.0,302.0,106.0,294.0,97.0,259.0,93.0,237.0,90.0,214.0
I,day1,1787865051.2907298,15,124.0,390.0,156.0,382.0,177.0,351.0,166.0,320.0,139.0,305.0,180.0,300.0,189.0,271.0,179.0,298.0,174.0,317.0,154.0,292.0,161.0,263.0,153.0,297.0,150.0,315.0,129.0,289.0,131.0,252.0,132.0,279.0,132.0,300.0,106.0,291.0,98.0,256.0,94.0,233.0,92.0,209.0
I,day1,1787865051.3972557,16,128.0,399.0,162.0,392.0,191.0,364.0,183.0,331.0,158.0,314.0,194.0,315.0,210.0,286.0,201.0,311.0,195.0,329.0,172.0,304.0,184.0,273.0,177.0,303.0,171.0,323.0,149.0,297.0,157.0,256.0,157.0,278.0,155.0,298.0,126.0,295.0,130.0,257.0,134.0,234.0,139.0,212.0
I,day1,1787865051.498887,17,128.0,397.0,163.0,395.0,196.0,372.0,192.0,338.0,167.0,318.0,205.0,322.0,224.0,292.0,212.0,315.0,202.0,333.0,183.0,308.0,199.0,277.0,187.0,307.0,178.0,327.0,161.0,299.0,175.0,258.0,172.0,282.0,168.0,303.0,138.0,293.0,147.0,255.0,156.0,233.0,165.0,211.0
I,day1,1787865051.6060622,18,128.0,389.0,161.0,390.0,196.0,370.0,198.0,339.0,177.0,316.0,209.0,320.0,230.0,290.0,217.0,313.0,207.0,331.0,189.0,305.0,208.0,274.0,194.0,303.0,185.0,323.0,167.0,295.0,184.0,255.0,179.0,279.0,173.0,300.0,144.0,288.0,156.0,252.0,165.0,229.0,176.0,206.0
I,day1,1787865051.7192292,19,131.0,385.0,163.0,387.0,197.0,369.0,201.0,339.0,180.0,316.0,212.0,317.0,231.0,290.0,219.0,313.0,210.0,330.0,191.0,303.0,209.0,275.0,196.0,305.0,187.0,324.0,170.0,292.0,187.0,256.0,182.0,281.0,177.0,303.0,147.0,286.0,159.0,250.0,169.0,228.0,180.0,206.0
I,day1,1787865051.8107193,20,127.0,392.0,157.0,392.0,186.0,375.0,190.0,347.0,177.0,323.0,209.0,328.0,228.0,302.0,216.0,320.0,204.0,336.0,189.0,312.0,206.0,287.0,191.0,315.0,180.0,332.0,167.0,300.0,184.0,265.0,179.0,290.0,172.0,310.0,145.0,293.0,157.0,257.0,168.0,236.0,179.0,214.0
I,day1,1787865051.9295661,21,120.0,397.0,153.0,396.0,181.0,378.0,184.0,349.0,167.0,327.0,201.0,327.0,219.0,302.0,209.0,322.0,197.0,340.0,181.0,313.0,198.0,288.0,185.0,317.0,174.0,336.0,160.0,302.0,176.0,268.0,172.0,291.0,166.0,312.0,138.0,296.0,148.0,260.0,158.0,239.0,167.0,219.0
I,day1,1787865052.0552387,22,114.0,393.0,147.0,390.0,175.0,367.0,171.0,336.0,151.0,312.0,188.0,319.0,206.0,291.0,194.0,314.0,184.0,330.0,167.0,305.0,182.0,277.0,169.0,306.0,161.0,322.0,145.0,296.0,157.0,260.0,150.0,286.0,142.0,306.0,122.0,291.0,130.0,254.0,139.0,233.0,147.0,212.0
I,day1,1787865052.1751192,23,115.0,389.0,149.0,385.0,176.0,362.0,172.0,331.0,149.0,309.0,183.0,312.0,199.0,280.0,187.0,303.0,179.0,321.0,160.0,300.0,175.0,268.0,163.0,298.0,157.0,315.0,138.0,292.0,149.0,253.0,144.0,278.0,138.0,300.0,115.0,288.0,120.0,251.0,125.0,228.0,131.0,206.0
I,day1,1787865052.2779994,24,121.0,390.0,153.0,384.0,179.0,359.0,172.0,328.0,149.0,310.0,185.0,309.0,199.0,279.0,189.0,304.0,182.0,322.0,162.0,298.0,172.0,270.0,163.0,302.0,159.0,319.0,139.0,291.0,147.0,255.0,145.0,282.0,142.0,304.0,116.0,289.0,115.0,253.0,116.0,230.0,119.0,206.0
I,day1,1787865052.3758626,25,123.0,387.0,156.0,384.0,183.0,361.0,176.0,332.0,152.0,313.0,191.0,308.0,205.0,282.0,194.0,307.0,187.0,325.0,167.0,296.0,178.0,271.0,168.0,305.0,162.0,323.0,143.0,289.0,151.0,253.0,149.0,280.0,146.0,300.0,120.0,286.0,119.0,250.0,122.0,227.0,124.0,203.0
I,day1,1787865052.4741611,26,119.0,384.0,153.0,380.0,181.0,359.0,176.0,328.0,153.0,307.0,190.0,303.0,204.0,274.0,193.0,301.0,187.0,319.0,166.0,290.0,178.0,264.0,170.0,296.0,166.0,313.0,142.0,283.0,151.0,246.0,149.0,275.0,145.0,296.0,117.0,281.0,118.0,243.0,120.0,218.0,124.0,193.0
I,day1,1787865052.6054645,27,117.0,388.0,151.0,385.0,180.0,359.0,174.0,327.0,150.0,306.0,192.0,303.0,206.0,275.0,193.0,302.0,185.0,320.0,166.0,289.0,178.0,263.0,166.0,299.0,158.0,317.0,141.0,281.0,150.0,242.0,147.0,270.0,144.0,291.0,115.0,278.0,117.0,237.0,121.0,213.0,125.0,187.0
I,day1,1787865052.7068458,28,117.0,414.0,152.0,411.0,181.0,386.0,172.0,349.0,149.0,323.0,196.0,326.0,212.0,292.0,199.0,319.0,191.0,338.0,169.0,310.0,184.0,280.0,172.0,314.0,167.0,331.0,143.0,300.0,154.0,256.0,151.0,285.0,148.0,306.0,116.0,296.0,119.0,251.0,123.0,226.0,129.0,198.0
I,day1,1787865052.8222246,29,114.0,433.0,152.0,430.0,185.0,408.0,178.0,373.0,153.0,348.0,198.0,337.0,214.0,307.0,200.0,339.0,191.0,360.0,169.0,321.0,183.0,292.0,169.0,334.0,162.0,353.0,140.0,311.0,151.0,268.0,147.0,300.0,142.0,322.0,110.0,308.0,114.0,262.0,119.0,236.0,125.0,206.0
I,day1,1787865052.9334319,30,114.0,433.0,151.0,430.0,185.0,407.0,180.0,371.0,155.0,346.0,203.0,338.0,215.0,307.0,200.0,340.0,191.0,362.0,173.0,322.0,185.0,293.0,169.0,337.0,164.0,356.0,143.0,312.0,155.0,269.0,149.0,305.0,145.0,330.0,113.0,308.0,117.0,264.0,122.0,236.0,129.0,206.0
I,day1,1787865053.0452845,31,115.0,417.0,151.0,415.0,183.0,390.0,178.0,355.0,154.0,328.0,200.0,332.0,216.0,296.0,200.0,326.0,193.0,346.0,174.0,315.0,187.0,283.0,172.0,321.0,167.0,338.0,146.0,305.0,159.0,262.0,150.0,296.0,144.0,321.0,118.0,300.0,124.0,257.0,128.0,230.0,135.0,202.0
I,day1,1787865053.15655,32,119.0,405.0,153.0,402.0,182.0,375.0,177.0,341.0,155.0,315.0,197.0,322.0,215.0,287.0,200.0,314.0,191.0,334.0,173.0,307.0,187.0,272.0,172.0,307.0,164.0,327.0,147.0,297.0,160.0,251.0,155.0,280.0,150.0,304.0,121.0,292.0,127.0,251.0,133.0,225.0,140.0,199.0
I,day1,1787865053.2656813,33,123.0,388.0,157.0,384.0,185.0,359.0,179.0,326.0,157.0,300.0,197.0,310.0,213.0,276.0,199.0,303.0,191.0,322.0,175.0,296.0,188.0,262.0,175.0,293.0,169.0,313.0,150.0,287.0,162.0,244.0,158.0,267.0,154.0,289.0,126.0,283.0,132.0,244.0,138.0,218.0,144.0,195.0
I,day1,1787865053.369726,34,126.0,380.0,159.0,376.0,185.0,351.0,180.0,319.0,158.0,295.0,196.0,304.0,211.0,272.0,198.0,297.0,189.0,315.0,174.0,291.0,186.0,259.0,174.0,289.0,167.0,306.0,151.0,283.0,163.0,242.0,158.0,265.0,153.0,287.0,128.0,279.0,134.0,242.0,140.0,219.0,147.0,197.0
I,day1,1787865053.49635,35,130.0,377.0,161.0,374.0,186.0,350.0,182.0,319.0,161.0,297.0,196.0,306.0,211.0,275.0,198.0,298.0,190.0,316.0,175.0,294.0,187.0,263.0,175.0,291.0,169.0,308.0,154.0,286.0,165.0,247.0,160.0,269.0,155.0,289.0,132.0,282.0,138.0,247.0,144.0,224.0,151.0,203.0
I,day1,1787865053.6141632,36,137.0,377.0,166.0,374.0,189.0,354.0,185.0,325.0,167.0,304.0,199.0,314.0,213.0,286.0,204.0,305.0,198.0,321.0,181.0,302.0,192.0,275.0,183.0,297.0,178.0,312.0,162.0,294.0,172.0,260.0,167.0,278.0,163.0,296.0,142.0,291.0,149.0,259.0,154.0,238.0,160.0,220.0
I,day1,1787865053.7092202,37,141.0,377.0,168.0,375.0,193.0,355.0,190.0,327.0,172.0,308.0,201.0,314.0,215.0,287.0,206.0,306.0,199.0,322.0,184.0,303.0,195.0,275.0,186.0,299.0,179.0,314.0,165.0,296.0,176.0,262.0,171.0,281.0,165.0,298.0,146.0,293.0,152.0,262.0,158.0,242.0,164.0,223.0
I,day1,1787865053.8217595,38,143.0,376.0,171.0,372.0,194.0,350.0,191.0,321.0,174.0,302.0,200.0,310.0,213.0,282.0,204.0,302.0,198.0,319.0,182.0,299.0,192.0,271.0,184.0,295.0,178.0,312.0,163.0,293.0,171.0,259.0,167.0,277.0,163.0,295.0,143.0,291.0,148.0,259.0,153.0,239.0,157.0,221.0
I,day1,1787865053.9329035,39,145.0,375.0,172.0,369.0,193.0,345.0,186.0,316.0,166.0,298.0,198.0,304.0,207.0,277.0,200.0,297.0,195.0,314.0,179.0,295.0,186.0,266.0,179.0,291.0,175.0,307.0,159.0,291.0,165.0,257.0,163.0,273.0,160.0,288.0,139.0,291.0,140.0,260.0,143.0,240.0,146.0,222.0
I,day1,1787865054.047185,40,151.0,383.0,176.0,372.0,193.0,347.0,186.0,320.0,167.0,304.0,192.0,305.0,199.0,275.0,196.0,294.0,193.0,311.0,172.0,299.0,176.0,269.0,174.0,292.0,171.0,310.0,152.0,298.0,153.0,263.0,154.0,278.0,154.0,294.0,132.0,301.0,128.0,269.0,129.0,248.0,129.0,230.0
I,day1,1787865054.153019,41,148.0,386.0,175.0,372.0,191.0,342.0,179.0,314.0,155.0,302.0,186.0,303.0,189.0,273.0,186.0,294.0,184.0,311.0,166.0,298.0,167.0,267.0,166.0,292.0,164.0,310.0,145.0,298.0,143.0,264.0,146.0,281.0,147.0,299.0,125.0,303.0,118.0,271.0,116.0,251.0,114.0,232.0
I,day1,1787865054.2508872,42,149.0,385.0,175.0,371.0,191.0,341.0,178.0,314.0,155.0,301.0,187.0,302.0,190.0,272.0,186.0,294.0,185.0,311.0,166.0,298.0,167.0,266.0,165.0,292.0,164.0,310.0,145.0,298.0,143.0,262.0,146.0,279.0,148.0,296.0,125.0,303.0,119.0,271.0,117.0,251.0,115.0,232.0
I,day1,1787865054.350262,43,149.0,385.0,176.0,371.0,193.0,344.0,181.0,316.0,158.0,302.0,190.0,305.0,196.0,273.0,192.0,293.0,190.0,310.0,169.0,300.0,172.0,268.0,170.0,291.0,169.0,308.0,149.0,299.0,148.0,263.0,149.0,279.0,150.0,295.0,129.0,303.0,124.0,271.0,122.0,250.0,121.0,230.0
I,day1,1787865054.4637356,44,152.0,382.0,180.0,372.0,200.0,347.0,193.0,319.0,175.0,303.0,201.0,305.0,210.0,274.0,205.0,293.0,201.0,311.0,180.0,297.0,185.0,266.0,182.0,288.0,180.0,306.0,160.0,294.0,163.0,258.0,163.0,273.0,162.0,289.0,140.0,296.0,139.0,263.0,140.0,243.0,141.0,224.0
I,day1,1787865054.5645258,45,153.0,377.0,182.0,371.0,206.0,348.0,203.0,319.0,184.0,302.0,212.0,306.0,224.0,277.0,217.0,294.0,210.0,310.0,193.0,295.0,203.0,266.0,195.0,290.0,188.0,308.0,173.0,290.0,181.0,254.0,178.0,273.0,174.0,291.0,153.0,288.0,156.0,256.0,160.0,236.0,164.0,217.0
I,day1,1787865054.6612663,46,156.0,370.0,186.0,366.0,211.0,343.0,209.0,314.0,192.0,296.0,220.0,303.0,236.0,275.0,226.0,291.0,217.0,306.0,202.0,291.0,216.0,261.0,205.0,283.0,196.0,302.0,183.0,284.0,194.0,248.0,191.0,265.0,185.0,282.0,163.0,281.0,169.0,249.0,174.0,228.0,179.0,210.0
I,day1,1787865054.7944944,47,169.0,359.0,198.0,361.0,228.0,341.0,231.0,312.0,215.0,290.0,241.0,301.0,261.0,275.0,249.0,293.0,238.0,307.0,225.0,288.0,243.0,259.0,230.0,282.0,219.0,300.0,207.0,279.0,223.0,244.0,219.0,263.0,212.0,280.0,187.0,273.0,198.0,242.0,207.0,223.0,215.0,204.0
I,day1,1787865054.9279315,48,172.0,358.0,202.0,360.0,233.0,340.0,235.0,309.0,216.0,287.0,245.0,300.0,264.0,276.0,248.0,295.0,236.0,309.0,229.0,287.0,247.0,259.0,232.0,283.0,220.0,301.0,211.0,277.0,228.0,244.0,224.0,261.0,218.0,277.0,192.0,270.0,204.0,239.0,213.0,221.0,221.0,203.0
I,day1,1787865055.037611,49,173.0,357.0,202.0,359.0,232.0,340.0,235.0,310.0,218.0,287.0,245.0,299.0,263.0,275.0,248.0,293.0,237.0,307.0,229.0,285.0,246.0,258.0,232.0,283.0,221.0,300.0,211.0,276.0,226.0,243.0,222.0,263.0,216.0,281.0,192.0,270.0,203.0,240.0,212.0,221.0,221.0,202.0
I,day1,1787865055.1492226,50,168.0,355.0,198.0,352.0,223.0,330.0,222.0,301.0,205.0,282.0,233.0,294.0,252.0,267.0,243.0,283.0,233.0,297.0,217.0,282.0,234.0,253.0,225.0,275.0,216.0,290.0,200.0,273.0,214.0,239.0,210.0,256.0,203.0,272.0,181.0,268.0,190.0,237.0,199.0,217.0,206.0,199.0
I,day1,1787865055.2389784,51,159.0,354.0,188.0,346.0,208.0,320.0,204.0,290.0,185.0,275.0,215.0,285.0,229.0,257.0,223.0,271.0,214.0,287.0,197.0,275.0,208.0,245.0,201.0,266.0,193.0,283.0,179.0,269.0,187.0,235.0,185.0,250.0,181.0,268.0,159.0,267.0,164.0,235.0,169.0,215.0,174.0,197.0
I,day1,1787865055.3180277,52,154.0,360.0,182.0,351.0,202.0,325.0,197.0,296.0,179.0,278.0,205.0,286.0,216.0,257.0,212.0,272.0,207.0,289.0,186.0,277.0,194.0,247.0,189.0,268.0,184.0,286.0,166.0,273.0,172.0,238.0,170.0,252.0,167.0,269.0,145.0,274.0,149.0,242.0,152.0,220.0,156.0,201.0
I,day1,1787865055.4217432,53,153.0,364.0,183.0,354.0,202.0,325.0,195.0,295.0,172.0,282.0,203.0,288.0,214.0,258.0,209.0,275.0,204.0,292.0,183.0,280.0,191.0,249.0,186.0,271.0,181.0,290.0,163.0,277.0,168.0,241.0,168.0,255.0,167.0,271.0,142.0,278.0,144.0,245.0,146.0,224.0,149.0,204.0
I,day1,1787865055.53013,54,154.0,370.0,182.0,361.0,202.0,335.0,196.0,305.0,176.0,287.0,204.0,295.0,214.0,264.0,208.0,281.0,202.0,298.0,183.0,287.0,191.0,255.0,186.0,277.0,181.0,296.0,163.0,284.0,167.0,247.0,168.0,261.0,168.0,278.0,142.0,284.0,143.0,251.0,145.0,229.0,148.0,210.0
I,day1,1787865055.6445782,55,152.0,381.0,181.0,372.0,203.0,346.0,196.0,316.0,175.0,299.0,204.0,305.0,215.0,274.0,208.0,294.0,203.0,312.0,183.0,297.0,190.0,266.0,185.0,290.0,181.0,309.0,162.0,293.0,166.0,256.0,167.0,273.0,167.0,291.0,141.0,293.0,142.0,259.0,144.0,238.0,148.0,218.0
J,day1,1787865095.9022338,0,154.0,392.0,183.0,382.0,203.0,356.0,187.0,328.0,165.0,311.0,216.0,303.0,233.0,259.0,244.0,233.0,249.0,210.0,190.0,297.0,193.0,274.0,188.0,301.0,184.0,323.0,165.0,295.0,166.0,265.0,167.0,289.0,167.0,310.0,143.0,298.0,139.0,262.0,137.0,240.0,137.0,217.0
J,day1,1787865096.013384,1,152.0,391.0,181.0,382.0,201.0,357.0,186.0,328.0,164.0,310.0,215.0,303.0,233.0,259.0,243.0,232.0,249.0,209.0,188.0,296.0,191.0,274.0,186.0,302.0,182.0,324.0,164.0,294.0,164.0,265.0,164.0,290.0,164.0,312.0,141.0,297.0,137.0,261.0,136.0,238.0,137.0,215.0
J,day1,1787865096.1270766,2,151.0,391.0,181.0,383.0,201.0,358.0,186.0,329.0,164.0,310.0,215.0,303.0,232.0,258.0,243.0,230.0,249.0,207.0,188.0,296.0,190.0,273.0,184.0,302.0,181.0,325.0,163.0,294.0,163.0,264.0,163.0,289.0,164.0,312.0,140.0,296.0,136.0,261.0,135.0,238.0,136.0,214.0
J,day1,1787865096.2283323,3,149.0,393.0,180.0,385.0,200.0,358.0,183.0,328.0,159.0,310.0,214.0,304.0,231.0,258.0,242.0,229.0,249.0,205.0,186.0,297.0,190.0,274.0,185.0,302.0,182.0,324.0,161.0,294.0,161.0,262.0,162.0,288.0,162.0,311.0,137.0,296.0,134.0,259.0,132.0,236.0,134.0,212.0
J,day1,1787865096.3490796,4,147.0,395.0,178.0,387.0,198.0,361.0,182.0,330.0,159.0,312.0,213.0,305.0,230.0,258.0,242.0,229.0,249.0,205.0,185.0,299.0,189.0,274.0,184.0,302.0,180.0,323.0,159.0,296.0,160.0,262.0,160.0,288.0,160.0,311.0,136.0,297.0,132.0,260.0,130.0,236.0,132.0,212.0
J,day1,1787865096.443832,5,144.0,400.0,174.0,392.0,195.0,366.0,179.0,336.0,157.0,316.0,211.0,308.0,229.0,260.0,241.0,230.0,248.0,206.0,183.0,301.0,185.0,275.0,179.0,304.0,173.0,328.0,157.0,298.0,156.0,263.0,155.0,288.0,154.0,313.0,133.0,300.0,129.0,262.0,128.0,237.0,130.0,213.0
J,day1,1787865096.5394955,6,142.0,404.0,174.0,395.0,194.0,367.0,177.0,338.0,155.0,320.0,211.0,309.0,229.0,260.0,241.0,230.0,248.0,205.0,181.0,301.0,182.0,276.0,178.0,305.0,176.0,329.0,154.0,299.0,152.0,264.0,152.0,292.0,153.0,317.0,129.0,301.0,126.0,262.0,124.0,237.0,126.0,213.0
J,day1,1787865096.6624408,7,139.0,404.0,171.0,396.0,193.0,369.0,175.0,339.0,151.0,318.0,209.0,308.0,227.0,259.0,239.0,229.0,246.0,204.0,179.0,301.0,180.0,278.0,174.0,309.0,171.0,333.0,152.0,299.0,150.0,266.0,149.0,294.0,150.0,320.0,127.0,301.0,123.0,262.0,121.0,238.0,123.0,212.0
J,day1,1787865096.8161588,8,141.0,387.0,169.0,378.0,189.0,351.0,174.0,321.0,151.0,302.0,206.0,296.0,224.0,250.0,235.0,223.0,241.0,199.0,179.0,289.0,182.0,265.0,173.0,293.0,167.0,316.0,154.0,287.0,154.0,254.0,152.0,277.0,150.0,299.0,130.0,290.0,128.0,254.0,126.0,230.0,127.0,207.0
J,day1,1787865096.9271631,9,143.0,381.0,171.0,373.0,190.0,349.0,182.0,321.0,168.0,299.0,207.0,295.0,224.0,251.0,234.0,223.0,240.0,200.0,180.0,289.0,183.0,262.0,174.0,288.0,169.0,309.0,156.0,286.0,157.0,252.0,153.0,271.0,151.0,292.0,134.0,289.0,131.0,253.0,129.0,230.0,130.0,208.0
J,day1,1787865097.0288866,10,147.0,380.0,174.0,373.0,192.0,347.0,179.0,318.0,161.0,299.0,207.0,298.0,223.0,255.0,233.0,229.0,239.0,207.0,183.0,291.0,186.0,268.0,181.0,291.0,178.0,310.0,160.0,289.0,162.0,258.0,160.0,278.0,158.0,298.0,139.0,291.0,136.0,257.0,134.0,235.0,136.0,214.0
J,day1,1787865097.1281366,11,149.0,384.0,177.0,375.0,193.0,350.0,183.0,323.0,167.0,305.0,208.0,304.0,224.0,264.0,234.0,239.0,239.0,218.0,185.0,298.0,189.0,277.0,184.0,301.0,181.0,319.0,163.0,296.0,166.0,268.0,165.0,288.0,165.0,306.0,143.0,298.0,140.0,265.0,139.0,245.0,140.0,225.0
J,day1,1787865097.226624,12,151.0,383.0,177.0,376.0,194.0,353.0,183.0,327.0,166.0,310.0,210.0,307.0,227.0,270.0,237.0,246.0,243.0,227.0,188.0,301.0,191.0,280.0,185.0,302.0,180.0,322.0,167.0,299.0,168.0,272.0,167.0,291.0,166.0,310.0,147.0,301.0,145.0,270.0,144.0,250.0,146.0,231.0
J,day1,1787865097.319582,13,151.0,381.0,177.0,376.0,195.0,354.0,184.0,328.0,168.0,311.0,213.0,311.0,233.0,275.0,245.0,253.0,253.0,234.0,192.0,303.0,196.0,283.0,187.0,306.0,181.0,325.0,171.0,300.0,175.0,272.0,171.0,290.0,168.0,308.0,152.0,299.0,154.0,269.0,155.0,249.0,158.0,231.0
J,day1,1787865097.4205835,14,150.0,380.0,176.0,378.0,196.0,359.0,189.0,333.0,176.0,312.0,219.0,318.0,243.0,282.0,257.0,261.0,268.0,243.0,198.0,307.0,206.0,287.0,195.0,308.0,188.0,326.0,178.0,301.0,186.0,274.0,180.0,293.0,174.0,311.0,160.0,298.0,165.0,268.0,167.0,248.0,172.0,230.0
J,day1,1787865097.5269482,15,150.0,380.0,176.0,381.0,197.0,365.0,193.0,339.0,181.0,319.0,224.0,325.0,250.0,292.0,267.0,272.0,280.0,254.0,204.0,313.0,213.0,296.0,200.0,316.0,190.0,333.0,184.0,305.0,193.0,279.0,185.0,296.0,179.0,314.0,166.0,300.0,175.0,270.0,179.0,251.0,186.0,234.0
J,day1,1787865097.618774,16,151.0,379.0,176.0,382.0,199.0,368.0,198.0,342.0,187.0,319.0,228.0,329.0,255.0,299.0,272.0,279.0,285.0,262.0,209.0,316.0,218.0,298.0,204.0,318.0,194.0,335.0,189.0,306.0,199.0,283.0,190.0,302.0,182.0,321.0,171.0,300.0,180.0,271.0,186.0,252.0,193.0,235.0
J,day1,1787865097.7196696,17,150.0,377.0,176.0,382.0,198.0,369.0,199.0,344.0,191.0,321.0,229.0,330.0,257.0,300.0,275.0,281.0,289.0,265.0,210.0,317.0,220.0,299.0,206.0,318.0,196.0,335.0,191.0,306.0,202.0,283.0,192.0,303.0,184.0,322.0,173.0,299.0,182.0,272.0,188.0,253.0,197.0,235.0
J,day1,1787865097.8323429,18,145.0,379.0,171.0,381.0,192.0,368.0,194.0,344.0,184.0,322.0,223.0,326.0,249.0,295.0,268.0,274.0,281.0,258.0,203.0,313.0,212.0,295.0,199.0,314.0,189.0,330.0,183.0,305.0,194.0,281.0,187.0,298.0,179.0,316.0,164.0,300.0,174.0,270.0,180.0,250.0,187.0,233.0
J,day1,1787865097.9644659,19,141.0,381.0,169.0,378.0,191.0,359.0,183.0,331.0,166.0,314.0,212.0,318.0,236.0,284.0,251.0,263.0,262.0,244.0,191.0,307.0,199.0,288.0,188.0,310.0,180.0,330.0,172.0,301.0,179.0,276.0,173.0,297.0,168.0,316.0,152.0,299.0,158.0,268.0,161.0,248.0,167.0,229.0
J,day1,1787865098.0828903,20,135.0,387.0,162.0,377.0,179.0,352.0,165.0,325.0,144.0,310.0,190.0,305.0,205.0,267.0,215.0,243.0,221.0,223.0,167.0,299.0,167.0,276.0,163.0,298.0,160.0,318.0,145.0,299.0,144.0,270.0,143.0,289.0,142.0,308.0,124.0,304.0,122.0,271.0,120.0,249.0,121.0,229.0
J,day1,1787865098.1929247,21,132.0,390.0,158.0,377.0,173.0,350.0,156.0,325.0,134.0,313.0,179.0,304.0,192.0,263.0,199.0,239.0,202.0,218.0,155.0,300.0,153.0,277.0,150.0,299.0,149.0,319.0,133.0,301.0,130.0,272.0,130.0,292.0,130.0,311.0,113.0,307.0,107.0,275.0,103.0,254.0,102.0,233.0
J,day1,1787865098.294188,22,126.0,396.0,152.0,380.0,163.0,351.0,141.0,329.0,116.0,320.0,168.0,303.0,177.0,261.0,182.0,235.0,184.0,213.0,142.0,302.0,139.0,280.0,139.0,304.0,140.0,323.0,119.0,305.0,115.0,276.0,116.0,295.0,119.0,314.0,99.0,312.0,89.0,279.0,83.0,258.0,79.0,238.0
J,day1,1787865098.402567,23,121.0,401.0,146.0,385.0,156.0,356.0,138.0,334.0,118.0,322.0,162.0,307.0,168.0,262.0,172.0,235.0,173.0,212.0,135.0,307.0,132.0,283.0,134.0,306.0,136.0,326.0,111.0,310.0,104.0,277.0,106.0,295.0,109.0,314.0,90.0,317.0,78.0,284.0,71.0,263.0,68.0,241.0
J,day1,1787865098.5244484,24,119.0,404.0,144.0,389.0,154.0,358.0,135.0,333.0,112.0,320.0,160.0,307.0,168.0,261.0,173.0,233.0,175.0,210.0,133.0,307.0,131.0,283.0,131.0,309.0,132.0,328.0,109.0,310.0,102.0,277.0,103.0,299.0,104.0,319.0,87.0,317.0,76.0,284.0,69.0,262.0,65.0,239.0
J,day1,1787865098.6436443,25,122.0,402.0,147.0,387.0,158.0,358.0,141.0,332.0,120.0,315.0,169.0,304.0,178.0,258.0,184.0,229.0,186.0,206.0,141.0,302.0,139.0,278.0,135.0,305.0,135.0,325.0,116.0,304.0,111.0,269.0,108.0,289.0,108.0,310.0,94.0,310.0,84.0,276.0,77.0,254.0,74.0,231.0
J,day1,1787865098.7605233,26,125.0,399.0,152.0,386.0,166.0,357.0,152.0,330.0,132.0,311.0,179.0,300.0,191.0,252.0,198.0,222.0,202.0,198.0,150.0,296.0,149.0,268.0,143.0,295.0,141.0,316.0,123.0,296.0,120.0,259.0,117.0,279.0,116.0,299.0,100.0,302.0,92.0,265.0,86.0,240.0,84.0,217.0
J,day1,1787865098.874957,27,127.0,398.0,158.0,385.0,177.0,349.0,156.0,318.0,129.0,300.0,187.0,291.0,201.0,240.0,210.0,209.0,215.0,183.0,156.0,286.0,154.0,258.0,153.0,286.0,155.0,308.0,128.0,286.0,124.0,248.0,124.0,271.0,126.0,293.0,102.0,293.0,97.0,253.0,94.0,227.0,95.0,201.0
J,day1,1787865098.9733353,28,130.0,405.0,162.0,390.0,179.0,353.0,159.0,318.0,133.0,296.0,192.0,292.0,205.0,239.0,214.0,206.0,218.0,177.0,159.0,287.0,156.0,259.0,156.0,288.0,159.0,311.0,130.0,288.0,125.0,251.0,127.0,277.0,131.0,302.0,103.0,294.0,97.0,252.0,93.0,225.0,92.0,198.0
J,day1,1787865099.1060503,29,131.0,412.0,165.0,398.0,184.0,361.0,162.0,326.0,135.0,304.0,197.0,298.0,212.0,240.0,223.0,206.0,229.0,176.0,164.0,292.0,164.0,264.0,160.0,294.0,160.0,318.0,133.0,291.0,130.0,252.0,129.0,279.0,131.0,305.0,105.0,296.0,100.0,253.0,96.0,225.0,97.0,197.0
J,day1,1787865099.2228332,30,129.0,417.0,163.0,403.0,183.0,367.0,161.0,332.0,133.0,309.0,198.0,300.0,214.0,242.0,225.0,206.0,232.0,176.0,163.0,294.0,163.0,263.0,159.0,297.0,158.0,325.0,132.0,294.0,128.0,252.0,128.0,282.0,130.0,309.0,103.0,299.0,97.0,254.0,94.0,225.0,95.0,195.0
J,day1,1787865099.3338187,31,128.0,416.0,162.0,404.0,182.0,369.0,162.0,333.0,132.0,310.0,197.0,298.0,214.0,239.0,225.0,203.0,231.0,172.0,163.0,291.0,162.0,265.0,157.0,301.0,155.0,327.0,131.0,291.0,126.0,253.0,127.0,285.0,130.0,313.0,102.0,296.0,96.0,252.0,92.0,224.0,93.0,194.0
J,day1,1787865099.4540544,32,131.0,412.0,163.0,399.0,182.0,365.0,159.0,330.0,132.0,307.0,198.0,297.0,214.0,239.0,225.0,203.0,231.0,174.0,164.0,292.0,165.0,263.0,159.0,298.0,157.0,325.0,133.0,291.0,130.0,251.0,130.0,281.0,132.0,308.0,105.0,295.0,100.0,252.0,96.0,224.0,97.0,194.0
J,day1,1787865099.5670862,33,134.0,406.0,166.0,394.0,185.0,362.0,164.0,329.0,138.0,308.0,201.0,298.0,217.0,243.0,229.0,209.0,236.0,181.0,169.0,293.0,170.0,265.0,164.0,297.0,160.0,322.0,139.0,291.0,137.0,252.0,135.0,278.0,135.0,304.0,113.0,294.0,108.0,253.0,105.0,226.0,106.0,198.0
J,day1,1787865099.660522,34,137.0,403.0,169.0,391.0,189.0,360.0,172.0,329.0,152.0,309.0,202.0,300.0,218.0,248.0,229.0,216.0,234.0,188.0,172.0,295.0,173.0,264.0,169.0,293.0,168.0,318.0,144.0,294.0,142.0,254.0,141.0,280.0,140.0,305.0,119.0,297.0,116.0,257.0,114.0,230.0,113.0,204.0
J,day1,1787865099.7826693,35,149.0,395.0,181.0,383.0,201.0,356.0,184.0,326.0,164.0,305.0,212.0,303.0,229.0,259.0,237.0,232.0,243.0,207.0,185.0,297.0,184.0,269.0,175.0,295.0,171.0,318.0,160.0,295.0,158.0,262.0,154.0,282.0,153.0,304.0,137.0,297.0,136.0,261.0,134.0,239.0,136.0,217.0
J,day1,1787865099.9023294,36,153.0,389.0,182.0,379.0,201.0,353.0,189.0,326.0,173.0,307.0,213.0,304.0,229.0,260.0,239.0,234.0,245.0,212.0,188.0,298.0,191.0,271.0,187.0,295.0,184.0,316.0,165.0,297.0,166.0,263.0,166.0,283.0,167.0,303.0,144.0,299.0,143.0,265.0,142.0,242.0,143.0,220.0
J,day1,1787865100.001776,37,156.0,382.0,183.0,373.0,201.0,350.0,196.0,325.0,190.0,303.0,214.0,303.0,229.0,262.0,238.0,237.0,244.0,216.0,191.0,298.0,193.0,273.0,187.0,295.0,184.0,315.0,169.0,296.0,170.0,265.0,170.0,280.0,169.0,298.0,149.0,298.0,147.0,266.0,147.0,245.0,148.0,225.0
J,day1,1787865100.097818,38,156.0,379.0,183.0,371.0,200.0,348.0,192.0,323.0,181.0,303.0,212.0,302.0,227.0,263.0,236.0,240.0,242.0,219.0,190.0,297.0,194.0,272.0,189.0,293.0,185.0,312.0,169.0,295.0,172.0,266.0,172.0,283.0,171.0,300.0,150.0,297.0,149.0,266.0,149.0,245.0,151.0,226.0
J,day1,1787865100.2089314,39,155.0,376.0,180.0,367.0,197.0,344.0,188.0,317.0,173.0,299.0,208.0,300.0,222.0,263.0,231.0,240.0,236.0,220.0,187.0,295.0,189.0,271.0,186.0,289.0,185.0,306.0,167.0,293.0,169.0,265.0,170.0,280.0,171.0,296.0,148.0,296.0,146.0,265.0,145.0,245.0,147.0,227.0
J,day1,1787865100.312263,40,152.0,376.0,177.0,366.0,192.0,341.0,180.0,315.0,165.0,298.0,202.0,300.0,216.0,263.0,223.0,240.0,227.0,220.0,181.0,294.0,183.0,272.0,177.0,291.0,173.0,309.0,161.0,293.0,162.0,265.0,161.0,278.0,160.0,293.0,142.0,296.0,140.0,266.0,139.0,247.0,140.0,229.0
J,day1,1787865100.4058416,41,149.0,379.0,174.0,368.0,190.0,343.0,186.0,318.0,180.0,299.0,199.0,300.0,211.0,264.0,218.0,241.0,221.0,223.0,177.0,297.0,176.0,275.0,172.0,295.0,169.0,314.0,157.0,297.0,156.0,270.0,158.0,284.0,158.0,299.0,138.0,300.0,135.0,270.0,134.0,251.0,135.0,233.0
J,day1,1787865100.5063665,42,148.0,389.0,173.0,376.0,187.0,349.0,176.0,323.0,160.0,307.0,198.0,311.0,210.0,275.0,217.0,251.0,221.0,232.0,176.0,306.0,177.0,283.0,173.0,304.0,170.0,323.0,155.0,305.0,156.0,278.0,156.0,295.0,155.0,311.0,137.0,308.0,134.0,279.0,133.0,261.0,134.0,243.0
J,day1,1787865100.6083329,43,151.0,399.0,176.0,388.0,191.0,364.0,180.0,339.0,164.0,323.0,204.0,327.0,220.0,292.0,230.0,270.0,236.0,251.0,184.0,321.0,187.0,301.0,184.0,320.0,182.0,337.0,164.0,318.0,166.0,294.0,167.0,311.0,167.0,328.0,146.0,319.0,145.0,289.0,146.0,271.0,149.0,253.0
J,day1,1787865100.7120624,44,147.0,403.0,171.0,398.0,186.0,379.0,183.0,356.0,177.0,338.0,207.0,339.0,226.0,305.0,238.0,284.0,246.0,265.0,187.0,331.0,192.0,312.0,183.0,333.0,176.0,350.0,168.0,326.0,173.0,300.0,169.0,319.0,165.0,337.0,150.0,324.0,153.0,295.0,155.0,277.0,160.0,260.0
J,day1,1787865100.826654,45,140.0,408.0,162.0,406.0,179.0,393.0,182.0,374.0,183.0,358.0,205.0,352.0,225.0,319.0,239.0,297.0,249.0,280.0,185.0,342.0,192.0,326.0,181.0,347.0,174.0,365.0,167.0,335.0,172.0,311.0,169.0,326.0,166.0,340.0,149.0,331.0,154.0,302.0,157.0,284.0,163.0,267.0
J,day1,1787865100.929289,46,133.0,413.0,157.0,413.0,176.0,399.0,168.0,377.0,154.0,359.0,201.0,357.0,222.0,326.0,237.0,307.0,247.0,291.0,181.0,346.0,188.0,335.0,176.0,356.0,166.0,373.0,163.0,340.0,167.0,321.0,163.0,339.0,157.0,356.0,145.0,337.0,151.0,308.0,155.0,289.0,162.0,272.0
J,day1,1787865101.0498426,47,131.0,411.0,155.0,410.0,174.0,393.0,165.0,369.0,150.0,351.0,197.0,352.0,219.0,321.0,234.0,302.0,244.0,286.0,178.0,342.0,184.0,328.0,174.0,349.0,165.0,366.0,159.0,336.0,164.0,316.0,159.0,335.0,154.0,352.0,141.0,334.0,147.0,305.0,151.0,287.0,157.0,270.0
J,day1,1787865101.177351,48,128.0,401.0,152.0,395.0,167.0,374.0,157.0,348.0,141.0,331.0,187.0,332.0,205.0,297.0,216.0,276.0,223.0,258.0,167.0,324.0,169.0,307.0,164.0,328.0,160.0,346.0,148.0,321.0,149.0,296.0,148.0,313.0,146.0,329.0,129.0,322.0,130.0,291.0,131.0,273.0,135.0,256.0
J,day1,1787865101.2810082,49,127.0,398.0,151.0,387.0,166.0,361.0,151.0,337.0,132.0,325.0,177.0,323.0,192.0,287.0,201.0,265.0,205.0,246.0,155.0,318.0,157.0,295.0,154.0,314.0,150.0,332.0,135.0,317.0,136.0,290.0,137.0,306.0,136.0,322.0,117.0,321.0,115.0,290.0,115.0,271.0,118.0,253.0
J,day1,1787865101.3813357,50,124.0,400.0,146.0,388.0,158.0,363.0,144.0,339.0,124.0,327.0,169.0,323.0,180.0,284.0,187.0,261.0,190.0,241.0,147.0,319.0,147.0,297.0,145.0,316.0,144.0,332.0,126.0,319.0,126.0,290.0,126.0,307.0,127.0,323.0,108.0,322.0,103.0,293.0,101.0,274.0,102.0,256.0
J,day1,1787865101.486985,51,124.0,402.0,147.0,390.0,158.0,365.0,144.0,342.0,125.0,330.0,167.0,322.0,176.0,282.0,182.0,258.0,185.0,238.0,144.0,319.0,142.0,297.0,140.0,319.0,140.0,337.0,123.0,320.0,120.0,290.0,121.0,308.0,122.0,325.0,104.0,325.0,98.0,295.0,95.0,276.0,95.0,256.0
J,day1,1787865101.587351,52,126.0,403.0,149.0,391.0,160.0,366.0,146.0,344.0,127.0,330.0,167.0,321.0,175.0,280.0,181.0,255.0,183.0,233.0,144.0,319.0,144.0,296.0,143.0,318.0,143.0,336.0,123.0,320.0,120.0,289.0,121.0,307.0,123.0,325.0,104.0,324.0,97.0,294.0,93.0,275.0,92.0,255.0
J,day1,1787865101.6876192,53,132.0,403.0,156.0,389.0,167.0,362.0,153.0,341.0,134.0,329.0,176.0,318.0,184.0,277.0,189.0,252.0,192.0,231.0,152.0,317.0,153.0,295.0,152.0,316.0,152.0,332.0,130.0,318.0,127.0,288.0,128.0,306.0,129.0,323.0,111.0,322.0,104.0,292.0,99.0,272.0,97.0,252.0
J,day1,1787865101.7954042,54,134.0,402.0,160.0,390.0,174.0,364.0,159.0,341.0,139.0,327.0,181.0,314.0,189.0,272.0,195.0,247.0,197.0,226.0,156.0,312.0,157.0,290.0,154.0,315.0,152.0,335.0,134.0,314.0,132.0,286.0,133.0,307.0,134.0,327.0,114.0,320.0,107.0,289.0,103.0,268.0,101.0,246.0
J,day1,1787865101.9060347,55,135.0,397.0,161.0,385.0,175.0,360.0,160.0,336.0,141.0,320.0,184.0,307.0,192.0,263.0,197.0,237.0,199.0,214.0,158.0,304.0,158.0,281.0,155.0,307.0,153.0,327.0,135.0,305.0,132.0,275.0,132.0,296.0,133.0,315.0,114.0,311.0,107.0,278.0,102.0,257.0,100.0,236.0
J,day1,1787865102.007072,56,137.0,389.0,163.0,379.0,179.0,354.0,175.0,328.0,171.0,308.0,194.0,301.0,207.0,257.0,215.0,230.0,220.0,208.0,169.0,297.0,169.0,271.0,164.0,295.0,162.0,314.0,145.0,296.0,144.0,262.0,141.0,281.0,139.0,301.0,123.0,300.0,119.0,266.0,115.0,244.0,115.0,222.0
J,day1,1787865102.1141386,57,137.0,377.0,165.0,371.0,185.0,348.0,179.0,319.0,168.0,295.0,207.0,295.0,225.0,250.0,238.0,223.0,246.0,200.0,181.0,286.0,185.0,261.0,176.0,284.0,170.0,304.0,157.0,282.0,161.0,247.0,155.0,267.0,151.0,288.0,134.0,283.0,135.0,248.0,134.0,225.0,136.0,203.0
K,day1,1787865157.086625,0,119.0,396.0,147.0,385.0,164.0,355.0,140.0,336.0,113.0,319.0,174.0,290.0,194.0,248.0,206.0,221.0,214.0,196.0,145.0,284.0,152.0,232.0,159.0,200.0,164.0,171.0,118.0,293.0,117.0,278.0,124.0,311.0,127.0,333.0,95.0,310.0,100.0,315.0,110.0,344.0,116.0,362.0
K,day1,1787865157.1740077,1,118.0,398.0,147.0,386.0,162.0,357.0,138.0,338.0,110.0,319.0,173.0,291.0,194.0,249.0,207.0,222.0,216.0,197.0,145.0,284.0,152.0,233.0,158.0,200.0,164.0,170.0,118.0,292.0,117.0,280.0,122.0,311.0,126.0,332.0,95.0,308.0,99.0,313.0,108.0,338.0,115.0,353.0
K,day1,1787865157.2638657,2,120.0,398.0,150.0,386.0,166.0,356.0,142.0,336.0,114.0,318.0,179.0,289.0,202.0,247.0,215.0,219.0,225.0,195.0,150.0,282.0,160.0,229.0,167.0,196.0,173.0,166.0,122.0,290.0,122.0,274.0,127.0,306.0,129.0,328.0,98.0,307.0,103.0,309.0,111.0,335.0,117.0,353.0
K,day1,1787865157.3745081,3,122.0,399.0,153.0,386.0,169.0,356.0,146.0,334.0,119.0,315.0,188.0,289.0,213.0,247.0,228.0,219.0,239.0,194.0,159.0,281.0,171.0,228.0,179.0,192.0,185.0,162.0,130.0,288.0,129.0,270.0,132.0,303.0,133.0,327.0,105.0,305.0,107.0,306.0,114.0,335.0,119.0,355.0
K,day1,1787865157.484239,4,124.0,403.0,156.0,392.0,175.0,362.0,151.0,337.0,124.0,316.0,195.0,290.0,224.0,247.0,241.0,218.0,254.0,193.0,165.0,281.0,180.0,227.0,191.0,191.0,198.0,160.0,135.0,287.0,136.0,269.0,139.0,304.0,138.0,330.0,108.0,304.0,112.0,307.0,120.0,337.0,124.0,359.0
K,day1,1787865157.5877733,5,129.0,398.0,162.0,386.0,181.0,355.0,158.0,332.0,130.0,314.0,201.0,286.0,231.0,243.0,248.0,214.0,261.0,189.0,171.0,276.0,186.0,222.0,198.0,186.0,206.0,156.0,140.0,283.0,144.0,264.0,147.0,299.0,146.0,324.0,112.0,300.0,120.0,300.0,127.0,330.0,130.0,352.0
K,day1,1787865157.6918173,6,135.0,390.0,168.0,378.0,188.0,348.0,167.0,323.0,141.0,302.0,205.0,281.0,234.0,239.0,252.0,211.0,264.0,187.0,176.0,272.0,191.0,219.0,202.0,184.0,210.0,155.0,146.0,278.0,150.0,259.0,154.0,291.0,155.0,314.0,119.0,295.0,127.0,290.0,136.0,315.0,141.0,335.0
K,day1,1787865157.7924063,7,138.0,384.0,171.0,374.0,192.0,343.0,172.0,316.0,147.0,296.0,208.0,279.0,235.0,239.0,252.0,212.0,264.0,190.0,180.0,270.0,195.0,218.0,207.0,185.0,216.0,157.0,151.0,276.0,155.0,257.0,159.0,288.0,159.0,310.0,125.0,291.0,133.0,287.0,140.0,312.0,143.0,330.0
K,day1,1787865157.8839529,8,140.0,380.0,172.0,371.0,193.0,341.0,173.0,314.0,148.0,293.0,207.0,280.0,233.0,243.0,248.0,218.0,259.0,196.0,180.0,271.0,195.0,221.0,207.0,189.0,216.0,163.0,152.0,277.0,158.0,259.0,161.0,290.0,161.0,312.0,127.0,293.0,136.0,287.0,144.0,311.0,147.0,328.0
K,day1,1787865157.993177,9,146.0,382.0,176.0,373.0,197.0,346.0,177.0,320.0,153.0,301.0,209.0,289.0,233.0,254.0,247.0,230.0,258.0,210.0,184.0,281.0,198.0,234.0,208.0,206.0,217.0,182.0,159.0,288.0,165.0,269.0,167.0,297.0,165.0,316.0,136.0,302.0,144.0,292.0,148.0,314.0,149.0,330.0
K,day1,1787865158.1009483,10,151.0,383.0,179.0,375.0,199.0,350.0,182.0,326.0,161.0,307.0,210.0,297.0,232.0,263.0,245.0,241.0,254.0,221.0,186.0,289.0,199.0,245.0,209.0,218.0,217.0,196.0,162.0,294.0,169.0,278.0,171.0,305.0,169.0,323.0,140.0,307.0,149.0,305.0,154.0,327.0,154.0,342.0
K,day1,1787865158.2073088,11,152.0,382.0,181.0,374.0,199.0,349.0,184.0,325.0,165.0,308.0,209.0,298.0,231.0,265.0,243.0,243.0,252.0,225.0,187.0,291.0,199.0,248.0,208.0,222.0,215.0,201.0,164.0,297.0,170.0,278.0,174.0,301.0,173.0,319.0,143.0,309.0,151.0,298.0,158.0,316.0,159.0,331.0
K,day1,1787865158.3219554,12,157.0,377.0,187.0,369.0,206.0,346.0,194.0,324.0,176.0,309.0,215.0,296.0,236.0,264.0,248.0,243.0,256.0,225.0,193.0,290.0,206.0,248.0,215.0,222.0,221.0,201.0,171.0,296.0,175.0,276.0,178.0,297.0,178.0,314.0,150.0,309.0,157.0,298.0,163.0,314.0,165.0,328.0
K,day1,1787865158.4335809,13,165.0,375.0,194.0,369.0,214.0,348.0,204.0,325.0,188.0,307.0,226.0,295.0,249.0,266.0,262.0,246.0,271.0,229.0,205.0,288.0,218.0,247.0,228.0,222.0,236.0,201.0,183.0,293.0,188.0,276.0,190.0,299.0,189.0,315.0,161.0,305.0,169.0,296.0,174.0,313.0,176.0,327.0
K,day1,1787865158.5502815,14,171.0,376.0,200.0,374.0,224.0,353.0,215.0,330.0,199.0,311.0,239.0,302.0,265.0,272.0,282.0,253.0,294.0,237.0,218.0,292.0,237.0,251.0,250.0,226.0,260.0,206.0,195.0,294.0,204.0,282.0,202.0,307.0,199.0,326.0,172.0,303.0,180.0,300.0,183.0,320.0,183.0,337.0
K,day1,1787865158.678561,15,172.0,382.0,202.0,385.0,231.0,370.0,229.0,345.0,220.0,321.0,259.0,320.0,292.0,296.0,313.0,280.0,330.0,267.0,240.0,306.0,269.0,269.0,288.0,247.0,302.0,228.0,217.0,303.0,231.0,293.0,223.0,318.0,216.0,337.0,192.0,306.0,203.0,312.0,199.0,336.0,194.0,353.0
K,day1,1787865158.782785,16,172.0,379.0,203.0,382.0,231.0,365.0,228.0,343.0,215.0,324.0,256.0,317.0,289.0,293.0,309.0,278.0,325.0,264.0,237.0,304.0,265.0,268.0,284.0,246.0,299.0,227.0,213.0,302.0,225.0,292.0,219.0,318.0,212.0,335.0,187.0,306.0,198.0,305.0,196.0,329.0,191.0,346.0
K,day1,1787865158.9067075,17,163.0,381.0,193.0,379.0,221.0,359.0,214.0,336.0,199.0,316.0,241.0,309.0,271.0,280.0,290.0,263.0,304.0,249.0,221.0,297.0,246.0,256.0,263.0,233.0,276.0,216.0,198.0,296.0,207.0,289.0,204.0,314.0,199.0,331.0,175.0,302.0,181.0,305.0,180.0,329.0,176.0,346.0
K,day1,1787865159.024319,18,156.0,385.0,187.0,379.0,211.0,359.0,202.0,339.0,186.0,321.0,224.0,302.0,250.0,270.0,265.0,250.0,277.0,233.0,201.0,294.0,219.0,249.0,231.0,224.0,240.0,204.0,177.0,297.0,186.0,285.0,186.0,311.0,184.0,329.0,154.0,307.0,163.0,306.0,166.0,328.0,166.0,343.0
K,day1,1787865159.12587,19,149.0,395.0,179.0,385.0,196.0,361.0,180.0,344.0,158.0,329.0,205.0,302.0,226.0,267.0,238.0,244.0,246.0,225.0,180.0,297.0,190.0,251.0,198.0,224.0,204.0,202.0,156.0,304.0,159.0,291.0,164.0,316.0,166.0,333.0,134.0,319.0,141.0,318.0,148.0,338.0,151.0,352.0
K,day1,1787865159.234659,20,141.0,407.0,169.0,392.0,183.0,364.0,161.0,348.0,137.0,336.0,186.0,304.0,201.0,265.0,209.0,239.0,214.0,218.0,161.0,302.0,162.0,254.0,165.0,224.0,166.0,200.0,138.0,313.0,136.0,298.0,146.0,323.0,150.0,342.0,119.0,332.0,124.0,330.0,134.0,349.0,139.0,363.0
K,day1,1787865159.367468,21,139.0,414.0,165.0,398.0,177.0,369.0,154.0,353.0,128.0,342.0,178.0,307.0,189.0,266.0,195.0,239.0,199.0,217.0,151.0,305.0,149.0,256.0,149.0,226.0,148.0,201.0,128.0,317.0,124.0,303.0,134.0,331.0,140.0,351.0,109.0,337.0,112.0,337.0,123.0,358.0,130.0,372.0
K,day1,1787865159.4825284,22,144.0,409.0,173.0,392.0,186.0,362.0,166.0,344.0,141.0,333.0,188.0,299.0,202.0,258.0,210.0,230.0,215.0,207.0,160.0,298.0,160.0,248.0,161.0,216.0,161.0,190.0,137.0,310.0,136.0,292.0,146.0,319.0,151.0,340.0,117.0,331.0,123.0,327.0,134.0,347.0,140.0,364.0
K,day1,1787865159.5841742,23,144.0,393.0,172.0,377.0,185.0,345.0,164.0,324.0,138.0,310.0,190.0,284.0,206.0,241.0,215.0,213.0,221.0,190.0,162.0,281.0,163.0,229.0,164.0,197.0,165.0,170.0,137.0,292.0,136.0,273.0,146.0,302.0,152.0,323.0,116.0,311.0,123.0,308.0,135.0,331.0,141.0,346.0
K,day1,1787865159.6773229,24,141.0,382.0,170.0,368.0,186.0,335.0,162.0,312.0,134.0,294.0,191.0,268.0,208.0,223.0,219.0,193.0,226.0,167.0,161.0,264.0,162.0,211.0,165.0,180.0,167.0,153.0,134.0,275.0,133.0,259.0,143.0,290.0,147.0,311.0,111.0,294.0,119.0,293.0,131.0,317.0,137.0,332.0
K,day1,1787865159.792431,25,141.0,377.0,170.0,363.0,186.0,333.0,165.0,312.0,139.0,293.0,193.0,258.0,211.0,214.0,223.0,185.0,230.0,159.0,162.0,253.0,165.0,203.0,167.0,174.0,168.0,150.0,134.0,264.0,131.0,247.0,140.0,279.0,146.0,303.0,111.0,285.0,117.0,286.0,130.0,311.0,138.0,328.0
K,day1,1787865159.9242475,26,141.0,378.0,172.0,363.0,189.0,329.0,162.0,309.0,132.0,291.0,197.0,255.0,215.0,208.0,228.0,178.0,237.0,152.0,164.0,249.0,167.0,201.0,170.0,174.0,171.0,151.0,134.0,258.0,132.0,247.0,141.0,281.0,146.0,305.0,110.0,279.0,117.0,289.0,129.0,316.0,137.0,332.0
K,day1,1787865160.0341175,27,140.0,382.0,172.0,367.0,190.0,335.0,163.0,315.0,132.0,297.0,197.0,258.0,215.0,209.0,228.0,178.0,237.0,150.0,163.0,252.0,166.0,203.0,169.0,174.0,170.0,150.0,132.0,261.0,130.0,252.0,139.0,287.0,144.0,311.0,106.0,281.0,113.0,293.0,125.0,322.0,134.0,340.0
K,day1,1787865160.1546926,28,143.0,389.0,174.0,374.0,194.0,343.0,169.0,323.0,138.0,307.0,199.0,265.0,220.0,216.0,232.0,184.0,241.0,156.0,165.0,258.0,169.0,206.0,172.0,175.0,172.0,151.0,134.0,267.0,133.0,267.0,141.0,300.0,146.0,321.0,108.0,286.0,117.0,305.0,129.0,332.0,138.0,348.0
K,day1,1787865160.270838,29,145.0,395.0,177.0,382.0,198.0,353.0,173.0,332.0,144.0,314.0,205.0,272.0,227.0,223.0,240.0,190.0,249.0,162.0,171.0,264.0,176.0,211.0,179.0,178.0,182.0,153.0,141.0,271.0,141.0,272.0,147.0,306.0,150.0,330.0,116.0,289.0,122.0,313.0,133.0,344.0,141.0,364.0
K,day1,1787865160.379932,30,152.0,400.0,186.0,389.0,212.0,363.0,187.0,341.0,157.0,324.0,217.0,288.0,238.0,243.0,250.0,214.0,260.0,189.0,185.0,279.0,192.0,226.0,198.0,191.0,202.0,163.0,157.0,286.0,161.0,288.0,168.0,320.0,170.0,341.0,133.0,301.0,142.0,321.0,149.0,349.0,153.0,365.0
K,day1,1787865160.4771695,31,158.0,401.0,189.0,391.0,211.0,366.0,190.0,347.0,166.0,330.0,219.0,295.0,241.0,252.0,254.0,224.0,264.0,200.0,189.0,287.0,197.0,235.0,204.0,199.0,209.0,170.0,161.0,294.0,164.0,288.0,169.0,319.0,171.0,341.0,137.0,311.0,144.0,326.0,154.0,354.0,161.0,372.0
K,day1,1787865160.608429,32,159.0,404.0,190.0,394.0,213.0,370.0,193.0,351.0,169.0,333.0,220.0,300.0,242.0,257.0,254.0,231.0,263.0,207.0,191.0,291.0,199.0,240.0,206.0,206.0,211.0,179.0,164.0,298.0,167.0,293.0,172.0,322.0,172.0,343.0,140.0,314.0,147.0,331.0,156.0,360.0,162.0,379.0
K,day1,1787865160.7110367,33,160.0,406.0,191.0,396.0,214.0,372.0,196.0,352.0,173.0,335.0,221.0,304.0,242.0,263.0,255.0,237.0,264.0,214.0,193.0,297.0,201.0,247.0,208.0,214.0,213.0,188.0,166.0,304.0,169.0,295.0,174.0,323.0,174.0,344.0,142.0,319.0,149.0,332.0,158.0,359.0,164.0,379.0
K,day1,1787865160.8314693,34,160.0,407.0,191.0,396.0,213.0,372.0,196.0,354.0,174.0,339.0,221.0,308.0,242.0,267.0,255.0,241.0,264.0,218.0,193.0,300.0,202.0,251.0,209.0,219.0,215.0,194.0,167.0,307.0,170.0,296.0,175.0,324.0,176.0,346.0,143.0,323.0,150.0,333.0,160.0,360.0,166.0,380.0
K,day1,1787865160.946204,35,161.0,408.0,191.0,398.0,214.0,373.0,196.0,356.0,173.0,340.0,221.0,309.0,242.0,269.0,254.0,244.0,264.0,221.0,193.0,302.0,202.0,253.0,209.0,222.0,215.0,197.0,167.0,308.0,170.0,297.0,176.0,326.0,177.0,348.0,144.0,324.0,151.0,334.0,161.0,361.0,166.0,382.0
K,day1,1787865161.0542414,36,161.0,408.0,191.0,398.0,214.0,374.0,198.0,356.0,176.0,339.0,222.0,311.0,244.0,272.0,256.0,248.0,265.0,226.0,195.0,304.0,204.0,257.0,212.0,226.0,218.0,201.0,169.0,310.0,173.0,300.0,176.0,325.0,175.0,345.0,147.0,325.0,154.0,337.0,162.0,362.0,166.0,382.0
K,day1,1787865161.1451392,37,165.0,405.0,196.0,398.0,219.0,376.0,205.0,357.0,186.0,340.0,229.0,316.0,251.0,279.0,265.0,256.0,276.0,237.0,204.0,308.0,216.0,263.0,226.0,234.0,234.0,211.0,180.0,313.0,189.0,306.0,192.0,332.0,191.0,351.0,158.0,326.0,168.0,330.0,174.0,351.0,175.0,368.0
K,day1,1787865161.2406645,38,173.0,407.0,202.0,405.0,229.0,389.0,218.0,367.0,202.0,348.0,246.0,327.0,271.0,294.0,286.0,272.0,297.0,254.0,223.0,316.0,241.0,273.0,253.0,245.0,262.0,225.0,198.0,318.0,208.0,317.0,210.0,342.0,207.0,360.0,175.0,328.0,185.0,338.0,187.0,361.0,185.0,377.0
K,day1,1787865161.3534088,39,171.0,410.0,200.0,415.0,228.0,405.0,223.0,384.0,211.0,362.0,256.0,346.0,287.0,316.0,306.0,297.0,321.0,280.0,234.0,330.0,259.0,292.0,276.0,266.0,289.0,245.0,210.0,326.0,218.0,326.0,211.0,352.0,204.0,370.0,185.0,330.0,190.0,346.0,188.0,373.0,186.0,393.0
K,day1,1787865161.4652185,40,167.0,408.0,196.0,413.0,224.0,403.0,216.0,383.0,202.0,363.0,251.0,344.0,282.0,316.0,302.0,298.0,318.0,282.0,229.0,329.0,255.0,291.0,273.0,266.0,286.0,247.0,205.0,326.0,210.0,325.0,203.0,352.0,195.0,371.0,179.0,330.0,182.0,341.0,178.0,368.0,174.0,389.0
K,day1,1787865161.5666134,41,160.0,407.0,190.0,408.0,215.0,396.0,205.0,376.0,191.0,356.0,240.0,338.0,269.0,309.0,287.0,290.0,303.0,274.0,218.0,324.0,240.0,284.0,257.0,259.0,271.0,239.0,193.0,323.0,199.0,318.0,194.0,346.0,189.0,366.0,168.0,329.0,171.0,336.0,170.0,361.0,168.0,380.0
K,day1,1787865161.671398,42,148.0,409.0,179.0,403.0,203.0,385.0,188.0,365.0,169.0,348.0,220.0,329.0,245.0,297.0,260.0,277.0,273.0,260.0,197.0,319.0,213.0,276.0,225.0,250.0,235.0,230.0,173.0,320.0,177.0,318.0,176.0,341.0,173.0,357.0,150.0,328.0,157.0,333.0,160.0,354.0,160.0,370.0
K,day1,1787865161.7977505,43,143.0,416.0,173.0,408.0,194.0,386.0,177.0,367.0,155.0,353.0,205.0,330.0,228.0,294.0,242.0,272.0,252.0,252.0,181.0,321.0,193.0,276.0,203.0,248.0,210.0,226.0,157.0,324.0,159.0,316.0,161.0,342.0,160.0,360.0,136.0,334.0,141.0,341.0,146.0,364.0,148.0,381.0
K,day1,1787865161.9012568,44,139.0,426.0,168.0,415.0,185.0,391.0,165.0,372.0,141.0,358.0,191.0,330.0,208.0,292.0,219.0,267.0,226.0,245.0,165.0,325.0,170.0,278.0,175.0,249.0,180.0,224.0,142.0,333.0,143.0,323.0,149.0,350.0,151.0,369.0,122.0,348.0,127.0,349.0,135.0,370.0,140.0,384.0
K,day1,1787865162.012079,45,141.0,434.0,169.0,420.0,183.0,393.0,160.0,377.0,135.0,365.0,185.0,331.0,197.0,291.0,205.0,264.0,211.0,242.0,159.0,328.0,160.0,280.0,162.0,249.0,163.0,225.0,136.0,339.0,134.0,329.0,141.0,355.0,145.0,374.0,118.0,356.0,121.0,361.0,131.0,382.0,139.0,396.0
K,day1,1787865162.1339846,46,144.0,434.0,172.0,419.0,186.0,391.0,162.0,377.0,137.0,365.0,183.0,328.0,194.0,287.0,202.0,261.0,206.0,239.0,157.0,326.0,156.0,279.0,156.0,248.0,156.0,223.0,136.0,338.0,134.0,328.0,143.0,352.0,148.0,370.0,118.0,357.0,123.0,362.0,135.0,380.0,142.0,393.0
K,day1,1787865162.2459679,47,150.0,433.0,178.0,417.0,192.0,390.0,169.0,377.0,143.0,366.0,188.0,328.0,199.0,287.0,205.0,260.0,210.0,237.0,162.0,327.0,160.0,279.0,160.0,248.0,160.0,223.0,140.0,339.0,140.0,326.0,149.0,352.0,153.0,371.0,123.0,358.0,129.0,360.0,141.0,381.0,148.0,397.0
K,day1,1787865162.348557,48,153.0,431.0,182.0,416.0,197.0,389.0,176.0,375.0,151.0,364.0,195.0,329.0,209.0,289.0,216.0,263.0,220.0,241.0,169.0,327.0,169.0,281.0,170.0,250.0,172.0,225.0,147.0,339.0,147.0,328.0,155.0,352.0,157.0,370.0,129.0,356.0,135.0,359.0,144.0,378.0,149.0,393.0
K,day1,1787865162.4569027,49,157.0,430.0,187.0,415.0,203.0,387.0,186.0,370.0,163.0,360.0,206.0,330.0,223.0,293.0,232.0,268.0,239.0,247.0,180.0,327.0,184.0,281.0,189.0,251.0,193.0,228.0,158.0,337.0,161.0,324.0,167.0,349.0,169.0,368.0,139.0,354.0,146.0,352.0,155.0,372.0,159.0,387.0
K,day1,1787865162.5632803,50,166.0,416.0,195.0,404.0,212.0,380.0,202.0,362.0,184.0,348.0,220.0,325.0,238.0,289.0,249.0,267.0,256.0,248.0,196.0,320.0,202.0,275.0,209.0,248.0,213.0,226.0,173.0,328.0,175.0,314.0,180.0,332.0,182.0,346.0,153.0,344.0,162.0,344.0,171.0,361.0,176.0,376.0
K,day1,1787865162.6934538,51,180.0,404.0,210.0,394.0,228.0,368.0,218.0,348.0,203.0,332.0,235.0,316.0,253.0,283.0,264.0,262.0,272.0,244.0,213.0,312.0,222.0,269.0,229.0,243.0,234.0,223.0,191.0,319.0,199.0,301.0,203.0,325.0,203.0,344.0,172.0,332.0,182.0,331.0,188.0,352.0,189.0,368.0
K,day1,1787865162.8168707,52,183.0,398.0,211.0,391.0,228.0,366.0,219.0,345.0,204.0,329.0,236.0,314.0,254.0,281.0,265.0,261.0,273.0,244.0,215.0,310.0,223.0,268.0,230.0,243.0,235.0,224.0,194.0,316.0,200.0,300.0,205.0,324.0,206.0,342.0,174.0,329.0,185.0,329.0,192.0,349.0,195.0,363.0
K,day1,1787865162.9095507,53,180.0,397.0,209.0,387.0,226.0,361.0,216.0,343.0,199.0,330.0,230.0,312.0,248.0,279.0,259.0,259.0,268.0,242.0,210.0,307.0,217.0,266.0,225.0,241.0,230.0,221.0,189.0,314.0,195.0,300.0,200.0,324.0,200.0,341.0,170.0,326.0,179.0,325.0,186.0,344.0,188.0,357.0
K,day1,1787865163.0111878,54,174.0,400.0,203.0,391.0,221.0,366.0,211.0,346.0,194.0,332.0,225.0,314.0,244.0,280.0,255.0,258.0,263.0,240.0,203.0,310.0,211.0,267.0,218.0,240.0,223.0,219.0,182.0,317.0,189.0,301.0,193.0,325.0,193.0,344.0,162.0,330.0,172.0,326.0,179.0,345.0,181.0,360.0
K,day1,1787865163.1317377,55,168.0,408.0,198.0,397.0,214.0,373.0,201.0,358.0,182.0,345.0,220.0,318.0,239.0,283.0,250.0,261.0,258.0,241.0,196.0,313.0,204.0,269.0,210.0,241.0,216.0,219.0,174.0,321.0,178.0,307.0,184.0,332.0,185.0,352.0,153.0,336.0,160.0,335.0,168.0,356.0,172.0,373.0
K,day1,1787865163.268363,56,161.0,421.0,191.0,411.0,212.0,386.0,197.0,368.0,176.0,354.0,215.0,323.0,234.0,285.0,245.0,260.0,254.0,239.0,189.0,318.0,195.0,271.0,201.0,240.0,206.0,215.0,165.0,326.0,169.0,315.0,175.0,345.0,177.0,366.0,143.0,342.0,151.0,346.0,160.0,370.0,165.0,388.0
K,day1,1787865163.3833067,57,158.0,426.0,190.0,414.0,212.0,388.0,192.0,372.0,168.0,359.0,213.0,325.0,231.0,283.0,243.0,257.0,252.0,234.0,185.0,319.0,191.0,270.0,196.0,237.0,200.0,212.0,161.0,326.0,166.0,320.0,171.0,347.0,172.0,368.0,140.0,340.0,149.0,351.0,158.0,374.0,162.0,391.0
K,day1,1787865163.4977343,58,157.0,427.0,189.0,415.0,211.0,388.0,190.0,371.0,166.0,357.0,212.0,323.0,231.0,281.0,243.0,254.0,252.0,231.0,184.0,317.0,191.0,269.0,196.0,236.0,200.0,209.0,159.0,324.0,161.0,319.0,167.0,348.0,169.0,370.0,137.0,340.0,144.0,353.0,155.0,378.0,161.0,396.0
K,day1,1787865163.609511,59,157.0,427.0,189.0,414.0,211.0,389.0,191.0,372.0,166.0,358.0,214.0,322.0,235.0,281.0,247.0,254.0,255.0,231.0,185.0,316.0,193.0,267.0,199.0,234.0,203.0,208.0,159.0,323.0,163.0,319.0,168.0,347.0,168.0,369.0,137.0,339.0,145.0,355.0,155.0,382.0,161.0,401.0
K,day1,1787865163.7093294,60,155.0,426.0,187.0,414.0,209.0,389.0,190.0,373.0,166.0,359.0,214.0,323.0,235.0,282.0,248.0,255.0,257.0,232.0,186.0,316.0,195.0,267.0,201.0,235.0,206.0,209.0,160.0,322.0,163.0,320.0,167.0,349.0,168.0,370.0,138.0,336.0,144.0,352.0,153.0,378.0,158.0,397.0
K,day1,1787865163.8134997,61,152.0,414.0,183.0,403.0,202.0,380.0,186.0,362.0,164.0,348.0,210.0,317.0,230.0,279.0,243.0,254.0,253.0,232.0,184.0,311.0,194.0,263.0,200.0,232.0,206.0,207.0,159.0,318.0,161.0,305.0,165.0,334.0,165.0,357.0,137.0,334.0,141.0,336.0,149.0,362.0,153.0,382.0
K,day1,1787865163.9030743,62,155.0,407.0,184.0,396.0,203.0,373.0,187.0,355.0,166.0,339.0,212.0,313.0,231.0,278.0,244.0,255.0,252.0,234.0,187.0,307.0,196.0,262.0,203.0,234.0,209.0,212.0,163.0,314.0,167.0,302.0,170.0,326.0,169.0,344.0,142.0,329.0,149.0,329.0,155.0,351.0,158.0,368.0
K,day1,1787865164.012851,63,162.0,402.0,188.0,393.0,205.0,371.0,192.0,355.0,173.0,340.0,216.0,316.0,235.0,282.0,247.0,260.0,255.0,241.0,192.0,310.0,201.0,268.0,208.0,241.0,214.0,220.0,169.0,316.0,172.0,306.0,174.0,329.0,172.0,346.0,149.0,330.0,154.0,337.0,160.0,360.0,163.0,377.0
L,day1,1787865215.8274426,0,92.0,406.0,118.0,396.0,147.0,376.0,174.0,369.0,199.0,372.0,133.0,321.0,142.0,279.0,145.0,251.0,147.0,229.0,107.0,319.0,105.0,321.0,104.0,354.0,106.0,370.0,82.0,325.0,80.0,332.0,85.0,361.0,90.0,371.0,59.0,333.0,58.0,335.0,65.0,358.0,71.0,368.0
L,day1,1787865215.9428113,1,93.0,406.0,120.0,397.0,150.0,377.0,178.0,370.0,204.0,373.0,136.0,322.0,145.0,280.0,148.0,251.0,151.0,228.0,111.0,319.0,109.0,323.0,107.0,357.0,108.0,374.0,86.0,324.0,84.0,333.0,87.0,361.0,91.0,373.0,62.0,332.0,62.0,336.0,68.0,360.0,73.0,369.0
L,day1,1787865216.051645,2,95.0,407.0,123.0,397.0,154.0,376.0,183.0,367.0,209.0,369.0,137.0,319.0,146.0,276.0,149.0,247.0,151.0,224.0,111.0,318.0,111.0,317.0,109.0,352.0,110.0,370.0,86.0,324.0,85.0,329.0,90.0,359.0,94.0,372.0,62.0,333.0,62.0,334.0,70.0,358.0,75.0,367.0
L,day1,1787865216.1559763,3,93.0,409.0,122.0,398.0,154.0,376.0,182.0,369.0,209.0,371.0,136.0,319.0,145.0,273.0,148.0,244.0,149.0,220.0,109.0,318.0,111.0,316.0,110.0,353.0,110.0,372.0,82.0,324.0,84.0,328.0,88.0,360.0,92.0,373.0,57.0,334.0,59.0,332.0,67.0,357.0,71.0,368.0
L,day1,1787865216.2768183,4,89.0,415.0,119.0,403.0,151.0,379.0,181.0,372.0,209.0,376.0,133.0,320.0,141.0,273.0,143.0,242.0,144.0,218.0,105.0,318.0,104.0,321.0,103.0,358.0,104.0,378.0,77.0,324.0,75.0,333.0,80.0,365.0,85.0,380.0,50.0,335.0,49.0,340.0,58.0,366.0,65.0,378.0
L,day1,1787865216.3747702,5,86.0,419.0,117.0,408.0,150.0,384.0,180.0,377.0,210.0,381.0,131.0,321.0,139.0,273.0,141.0,241.0,142.0,216.0,101.0,319.0,100.0,324.0,99.0,362.0,102.0,383.0,72.0,326.0,70.0,335.0,76.0,368.0,83.0,384.0,45.0,338.0,43.0,341.0,53.0,367.0,60.0,380.0
L,day1,1787865216.4730287,6,87.0,422.0,119.0,411.0,153.0,388.0,184.0,380.0,214.0,381.0,132.0,321.0,140.0,274.0,142.0,242.0,143.0,216.0,102.0,317.0,100.0,328.0,100.0,366.0,102.0,386.0,72.0,325.0,70.0,341.0,76.0,372.0,83.0,387.0,45.0,337.0,43.0,349.0,53.0,375.0,61.0,387.0
L,day1,1787865216.5674834,7,88.0,424.0,120.0,414.0,155.0,391.0,187.0,384.0,217.0,385.0,135.0,325.0,143.0,277.0,146.0,244.0,148.0,217.0,104.0,319.0,103.0,335.0,103.0,371.0,105.0,389.0,74.0,326.0,74.0,348.0,79.0,377.0,86.0,388.0,46.0,338.0,46.0,355.0,56.0,379.0,65.0,388.0
L,day1,1787865216.6604319,8,91.0,420.0,123.0,411.0,158.0,388.0,190.0,382.0,220.0,383.0,139.0,324.0,147.0,276.0,149.0,244.0,152.0,218.0,109.0,319.0,109.0,329.0,107.0,366.0,108.0,385.0,80.0,325.0,79.0,340.0,84.0,372.0,90.0,385.0,52.0,336.0,52.0,346.0,62.0,371.0,69.0,382.0
L,day1,1787865216.7535977,9,94.0,413.0,126.0,403.0,160.0,381.0,192.0,373.0,221.0,376.0,143.0,316.0,151.0,271.0,153.0,240.0,155.0,215.0,114.0,311.0,116.0,319.0,113.0,357.0,113.0,375.0,86.0,316.0,87.0,332.0,91.0,364.0,95.0,376.0,60.0,327.0,61.0,338.0,68.0,364.0,74.0,374.0
L,day1,1787865216.8589125,10,100.0,405.0,131.0,394.0,166.0,372.0,196.0,364.0,222.0,367.0,148.0,311.0,155.0,267.0,159.0,238.0,161.0,214.0,120.0,308.0,122.0,313.0,120.0,349.0,120.0,367.0,93.0,313.0,95.0,326.0,99.0,356.0,103.0,367.0,67.0,323.0,70.0,332.0,77.0,356.0,83.0,365.0
L,day1,1787865216.9888537,11,106.0,398.0,136.0,388.0,168.0,367.0,196.0,358.0,224.0,359.0,151.0,308.0,160.0,266.0,163.0,238.0,166.0,215.0,125.0,306.0,129.0,307.0,127.0,343.0,126.0,361.0,99.0,311.0,103.0,318.0,106.0,349.0,109.0,362.0,74.0,320.0,79.0,323.0,85.0,348.0,88.0,358.0
L,day1,1787865217.0912795,12,109.0,394.0,138.0,385.0,168.0,364.0,195.0,355.0,222.0,354.0,153.0,306.0,161.0,266.0,163.0,239.0,165.0,217.0,127.0,303.0,131.0,306.0,129.0,339.0,128.0,358.0,102.0,308.0,106.0,319.0,109.0,347.0,112.0,359.0,78.0,317.0,82.0,325.0,88.0,347.0,93.0,355.0
L,day1,1787865217.1956775,13,110.0,392.0,138.0,383.0,167.0,363.0,194.0,354.0,220.0,353.0,153.0,307.0,160.0,268.0,163.0,241.0,165.0,220.0,127.0,306.0,133.0,305.0,131.0,339.0,129.0,357.0,103.0,311.0,108.0,318.0,111.0,347.0,112.0,359.0,79.0,320.0,85.0,324.0,91.0,346.0,94.0,355.0
L,day1,1787865217.3041396,14,111.0,392.0,139.0,382.0,168.0,362.0,194.0,352.0,220.0,351.0,152.0,308.0,159.0,269.0,162.0,243.0,164.0,222.0,127.0,308.0,133.0,304.0,132.0,338.0,130.0,356.0,104.0,315.0,109.0,317.0,113.0,345.0,114.0,358.0,81.0,325.0,87.0,324.0,93.0,345.0,95.0,355.0
L,day1,1787865217.414462,15,114.0,391.0,141.0,380.0,170.0,360.0,196.0,350.0,220.0,348.0,153.0,310.0,159.0,270.0,162.0,245.0,163.0,224.0,129.0,311.0,135.0,304.0,134.0,337.0,133.0,356.0,106.0,318.0,111.0,316.0,115.0,345.0,116.0,358.0,84.0,327.0,90.0,323.0,96.0,345.0,98.0,354.0
L,day1,1787865217.5405593,16,118.0,395.0,145.0,384.0,173.0,362.0,199.0,351.0,224.0,347.0,155.0,313.0,159.0,273.0,160.0,247.0,160.0,227.0,131.0,315.0,135.0,307.0,136.0,340.0,137.0,357.0,108.0,322.0,112.0,321.0,118.0,349.0,120.0,361.0,86.0,333.0,90.0,330.0,98.0,350.0,101.0,358.0
L,day1,1787865217.6347744,17,121.0,401.0,147.0,388.0,173.0,362.0,199.0,346.0,223.0,341.0,149.0,315.0,148.0,275.0,146.0,250.0,143.0,230.0,126.0,318.0,132.0,312.0,137.0,344.0,138.0,362.0,104.0,327.0,111.0,328.0,119.0,355.0,122.0,367.0,83.0,339.0,90.0,337.0,100.0,356.0,103.0,365.0
L,day1,1787865217.728182,18,120.0,411.0,145.0,395.0,170.0,367.0,195.0,351.0,220.0,344.0,144.0,325.0,140.0,282.0,136.0,256.0,132.0,235.0,121.0,332.0,124.0,320.0,131.0,351.0,134.0,370.0,100.0,343.0,102.0,334.0,113.0,361.0,117.0,376.0,80.0,356.0,82.0,346.0,93.0,364.0,97.0,375.0
L,day1,1787865217.826851,19,120.0,414.0,145.0,397.0,168.0,369.0,193.0,352.0,218.0,344.0,139.0,325.0,134.0,284.0,129.0,258.0,124.0,237.0,115.0,332.0,120.0,323.0,128.0,356.0,131.0,373.0,94.0,345.0,99.0,341.0,111.0,368.0,115.0,381.0,75.0,359.0,80.0,353.0,92.0,372.0,95.0,381.0
L,day1,1787865217.9630008,20,114.0,412.0,139.0,395.0,162.0,366.0,185.0,349.0,209.0,339.0,131.0,323.0,124.0,281.0,118.0,256.0,111.0,235.0,108.0,330.0,111.0,323.0,121.0,356.0,124.0,374.0,86.0,342.0,92.0,341.0,104.0,368.0,108.0,380.0,66.0,357.0,73.0,352.0,86.0,371.0,90.0,380.0
L,day1,1787865218.049737,21,110.0,411.0,136.0,395.0,159.0,368.0,183.0,352.0,207.0,344.0,131.0,322.0,126.0,279.0,121.0,253.0,116.0,232.0,108.0,328.0,108.0,320.0,116.0,355.0,121.0,371.0,86.0,340.0,88.0,338.0,99.0,367.0,105.0,378.0,65.0,354.0,67.0,351.0,80.0,372.0,85.0,380.0
L,day1,1787865218.137345,22,104.0,407.0,129.0,392.0,153.0,367.0,180.0,355.0,207.0,350.0,131.0,317.0,131.0,274.0,128.0,247.0,125.0,225.0,107.0,322.0,108.0,315.0,113.0,349.0,117.0,366.0,84.0,332.0,85.0,331.0,95.0,360.0,101.0,372.0,62.0,345.0,64.0,341.0,75.0,363.0,81.0,372.0
L,day1,1787865218.266595,23,96.0,400.0,121.0,388.0,148.0,367.0,174.0,355.0,200.0,353.0,131.0,311.0,133.0,268.0,133.0,241.0,131.0,219.0,106.0,311.0,107.0,309.0,109.0,344.0,111.0,361.0,82.0,317.0,83.0,324.0,89.0,353.0,95.0,365.0,60.0,328.0,61.0,331.0,70.0,353.0,76.0,362.0
L,day1,1787865218.3972197,24,92.0,395.0,116.0,386.0,144.0,366.0,170.0,356.0,198.0,354.0,132.0,306.0,136.0,264.0,136.0,236.0,135.0,214.0,107.0,305.0,104.0,306.0,104.0,342.0,106.0,356.0,83.0,311.0,79.0,317.0,84.0,348.0,90.0,358.0,59.0,319.0,57.0,322.0,64.0,346.0,70.0,355.0
L,day1,1787865218.4991748,25,88.0,388.0,114.0,382.0,145.0,364.0,172.0,357.0,199.0,360.0,135.0,305.0,142.0,263.0,144.0,235.0,145.0,212.0,111.0,300.0,104.0,306.0,101.0,340.0,103.0,355.0,87.0,303.0,79.0,315.0,81.0,344.0,87.0,355.0,63.0,308.0,58.0,316.0,62.0,341.0,68.0,350.0
L,day1,1787865218.6167443,26,88.0,387.0,115.0,382.0,147.0,365.0,175.0,361.0,201.0,368.0,140.0,305.0,150.0,265.0,153.0,236.0,155.0,213.0,116.0,297.0,107.0,307.0,102.0,339.0,103.0,356.0,92.0,298.0,82.0,316.0,83.0,343.0,89.0,355.0,68.0,303.0,61.0,316.0,65.0,339.0,72.0,349.0
L,day1,1787865218.7186577,27,88.0,386.0,115.0,382.0,147.0,367.0,175.0,365.0,200.0,373.0,143.0,305.0,154.0,264.0,158.0,236.0,161.0,213.0,119.0,296.0,110.0,308.0,103.0,340.0,103.0,356.0,95.0,297.0,84.0,315.0,85.0,343.0,91.0,355.0,71.0,302.0,64.0,314.0,66.0,338.0,73.0,348.0
L,day1,1787865218.809092,28,89.0,387.0,116.0,384.0,149.0,370.0,177.0,371.0,201.0,382.0,148.0,309.0,162.0,268.0,169.0,239.0,173.0,215.0,125.0,300.0,116.0,307.0,106.0,339.0,104.0,357.0,100.0,298.0,90.0,312.0,87.0,341.0,91.0,354.0,77.0,301.0,69.0,310.0,69.0,335.0,75.0,347.0
L,day1,1787865218.9121199,29,94.0,386.0,122.0,385.0,155.0,373.0,182.0,376.0,205.0,386.0,157.0,312.0,173.0,271.0,180.0,243.0,187.0,220.0,136.0,302.0,127.0,308.0,116.0,338.0,114.0,356.0,112.0,300.0,100.0,312.0,95.0,339.0,100.0,352.0,87.0,301.0,78.0,311.0,77.0,334.0,83.0,344.0
L,day1,1787865219.0292652,30,97.0,389.0,125.0,387.0,160.0,374.0,191.0,373.0,218.0,381.0,160.0,312.0,176.0,271.0,184.0,242.0,190.0,219.0,137.0,302.0,129.0,308.0,119.0,341.0,117.0,358.0,113.0,300.0,102.0,312.0,99.0,341.0,103.0,353.0,89.0,301.0,82.0,308.0,81.0,333.0,85.0,344.0
L,day1,1787865219.1506321,31,100.0,406.0,132.0,399.0,168.0,378.0,199.0,371.0,228.0,375.0,153.0,314.0,162.0,269.0,165.0,239.0,168.0,215.0,126.0,308.0,125.0,316.0,121.0,353.0,120.0,372.0,99.0,312.0,97.0,326.0,99.0,356.0,103.0,370.0,72.0,320.0,71.0,328.0,76.0,354.0,81.0,364.0
L,day1,1787865219.25827,32,96.0,414.0,128.0,405.0,165.0,383.0,197.0,375.0,228.0,376.0,148.0,316.0,157.0,269.0,159.0,238.0,160.0,213.0,120.0,312.0,119.0,318.0,115.0,357.0,115.0,375.0,91.0,317.0,89.0,328.0,92.0,362.0,97.0,376.0,64.0,326.0,62.0,330.0,68.0,359.0,73.0,371.0
L,day1,1787865219.3766506,33,96.0,419.0,130.0,408.0,167.0,383.0,201.0,373.0,233.0,373.0,146.0,316.0,153.0,268.0,155.0,236.0,155.0,210.0,116.0,314.0,116.0,318.0,115.0,358.0,116.0,379.0,87.0,320.0,86.0,331.0,91.0,366.0,97.0,381.0,58.0,331.0,59.0,336.0,67.0,365.0,74.0,377.0
L,day1,1787865219.5014486,34,99.0,422.0,133.0,410.0,171.0,384.0,207.0,374.0,239.0,374.0,149.0,317.0,156.0,267.0,156.0,234.0,156.0,207.0,119.0,316.0,119.0,316.0,118.0,359.0,120.0,379.0,89.0,323.0,88.0,330.0,94.0,366.0,100.0,381.0,60.0,332.0,61.0,335.0,69.0,364.0,76.0,376.0
L,day1,1787865219.5975456,35,109.0,430.0,145.0,419.0,183.0,395.0,216.0,388.0,249.0,392.0,163.0,327.0,173.0,273.0,177.0,240.0,179.0,212.0,132.0,326.0,133.0,319.0,129.0,363.0,128.0,386.0,102.0,332.0,102.0,330.0,104.0,368.0,106.0,386.0,73.0,343.0,74.0,335.0,80.0,364.0,83.0,379.0
L,day1,1787865219.7084155,36,108.0,436.0,145.0,426.0,183.0,402.0,219.0,394.0,253.0,398.0,169.0,333.0,183.0,279.0,189.0,245.0,194.0,217.0,140.0,330.0,138.0,322.0,131.0,366.0,130.0,390.0,109.0,334.0,106.0,330.0,108.0,370.0,113.0,388.0,79.0,342.0,79.0,334.0,84.0,364.0,90.0,379.0
L,day1,1787865219.8148172,37,109.0,433.0,144.0,425.0,182.0,402.0,218.0,394.0,252.0,396.0,174.0,333.0,191.0,282.0,198.0,249.0,203.0,221.0,145.0,329.0,146.0,320.0,137.0,362.0,134.0,388.0,116.0,332.0,114.0,329.0,113.0,368.0,116.0,388.0,87.0,337.0,88.0,330.0,91.0,359.0,94.0,374.0
L,day1,1787865219.934501,38,112.0,433.0,148.0,425.0,185.0,402.0,222.0,395.0,255.0,399.0,178.0,333.0,194.0,282.0,202.0,249.0,208.0,222.0,149.0,330.0,148.0,319.0,140.0,363.0,138.0,386.0,119.0,333.0,116.0,330.0,117.0,369.0,121.0,387.0,90.0,340.0,90.0,333.0,94.0,363.0,98.0,376.0
L,day1,1787865220.0467317,39,113.0,437.0,150.0,427.0,190.0,405.0,226.0,397.0,260.0,402.0,177.0,331.0,190.0,279.0,197.0,245.0,202.0,218.0,146.0,328.0,146.0,321.0,140.0,366.0,139.0,388.0,115.0,332.0,114.0,332.0,116.0,372.0,121.0,389.0,86.0,341.0,85.0,336.0,91.0,366.0,96.0,379.0
L,day1,1787865220.1685948,40,117.0,440.0,155.0,427.0,194.0,400.0,230.0,391.0,263.0,390.0,171.0,332.0,178.0,279.0,181.0,245.0,182.0,217.0,141.0,333.0,145.0,325.0,144.0,370.0,143.0,390.0,111.0,342.0,113.0,334.0,118.0,376.0,122.0,393.0,82.0,353.0,86.0,343.0,94.0,375.0,98.0,389.0
L,day1,1787865220.272817,41,120.0,439.0,157.0,426.0,195.0,398.0,229.0,387.0,260.0,388.0,169.0,333.0,174.0,281.0,176.0,249.0,177.0,223.0,139.0,334.0,145.0,327.0,145.0,370.0,143.0,392.0,110.0,343.0,115.0,338.0,121.0,377.0,123.0,394.0,82.0,356.0,88.0,350.0,98.0,379.0,101.0,392.0
L,day1,1787865220.372757,42,119.0,436.0,154.0,422.0,190.0,393.0,222.0,382.0,251.0,381.0,165.0,334.0,169.0,284.0,171.0,254.0,171.0,229.0,137.0,335.0,143.0,328.0,144.0,368.0,143.0,389.0,109.0,343.0,116.0,341.0,121.0,377.0,122.0,392.0,83.0,355.0,90.0,352.0,98.0,378.0,100.0,390.0
L,day1,1787865220.481088,43,118.0,432.0,151.0,419.0,186.0,391.0,217.0,380.0,245.0,380.0,162.0,334.0,167.0,286.0,169.0,257.0,169.0,233.0,135.0,336.0,141.0,327.0,142.0,366.0,142.0,388.0,109.0,345.0,114.0,338.0,120.0,374.0,122.0,391.0,83.0,356.0,89.0,349.0,97.0,375.0,100.0,388.0
L,day1,1787865220.5875,44,117.0,427.0,149.0,414.0,183.0,387.0,214.0,377.0,242.0,378.0,161.0,332.0,166.0,285.0,168.0,257.0,169.0,234.0,135.0,333.0,141.0,327.0,141.0,364.0,140.0,385.0,110.0,341.0,115.0,339.0,119.0,373.0,122.0,389.0,84.0,352.0,90.0,348.0,97.0,373.0,100.0,386.0
L,day1,1787865220.69131,45,117.0,419.0,148.0,408.0,182.0,383.0,213.0,373.0,240.0,372.0,161.0,329.0,166.0,283.0,169.0,255.0,169.0,233.0,136.0,330.0,141.0,320.0,142.0,358.0,141.0,380.0,111.0,338.0,116.0,331.0,121.0,366.0,122.0,383.0,86.0,348.0,92.0,339.0,99.0,365.0,101.0,379.0
L,day1,1787865220.7875257,46,119.0,406.0,150.0,395.0,183.0,372.0,211.0,362.0,237.0,362.0,162.0,321.0,167.0,278.0,169.0,252.0,170.0,230.0,137.0,321.0,143.0,315.0,144.0,350.0,143.0,369.0,113.0,328.0,120.0,328.0,125.0,358.0,125.0,372.0,90.0,339.0,97.0,336.0,105.0,357.0,106.0,368.0
L,day1,1787865220.9070213,47,122.0,400.0,152.0,390.0,184.0,367.0,213.0,357.0,239.0,357.0,164.0,319.0,171.0,276.0,174.0,251.0,175.0,229.0,141.0,318.0,147.0,311.0,148.0,344.0,145.0,364.0,118.0,324.0,125.0,321.0,129.0,351.0,129.0,366.0,95.0,333.0,104.0,328.0,111.0,349.0,112.0,361.0
L,day1,1787865221.005454,48,125.0,397.0,155.0,388.0,186.0,366.0,214.0,356.0,240.0,355.0,168.0,318.0,174.0,277.0,177.0,251.0,179.0,230.0,144.0,317.0,153.0,310.0,153.0,344.0,150.0,363.0,122.0,323.0,130.0,320.0,134.0,350.0,133.0,364.0,99.0,331.0,109.0,328.0,116.0,348.0,116.0,358.0
L,day1,1787865221.1000183,49,130.0,394.0,158.0,385.0,188.0,362.0,216.0,351.0,242.0,349.0,170.0,314.0,175.0,274.0,179.0,249.0,180.0,228.0,147.0,314.0,157.0,306.0,158.0,339.0,155.0,359.0,125.0,319.0,135.0,318.0,139.0,347.0,138.0,361.0,103.0,328.0,114.0,325.0,120.0,345.0,120.0,355.0
L,day1,1787865221.196677,50,132.0,391.0,160.0,380.0,189.0,357.0,215.0,344.0,240.0,340.0,168.0,309.0,170.0,271.0,170.0,246.0,170.0,226.0,144.0,308.0,156.0,307.0,158.0,339.0,155.0,356.0,122.0,314.0,134.0,322.0,139.0,348.0,137.0,357.0,101.0,325.0,114.0,331.0,121.0,348.0,120.0,355.0
L,day1,1787865221.2874777,51,129.0,394.0,158.0,382.0,187.0,356.0,213.0,340.0,238.0,336.0,162.0,309.0,163.0,270.0,162.0,246.0,161.0,226.0,137.0,309.0,150.0,308.0,154.0,339.0,153.0,356.0,116.0,318.0,131.0,325.0,137.0,349.0,136.0,360.0,97.0,330.0,112.0,336.0,120.0,353.0,120.0,359.0
L,day1,1787865221.3894727,52,128.0,401.0,156.0,385.0,183.0,355.0,208.0,337.0,233.0,332.0,153.0,312.0,149.0,274.0,145.0,249.0,141.0,228.0,129.0,314.0,140.0,311.0,148.0,342.0,148.0,358.0,107.0,324.0,123.0,331.0,130.0,355.0,130.0,364.0,89.0,337.0,104.0,343.0,112.0,360.0,112.0,365.0
L,day1,1787865221.5011399,53,130.0,404.0,157.0,387.0,181.0,355.0,204.0,335.0,226.0,325.0,148.0,314.0,140.0,275.0,134.0,251.0,128.0,231.0,123.0,318.0,137.0,314.0,147.0,345.0,146.0,362.0,103.0,330.0,121.0,334.0,130.0,359.0,129.0,369.0,85.0,345.0,102.0,347.0,112.0,364.0,110.0,370.0
L,day1,1787865221.60414,54,131.0,407.0,157.0,390.0,182.0,358.0,206.0,338.0,230.0,329.0,151.0,316.0,144.0,276.0,139.0,251.0,135.0,230.0,126.0,319.0,138.0,314.0,147.0,347.0,147.0,365.0,105.0,330.0,121.0,336.0,130.0,362.0,130.0,371.0,86.0,344.0,102.0,348.0,112.0,366.0,111.0,372.0
L,day1,1787865221.7001088,55,129.0,405.0,157.0,388.0,183.0,358.0,209.0,339.0,234.0,333.0,155.0,313.0,151.0,274.0,147.0,248.0,144.0,227.0,130.0,314.0,142.0,312.0,149.0,345.0,149.0,365.0,108.0,323.0,122.0,333.0,130.0,359.0,132.0,371.0,88.0,336.0,102.0,346.0,112.0,364.0,114.0,370.0
L,day1,1787865221.8041463,56,125.0,398.0,153.0,385.0,183.0,358.0,212.0,343.0,238.0,339.0,161.0,312.0,165.0,270.0,166.0,244.0,167.0,223.0,138.0,315.0,144.0,303.0,148.0,337.0,148.0,359.0,115.0,323.0,122.0,316.0,129.0,346.0,131.0,364.0,93.0,333.0,100.0,325.0,109.0,346.0,111.0,359.0
L,day1,1787865221.918611,57,120.0,393.0,149.0,383.0,179.0,361.0,208.0,351.0,234.0,350.0,167.0,311.0,179.0,271.0,186.0,246.0,191.0,225.0,143.0,310.0,150.0,298.0,148.0,332.0,146.0,354.0,119.0,314.0,126.0,310.0,128.0,341.0,128.0,357.0,96.0,322.0,104.0,316.0,108.0,339.0,108.0,350.0
L,day1,1787865222.0399232,58,116.0,382.0,143.0,377.0,176.0,362.0,205.0,357.0,233.0,360.0,174.0,305.0,194.0,268.0,206.0,244.0,215.0,224.0,152.0,299.0,156.0,294.0,149.0,327.0,145.0,347.0,128.0,299.0,132.0,301.0,128.0,332.0,127.0,348.0,104.0,303.0,109.0,300.0,110.0,324.0,111.0,336.0
M,day1,1787865357.254271,0,156.0,292.0,182.0,295.0,203.0,302.0,217.0,305.0,233.0,310.0,203.0,268.0,200.0,318.0,196.0,317.0,195.0,303.0,175.0,267.0,175.0,327.0,174.0,320.0,174.0,304.0,150.0,274.0,151.0,329.0,153.0,322.0,154.0,307.0,128.0,283.0,131.0,325.0,136.0,320.0,138.0,306.0
M,day1,1787865357.3709157,1,157.0,293.0,183.0,296.0,203.0,303.0,216.0,307.0,230.0,314.0,204.0,270.0,197.0,321.0,193.0,321.0,193.0,308.0,175.0,269.0,173.0,331.0,173.0,324.0,173.0,307.0,149.0,276.0,150.0,331.0,153.0,324.0,154.0,309.0,126.0,285.0,130.0,326.0,135.0,321.0,137.0,307.0
M,day1,1787865357.4774282,2,157.0,291.0,182.0,294.0,202.0,303.0,215.0,308.0,230.0,314.0,201.0,270.0,197.0,322.0,193.0,320.0,193.0,306.0,172.0,269.0,173.0,331.0,173.0,323.0,173.0,306.0,147.0,277.0,149.0,333.0,152.0,324.0,153.0,309.0,125.0,286.0,129.0,328.0,135.0,321.0,136.0,306.0
M,day1,1787865357.5734258,3,157.0,292.0,183.0,294.0,203.0,301.0,216.0,303.0,232.0,307.0,203.0,265.0,199.0,316.0,196.0,315.0,195.0,303.0,173.0,265.0,175.0,326.0,175.0,318.0,175.0,301.0,147.0,273.0,151.0,329.0,153.0,320.0,154.0,306.0,124.0,284.0,129.0,325.0,134.0,317.0,136.0,303.0
M,day1,1787865357.6834128,4,153.0,303.0,182.0,306.0,207.0,306.0,223.0,302.0,242.0,300.0,209.0,263.0,210.0,313.0,204.0,312.0,200.0,300.0,181.0,262.0,185.0,322.0,183.0,314.0,182.0,298.0,156.0,270.0,160.0,325.0,160.0,317.0,160.0,303.0,134.0,283.0,139.0,322.0,141.0,316.0,141.0,301.0
M,day1,1787865357.7834094,5,161.0,295.0,193.0,298.0,218.0,301.0,236.0,301.0,254.0,305.0,216.0,263.0,221.0,316.0,213.0,317.0,208.0,303.0,189.0,263.0,196.0,326.0,193.0,320.0,191.0,304.0,163.0,273.0,171.0,330.0,170.0,323.0,169.0,309.0,141.0,285.0,149.0,327.0,152.0,322.0,152.0,308.0
M,day1,1787865357.8996441,6,164.0,298.0,198.0,301.0,226.0,302.0,245.0,303.0,266.0,307.0,229.0,263.0,233.0,316.0,224.0,317.0,219.0,302.0,201.0,265.0,208.0,327.0,203.0,319.0,201.0,302.0,175.0,275.0,183.0,332.0,180.0,323.0,179.0,309.0,152.0,288.0,161.0,330.0,162.0,321.0,160.0,306.0
M,day1,1787865358.0107172,7,176.0,296.0,209.0,301.0,238.0,304.0,260.0,305.0,281.0,306.0,243.0,267.0,247.0,315.0,238.0,316.0,233.0,303.0,216.0,266.0,222.0,328.0,215.0,320.0,213.0,305.0,190.0,275.0,196.0,334.0,192.0,324.0,191.0,309.0,167.0,286.0,175.0,330.0,175.0,322.0,173.0,307.0
M,day1,1787865358.1192913,8,185.0,294.0,219.0,301.0,250.0,304.0,272.0,306.0,295.0,306.0,253.0,265.0,259.0,318.0,248.0,321.0,242.0,308.0,227.0,265.0,234.0,329.0,226.0,323.0,224.0,309.0,202.0,274.0,208.0,334.0,202.0,324.0,201.0,310.0,180.0,284.0,186.0,330.0,185.0,322.0,184.0,307.0
M,day1,1787865358.2130532,9,190.0,292.0,224.0,300.0,255.0,303.0,278.0,306.0,299.0,307.0,260.0,263.0,266.0,315.0,254.0,322.0,247.0,311.0,234.0,262.0,240.0,327.0,231.0,323.0,228.0,310.0,208.0,272.0,214.0,332.0,208.0,324.0,207.0,310.0,185.0,283.0,192.0,329.0,192.0,323.0,190.0,309.0
M,day1,1787865358.2940845,10,186.0,289.0,221.0,295.0,253.0,299.0,276.0,301.0,299.0,302.0,256.0,260.0,264.0,314.0,251.0,317.0,246.0,304.0,231.0,260.0,238.0,324.0,229.0,318.0,226.0,304.0,205.0,268.0,211.0,329.0,204.0,319.0,203.0,304.0,182.0,279.0,190.0,325.0,187.0,318.0,186.0,303.0
M,day1,1787865358.3984675,11,181.0,284.0,215.0,289.0,247.0,291.0,269.0,290.0,290.0,289.0,249.0,252.0,254.0,305.0,242.0,307.0,238.0,294.0,223.0,253.0,230.0,315.0,221.0,309.0,219.0,295.0,198.0,262.0,204.0,319.0,198.0,311.0,197.0,297.0,176.0,272.0,184.0,316.0,182.0,310.0,180.0,296.0
M,day1,1787865358.4957294,12,182.0,273.0,214.0,274.0,242.0,273.0,264.0,269.0,284.0,264.0,242.0,233.0,247.0,281.0,237.0,284.0,233.0,272.0,217.0,233.0,224.0,291.0,216.0,286.0,214.0,273.0,193.0,243.0,200.0,297.0,194.0,290.0,192.0,277.0,171.0,255.0,180.0,297.0,179.0,292.0,176.0,280.0
M,day1,1787865358.6177397,13,187.0,270.0,218.0,269.0,242.0,260.0,259.0,249.0,277.0,239.0,239.0,218.0,241.0,261.0,237.0,271.0,235.0,269.0,214.0,217.0,220.0,274.0,217.0,276.0,213.0,267.0,189.0,225.0,198.0,278.0,198.0,277.0,197.0,266.0,167.0,237.0,178.0,277.0,180.0,276.0,179.0,265.0
M,day1,1787865358.7532191,14,184.0,278.0,217.0,274.0,243.0,257.0,260.0,241.0,276.0,229.0,236.0,211.0,244.0,249.0,238.0,269.0,233.0,272.0,211.0,211.0,223.0,263.0,216.0,277.0,210.0,274.0,189.0,220.0,202.0,270.0,198.0,278.0,194.0,271.0,167.0,233.0,179.0,269.0,180.0,276.0,177.0,270.0
M,day1,1787865358.86447,15,185.0,276.0,218.0,273.0,242.0,259.0,259.0,245.0,275.0,233.0,235.0,214.0,241.0,254.0,235.0,274.0,230.0,279.0,210.0,215.0,219.0,267.0,215.0,281.0,210.0,279.0,186.0,224.0,197.0,273.0,197.0,282.0,194.0,275.0,165.0,237.0,176.0,273.0,178.0,280.0,177.0,274.0
M,day1,1787865358.9621766,16,183.0,280.0,214.0,279.0,239.0,268.0,255.0,257.0,272.0,247.0,235.0,221.0,240.0,267.0,234.0,277.0,231.0,269.0,210.0,222.0,218.0,282.0,214.0,283.0,212.0,268.0,186.0,233.0,196.0,287.0,195.0,285.0,193.0,270.0,165.0,247.0,174.0,286.0,176.0,285.0,176.0,273.0
M,day1,1787865359.0705113,17,186.0,278.0,213.0,279.0,236.0,281.0,254.0,281.0,272.0,281.0,234.0,248.0,236.0,299.0,230.0,299.0,226.0,286.0,207.0,249.0,213.0,311.0,210.0,303.0,209.0,288.0,183.0,259.0,190.0,315.0,190.0,307.0,189.0,292.0,162.0,271.0,171.0,314.0,174.0,306.0,173.0,292.0
M,day1,1787865359.1941092,18,156.0,269.0,190.0,276.0,224.0,291.0,248.0,307.0,269.0,318.0,231.0,269.0,239.0,327.0,226.0,327.0,221.0,310.0,206.0,272.0,214.0,336.0,205.0,328.0,203.0,312.0,180.0,281.0,189.0,338.0,182.0,327.0,182.0,312.0,158.0,289.0,166.0,333.0,163.0,323.0,160.0,307.0
M,day1,1787865359.2956283,19,160.0,263.0,194.0,268.0,225.0,297.0,243.0,324.0,262.0,340.0,228.0,288.0,229.0,345.0,221.0,339.0,218.0,322.0,200.0,293.0,207.0,354.0,201.0,341.0,198.0,322.0,174.0,300.0,184.0,354.0,181.0,339.0,177.0,321.0,150.0,307.0,163.0,348.0,161.0,335.0,158.0,318.0
M,day1,1787865359.420358,20,158.0,261.0,194.0,267.0,224.0,298.0,240.0,331.0,257.0,351.0,223.0,298.0,225.0,355.0,218.0,346.0,214.0,329.0,196.0,305.0,201.0,361.0,198.0,350.0,195.0,332.0,169.0,311.0,178.0,359.0,176.0,346.0,173.0,330.0,147.0,317.0,157.0,353.0,156.0,341.0,152.0,328.0
M,day1,1787865359.5416472,21,165.0,254.0,203.0,262.0,231.0,296.0,247.0,331.0,265.0,351.0,228.0,301.0,231.0,355.0,225.0,343.0,221.0,326.0,201.0,308.0,206.0,360.0,204.0,347.0,201.0,332.0,175.0,313.0,182.0,356.0,181.0,343.0,178.0,328.0,154.0,317.0,162.0,348.0,159.0,336.0,156.0,324.0
M,day1,1787865359.6653914,22,172.0,255.0,212.0,264.0,239.0,299.0,255.0,336.0,272.0,358.0,234.0,307.0,241.0,361.0,236.0,348.0,232.0,332.0,207.0,314.0,214.0,363.0,213.0,351.0,209.0,336.0,182.0,318.0,188.0,358.0,189.0,346.0,186.0,332.0,161.0,321.0,168.0,351.0,168.0,340.0,164.0,329.0
M,day1,1787865359.7826247,23,184.0,259.0,225.0,270.0,251.0,306.0,265.0,344.0,281.0,367.0,248.0,316.0,249.0,370.0,245.0,357.0,243.0,340.0,220.0,322.0,223.0,370.0,223.0,359.0,220.0,344.0,194.0,326.0,199.0,363.0,199.0,351.0,196.0,339.0,172.0,328.0,180.0,354.0,178.0,343.0,174.0,333.0
M,day1,1787865359.890251,24,192.0,263.0,232.0,276.0,256.0,314.0,270.0,351.0,287.0,372.0,260.0,323.0,256.0,376.0,249.0,365.0,247.0,349.0,231.0,329.0,229.0,376.0,227.0,366.0,226.0,351.0,203.0,332.0,205.0,368.0,203.0,357.0,202.0,343.0,179.0,334.0,185.0,359.0,183.0,347.0,180.0,337.0
M,day1,1787865360.0001652,25,192.0,263.0,233.0,276.0,257.0,313.0,270.0,351.0,286.0,373.0,260.0,325.0,255.0,376.0,249.0,365.0,248.0,349.0,230.0,331.0,229.0,377.0,228.0,366.0,228.0,351.0,202.0,334.0,205.0,370.0,204.0,358.0,203.0,345.0,178.0,335.0,185.0,359.0,183.0,347.0,180.0,337.0
M,day1,1787865360.1058571,26,183.0,257.0,224.0,270.0,248.0,306.0,263.0,342.0,277.0,365.0,248.0,318.0,246.0,368.0,241.0,358.0,240.0,342.0,219.0,324.0,221.0,370.0,220.0,359.0,218.0,344.0,191.0,328.0,196.0,363.0,195.0,352.0,193.0,339.0,167.0,329.0,175.0,355.0,173.0,344.0,169.0,335.0
M,day1,1787865360.2186303,27,167.0,253.0,207.0,264.0,234.0,299.0,249.0,335.0,265.0,358.0,233.0,307.0,233.0,361.0,228.0,349.0,225.0,333.0,204.0,315.0,209.0,363.0,207.0,352.0,204.0,337.0,178.0,320.0,185.0,358.0,184.0,347.0,180.0,334.0,155.0,324.0,165.0,352.0,162.0,342.0,157.0,331.0
M,day1,1787865360.3280342,28,155.0,253.0,195.0,264.0,219.0,298.0,232.0,332.0,247.0,352.0,212.0,305.0,216.0,357.0,214.0,345.0,211.0,329.0,185.0,312.0,193.0,358.0,194.0,347.0,190.0,332.0,159.0,317.0,169.0,354.0,171.0,343.0,167.0,330.0,138.0,321.0,149.0,349.0,149.0,338.0,144.0,328.0
M,day1,1787865360.452349,29,131.0,248.0,169.0,258.0,196.0,288.0,211.0,319.0,221.0,339.0,187.0,291.0,191.0,347.0,192.0,335.0,189.0,317.0,158.0,298.0,170.0,352.0,172.0,341.0,168.0,324.0,132.0,305.0,147.0,350.0,149.0,339.0,144.0,324.0,112.0,312.0,127.0,344.0,128.0,334.0,122.0,322.0
M,day1,1787865360.5441773,30,136.0,256.0,165.0,261.0,190.0,283.0,204.0,303.0,219.0,318.0,184.0,266.0,184.0,328.0,180.0,322.0,178.0,306.0,154.0,267.0,162.0,335.0,160.0,325.0,158.0,305.0,128.0,274.0,138.0,336.0,138.0,324.0,135.0,305.0,107.0,283.0,118.0,331.0,120.0,323.0,116.0,306.0
M,day1,1787865360.6409054,31,146.0,272.0,172.0,276.0,189.0,286.0,204.0,296.0,222.0,297.0,184.0,255.0,191.0,310.0,193.0,311.0,192.0,298.0,158.0,258.0,167.0,321.0,167.0,315.0,168.0,301.0,135.0,267.0,143.0,324.0,146.0,315.0,148.0,302.0,115.0,278.0,117.0,320.0,122.0,312.0,124.0,298.0
M,day1,1787865360.7498822,32,147.0,282.0,174.0,281.0,196.0,287.0,210.0,290.0,226.0,296.0,189.0,253.0,196.0,305.0,193.0,305.0,190.0,291.0,161.0,257.0,172.0,319.0,171.0,310.0,170.0,293.0,136.0,269.0,148.0,325.0,149.0,315.0,148.0,300.0,116.0,282.0,127.0,324.0,130.0,314.0,129.0,298.0
M,day1,1787865360.8705795,33,151.0,289.0,180.0,291.0,202.0,295.0,216.0,294.0,234.0,295.0,196.0,252.0,203.0,304.0,199.0,307.0,195.0,296.0,167.0,256.0,181.0,319.0,178.0,312.0,173.0,295.0,143.0,267.0,156.0,325.0,155.0,316.0,153.0,301.0,121.0,281.0,132.0,322.0,134.0,315.0,133.0,301.0
M,day1,1787865360.9758835,34,160.0,290.0,192.0,294.0,216.0,294.0,230.0,292.0,247.0,293.0,213.0,253.0,212.0,306.0,207.0,309.0,204.0,297.0,183.0,252.0,187.0,316.0,188.0,311.0,187.0,294.0,157.0,261.0,162.0,320.0,165.0,314.0,166.0,299.0,133.0,273.0,140.0,317.0,145.0,311.0,146.0,297.0
M,day1,1787865361.0905461,35,168.0,294.0,197.0,296.0,221.0,297.0,238.0,294.0,256.0,295.0,223.0,255.0,222.0,307.0,217.0,311.0,215.0,301.0,195.0,254.0,197.0,318.0,196.0,312.0,195.0,296.0,169.0,262.0,172.0,320.0,174.0,313.0,174.0,299.0,145.0,275.0,151.0,317.0,154.0,311.0,154.0,297.0
M,day1,1787865361.2108436,36,170.0,295.0,204.0,298.0,231.0,297.0,251.0,295.0,269.0,297.0,233.0,255.0,234.0,307.0,226.0,310.0,222.0,297.0,205.0,255.0,207.0,318.0,204.0,312.0,203.0,295.0,178.0,264.0,182.0,321.0,182.0,315.0,184.0,300.0,154.0,276.0,160.0,319.0,163.0,313.0,164.0,300.0
M,day1,1787865361.3439105,37,170.0,289.0,201.0,293.0,226.0,293.0,243.0,292.0,262.0,291.0,227.0,254.0,224.0,302.0,219.0,307.0,218.0,297.0,199.0,252.0,200.0,315.0,198.0,309.0,197.0,293.0,173.0,260.0,175.0,317.0,175.0,311.0,177.0,296.0,149.0,270.0,154.0,314.0,157.0,309.0,157.0,295.0
M,day1,1787865361.4353297,38,157.0,291.0,187.0,297.0,211.0,296.0,226.0,292.0,245.0,290.0,212.0,252.0,211.0,304.0,205.0,306.0,203.0,295.0,183.0,251.0,187.0,313.0,186.0,308.0,185.0,292.0,156.0,260.0,162.0,314.0,163.0,309.0,163.0,296.0,132.0,271.0,138.0,311.0,141.0,307.0,142.0,294.0
M,day1,1787865361.5542643,39,140.0,292.0,169.0,297.0,191.0,299.0,206.0,296.0,220.0,291.0,188.0,248.0,196.0,304.0,189.0,304.0,181.0,291.0,161.0,251.0,174.0,314.0,169.0,307.0,164.0,287.0,136.0,262.0,150.0,316.0,146.0,308.0,141.0,291.0,114.0,273.0,120.0,307.0,119.0,298.0,115.0,284.0
M,day1,1787865361.66166,40,123.0,295.0,151.0,296.0,174.0,297.0,187.0,293.0,198.0,290.0,166.0,249.0,170.0,301.0,166.0,306.0,162.0,293.0,137.0,251.0,146.0,313.0,146.0,310.0,143.0,293.0,113.0,262.0,123.0,315.0,125.0,310.0,123.0,294.0,92.0,273.0,98.0,310.0,103.0,305.0,104.0,291.0
M,day1,1787865361.781354,41,115.0,304.0,142.0,302.0,168.0,297.0,179.0,290.0,175.0,294.0,153.0,247.0,150.0,295.0,153.0,304.0,155.0,297.0,124.0,249.0,124.0,310.0,129.0,311.0,130.0,297.0,98.0,259.0,102.0,316.0,108.0,313.0,110.0,297.0,77.0,271.0,83.0,311.0,90.0,310.0,92.0,297.0
M,day1,1787865361.9162824,42,111.0,299.0,137.0,299.0,164.0,295.0,174.0,290.0,168.0,294.0,149.0,248.0,141.0,302.0,145.0,308.0,152.0,298.0,118.0,249.0,118.0,313.0,124.0,312.0,127.0,295.0,92.0,258.0,96.0,316.0,103.0,312.0,106.0,295.0,71.0,269.0,77.0,309.0,83.0,308.0,85.0,296.0
M,day1,1787865362.039578,43,122.0,307.0,150.0,308.0,176.0,303.0,187.0,297.0,200.0,295.0,169.0,252.0,167.0,304.0,165.0,311.0,163.0,301.0,139.0,252.0,141.0,317.0,144.0,313.0,143.0,296.0,113.0,261.0,117.0,323.0,122.0,317.0,122.0,299.0,91.0,274.0,96.0,318.0,102.0,316.0,103.0,301.0
M,day1,1787865362.1513,44,134.0,309.0,164.0,308.0,187.0,304.0,201.0,298.0,218.0,295.0,183.0,253.0,188.0,301.0,185.0,309.0,182.0,301.0,154.0,255.0,164.0,317.0,164.0,315.0,161.0,299.0,129.0,266.0,140.0,321.0,143.0,316.0,142.0,300.0,106.0,279.0,117.0,318.0,122.0,315.0,121.0,302.0
M,day1,1787865362.2687922,45,148.0,307.0,179.0,309.0,203.0,305.0,219.0,299.0,237.0,297.0,202.0,257.0,206.0,306.0,199.0,311.0,195.0,300.0,173.0,257.0,183.0,318.0,180.0,314.0,178.0,297.0,147.0,267.0,158.0,322.0,158.0,318.0,156.0,305.0,124.0,280.0,134.0,319.0,135.0,317.0,133.0,306.0
M,day1,1787865362.356099,46,167.0,300.0,197.0,303.0,223.0,301.0,241.0,297.0,261.0,299.0,221.0,258.0,228.0,312.0,222.0,314.0,216.0,302.0,192.0,259.0,204.0,322.0,201.0,314.0,198.0,297.0,167.0,270.0,179.0,326.0,179.0,319.0,177.0,304.0,144.0,283.0,155.0,324.0,156.0,318.0,153.0,304.0
M,day1,1787865362.4541974,47,184.0,303.0,215.0,307.0,243.0,306.0,263.0,305.0,283.0,306.0,244.0,264.0,249.0,319.0,241.0,319.0,237.0,304.0,215.0,264.0,224.0,329.0,219.0,320.0,217.0,302.0,188.0,274.0,197.0,332.0,195.0,324.0,193.0,310.0,164.0,287.0,172.0,330.0,174.0,323.0,173.0,308.0
M,day1,1787865362.5632915,48,186.0,309.0,220.0,312.0,250.0,312.0,273.0,311.0,295.0,310.0,253.0,270.0,258.0,327.0,247.0,327.0,242.0,311.0,224.0,270.0,231.0,335.0,225.0,327.0,224.0,311.0,198.0,280.0,204.0,340.0,200.0,331.0,198.0,315.0,174.0,293.0,183.0,337.0,183.0,330.0,182.0,314.0
M,day1,1787865362.670151,49,190.0,301.0,225.0,312.0,256.0,324.0,281.0,335.0,303.0,343.0,265.0,292.0,266.0,353.0,254.0,348.0,250.0,330.0,238.0,289.0,239.0,358.0,231.0,346.0,231.0,327.0,211.0,294.0,211.0,357.0,205.0,344.0,205.0,325.0,186.0,301.0,189.0,351.0,187.0,341.0,186.0,322.0
M,day1,1787865362.7649336,50,190.0,274.0,225.0,283.0,259.0,315.0,280.0,343.0,303.0,358.0,267.0,301.0,266.0,361.0,254.0,353.0,252.0,336.0,238.0,303.0,238.0,369.0,231.0,355.0,229.0,335.0,210.0,307.0,214.0,367.0,209.0,351.0,208.0,332.0,184.0,312.0,192.0,360.0,191.0,347.0,189.0,328.0
M,day1,1787865362.8519387,51,192.0,265.0,228.0,273.0,260.0,307.0,279.0,339.0,300.0,358.0,263.0,302.0,263.0,364.0,254.0,354.0,251.0,334.0,234.0,307.0,237.0,369.0,231.0,354.0,230.0,335.0,206.0,312.0,212.0,367.0,208.0,350.0,207.0,331.0,181.0,317.0,188.0,358.0,186.0,343.0,185.0,326.0
M,day1,1787865362.9673095,52,191.0,261.0,228.0,270.0,259.0,305.0,278.0,339.0,299.0,359.0,263.0,305.0,262.0,366.0,254.0,356.0,251.0,337.0,232.0,311.0,235.0,370.0,231.0,356.0,230.0,338.0,203.0,316.0,209.0,368.0,207.0,351.0,206.0,334.0,178.0,321.0,187.0,361.0,184.0,347.0,182.0,332.0
M,day1,1787865363.0829494,53,184.0,257.0,223.0,264.0,255.0,298.0,274.0,334.0,294.0,355.0,258.0,300.0,258.0,362.0,250.0,351.0,246.0,332.0,227.0,308.0,232.0,367.0,227.0,353.0,225.0,334.0,198.0,314.0,207.0,366.0,203.0,350.0,201.0,331.0,173.0,320.0,184.0,357.0,180.0,342.0,176.0,327.0
M,day1,1787865363.1941428,54,181.0,255.0,221.0,262.0,253.0,295.0,271.0,330.0,292.0,349.0,255.0,297.0,256.0,357.0,247.0,347.0,242.0,329.0,224.0,304.0,229.0,363.0,225.0,350.0,222.0,330.0,194.0,311.0,203.0,361.0,200.0,346.0,197.0,328.0,169.0,316.0,180.0,353.0,176.0,340.0,172.0,325.0
M,day1,1787865363.3212788,55,171.0,263.0,206.0,272.0,239.0,291.0,259.0,307.0,279.0,317.0,240.0,265.0,244.0,330.0,235.0,326.0,231.0,308.0,210.0,268.0,218.0,341.0,210.0,331.0,207.0,309.0,182.0,276.0,194.0,343.0,187.0,330.0,184.0,309.0,159.0,287.0,170.0,336.0,167.0,325.0,165.0,305.0
N,day1,1787865417.6201982,0,195.0,295.0,227.0,307.0,245.0,310.0,248.0,306.0,245.0,298.0,276.0,262.0,288.0,303.0,272.0,322.0,258.0,326.0,256.0,257.0,271.0,304.0,256.0,320.0,246.0,322.0,233.0,260.0,235.0,313.0,226.0,322.0,223.0,315.0,210.0,270.0,212.0,312.0,210.0,316.0,210.0,308.0
N,day1,1787865417.7302518,1,194.0,293.0,227.0,304.0,245.0,309.0,249.0,305.0,246.0,299.0,276.0,262.0,288.0,303.0,272.0,322.0,258.0,324.0,257.0,257.0,271.0,305.0,257.0,320.0,247.0,320.0,233.0,262.0,236.0,314.0,227.0,321.0,224.0,313.0,210.0,271.0,213.0,312.0,210.0,316.0,211.0,306.0
N,day1,1787865417.8545628,2,198.0,295.0,230.0,305.0,249.0,309.0,251.0,306.0,247.0,299.0,278.0,262.0,290.0,302.0,274.0,321.0,260.0,324.0,258.0,257.0,271.0,303.0,258.0,320.0,248.0,321.0,234.0,261.0,237.0,313.0,229.0,322.0,225.0,316.0,212.0,270.0,215.0,312.0,212.0,317.0,213.0,308.0
N,day1,1787865417.9693854,3,197.0,296.0,230.0,307.0,249.0,310.0,251.0,305.0,247.0,298.0,279.0,260.0,290.0,301.0,274.0,320.0,259.0,323.0,259.0,255.0,271.0,303.0,257.0,318.0,248.0,319.0,236.0,259.0,236.0,312.0,227.0,320.0,225.0,313.0,213.0,268.0,214.0,310.0,211.0,315.0,212.0,306.0
N,day1,1787865418.0802252,4,197.0,295.0,232.0,304.0,252.0,306.0,253.0,303.0,246.0,297.0,280.0,258.0,289.0,302.0,272.0,319.0,258.0,320.0,259.0,253.0,270.0,304.0,257.0,317.0,247.0,316.0,236.0,258.0,237.0,312.0,228.0,318.0,225.0,309.0,213.0,267.0,215.0,310.0,212.0,313.0,213.0,303.0
N,day1,1787865418.1781566,5,203.0,276.0,239.0,287.0,264.0,295.0,270.0,303.0,262.0,309.0,279.0,256.0,285.0,303.0,269.0,316.0,257.0,313.0,257.0,255.0,261.0,312.0,247.0,315.0,242.0,304.0,233.0,261.0,235.0,316.0,227.0,313.0,226.0,299.0,211.0,270.0,215.0,313.0,211.0,310.0,210.0,297.0
N,day1,1787865418.2803113,6,191.0,249.0,226.0,251.0,251.0,277.0,252.0,311.0,239.0,330.0,274.0,260.0,280.0,316.0,264.0,315.0,257.0,301.0,250.0,263.0,262.0,324.0,250.0,321.0,245.0,308.0,226.0,271.0,231.0,325.0,223.0,315.0,221.0,298.0,203.0,280.0,212.0,321.0,208.0,314.0,206.0,300.0
N,day1,1787865418.3910027,7,186.0,247.0,221.0,247.0,248.0,272.0,250.0,308.0,238.0,328.0,272.0,255.0,280.0,312.0,264.0,313.0,256.0,300.0,248.0,260.0,263.0,321.0,251.0,321.0,245.0,311.0,224.0,269.0,230.0,323.0,221.0,313.0,218.0,295.0,201.0,279.0,212.0,320.0,208.0,313.0,206.0,299.0
N,day1,1787865418.5116913,8,182.0,248.0,218.0,247.0,246.0,271.0,250.0,305.0,240.0,325.0,269.0,253.0,280.0,308.0,263.0,310.0,255.0,298.0,245.0,258.0,263.0,318.0,250.0,317.0,243.0,305.0,222.0,268.0,231.0,321.0,221.0,312.0,217.0,294.0,200.0,278.0,212.0,318.0,207.0,311.0,204.0,298.0
N,day1,1787865418.6252868,9,181.0,251.0,215.0,249.0,244.0,270.0,250.0,302.0,241.0,322.0,268.0,251.0,281.0,307.0,263.0,309.0,254.0,296.0,246.0,257.0,263.0,316.0,249.0,314.0,243.0,301.0,223.0,266.0,231.0,320.0,221.0,310.0,218.0,293.0,201.0,278.0,212.0,318.0,206.0,310.0,204.0,297.0
N,day1,1787865418.743362,10,182.0,255.0,217.0,252.0,248.0,271.0,255.0,302.0,243.0,320.0,268.0,249.0,283.0,304.0,266.0,307.0,257.0,296.0,246.0,255.0,265.0,311.0,252.0,310.0,247.0,300.0,223.0,265.0,233.0,318.0,223.0,309.0,219.0,293.0,202.0,277.0,214.0,318.0,209.0,311.0,206.0,297.0
N,day1,1787865418.8565967,11,196.0,279.0,236.0,290.0,261.0,301.0,260.0,312.0,240.0,314.0,273.0,257.0,279.0,310.0,261.0,318.0,250.0,309.0,247.0,255.0,252.0,316.0,241.0,315.0,237.0,303.0,222.0,262.0,224.0,319.0,219.0,312.0,220.0,298.0,201.0,272.0,205.0,317.0,206.0,313.0,208.0,299.0
N,day1,1787865418.9714046,12,205.0,295.0,234.0,305.0,248.0,312.0,249.0,314.0,247.0,314.0,274.0,267.0,271.0,316.0,256.0,330.0,246.0,328.0,251.0,262.0,249.0,318.0,238.0,326.0,233.0,322.0,225.0,265.0,220.0,318.0,215.0,318.0,216.0,306.0,201.0,271.0,200.0,310.0,201.0,311.0,204.0,301.0
N,day1,1787865419.1030807,13,199.0,303.0,230.0,313.0,246.0,318.0,247.0,314.0,242.0,308.0,277.0,267.0,276.0,315.0,260.0,330.0,248.0,328.0,253.0,262.0,257.0,316.0,243.0,326.0,235.0,323.0,226.0,266.0,226.0,317.0,220.0,322.0,217.0,313.0,200.0,274.0,202.0,312.0,203.0,315.0,205.0,307.0
N,day1,1787865419.2092204,14,197.0,297.0,229.0,307.0,247.0,312.0,248.0,310.0,242.0,304.0,279.0,266.0,285.0,313.0,268.0,327.0,257.0,324.0,257.0,262.0,266.0,313.0,253.0,325.0,245.0,322.0,231.0,266.0,236.0,316.0,228.0,322.0,224.0,314.0,206.0,275.0,211.0,313.0,210.0,317.0,210.0,308.0
N,day1,1787865419.313405,15,200.0,291.0,235.0,302.0,258.0,308.0,264.0,309.0,259.0,307.0,282.0,261.0,294.0,304.0,279.0,323.0,265.0,325.0,262.0,259.0,278.0,309.0,264.0,321.0,255.0,319.0,239.0,265.0,246.0,316.0,237.0,320.0,233.0,312.0,216.0,276.0,223.0,316.0,221.0,318.0,221.0,308.0
N,day1,1787865419.4129426,16,201.0,289.0,235.0,293.0,262.0,295.0,272.0,300.0,268.0,305.0,283.0,256.0,302.0,296.0,288.0,315.0,274.0,317.0,265.0,255.0,285.0,304.0,272.0,316.0,263.0,312.0,244.0,264.0,256.0,315.0,245.0,319.0,240.0,309.0,224.0,276.0,235.0,317.0,229.0,318.0,226.0,307.0
N,day1,1787865419.5489423,17,203.0,287.0,238.0,291.0,267.0,294.0,283.0,300.0,279.0,302.0,288.0,254.0,310.0,295.0,296.0,312.0,283.0,311.0,271.0,255.0,294.0,302.0,279.0,312.0,270.0,306.0,251.0,263.0,266.0,313.0,254.0,316.0,249.0,305.0,232.0,276.0,246.0,316.0,238.0,316.0,232.0,305.0
N,day1,1787865419.6365986,18,202.0,285.0,239.0,289.0,272.0,293.0,291.0,299.0,289.0,301.0,292.0,252.0,316.0,291.0,302.0,306.0,290.0,307.0,276.0,254.0,303.0,299.0,287.0,307.0,277.0,301.0,258.0,264.0,276.0,311.0,262.0,313.0,256.0,302.0,241.0,276.0,257.0,316.0,247.0,316.0,242.0,305.0
N,day1,1787865419.7404788,19,203.0,288.0,244.0,294.0,277.0,297.0,296.0,299.0,291.0,297.0,294.0,251.0,317.0,288.0,303.0,302.0,292.0,301.0,278.0,253.0,304.0,297.0,287.0,304.0,276.0,297.0,262.0,262.0,279.0,309.0,264.0,310.0,257.0,299.0,245.0,274.0,260.0,314.0,248.0,312.0,242.0,300.0
N,day1,1787865419.8671372,20,201.0,287.0,241.0,291.0,275.0,294.0,295.0,298.0,290.0,297.0,293.0,250.0,316.0,288.0,301.0,298.0,290.0,293.0,277.0,252.0,304.0,297.0,288.0,302.0,278.0,294.0,260.0,262.0,278.0,309.0,264.0,309.0,257.0,297.0,243.0,275.0,259.0,314.0,247.0,312.0,241.0,300.0
N,day1,1787865419.980207,21,201.0,290.0,240.0,294.0,267.0,297.0,279.0,299.0,275.0,296.0,289.0,253.0,308.0,290.0,295.0,308.0,282.0,310.0,270.0,253.0,291.0,294.0,280.0,306.0,271.0,303.0,250.0,260.0,263.0,305.0,255.0,311.0,250.0,301.0,231.0,273.0,243.0,310.0,238.0,313.0,235.0,302.0
N,day1,1787865420.0819488,22,207.0,307.0,239.0,308.0,258.0,305.0,263.0,299.0,259.0,296.0,274.0,253.0,276.0,293.0,266.0,310.0,260.0,312.0,251.0,249.0,253.0,294.0,246.0,310.0,242.0,312.0,226.0,254.0,228.0,299.0,225.0,312.0,222.0,309.0,203.0,264.0,208.0,299.0,210.0,309.0,211.0,306.0
N,day1,1787865420.1946523,23,203.0,306.0,233.0,311.0,253.0,309.0,258.0,302.0,256.0,295.0,273.0,258.0,269.0,295.0,258.0,312.0,252.0,315.0,252.0,252.0,249.0,294.0,239.0,311.0,234.0,314.0,229.0,253.0,231.0,292.0,225.0,310.0,221.0,312.0,206.0,259.0,213.0,286.0,214.0,302.0,215.0,308.0
N,day1,1787865420.3095179,24,203.0,304.0,229.0,310.0,250.0,311.0,255.0,306.0,251.0,301.0,270.0,260.0,260.0,294.0,249.0,312.0,245.0,314.0,250.0,251.0,241.0,292.0,232.0,311.0,230.0,312.0,227.0,250.0,225.0,290.0,220.0,308.0,219.0,308.0,205.0,254.0,207.0,282.0,205.0,297.0,206.0,298.0
N,day1,1787865420.407765,25,200.0,307.0,225.0,312.0,246.0,313.0,255.0,310.0,254.0,307.0,263.0,257.0,252.0,295.0,242.0,311.0,239.0,311.0,240.0,249.0,228.0,293.0,222.0,311.0,223.0,310.0,216.0,249.0,208.0,291.0,207.0,307.0,209.0,307.0,193.0,254.0,191.0,283.0,192.0,298.0,195.0,300.0
N,day1,1787865420.5144074,26,190.0,305.0,218.0,311.0,239.0,310.0,239.0,303.0,226.0,295.0,253.0,253.0,242.0,294.0,233.0,311.0,231.0,309.0,228.0,246.0,215.0,294.0,210.0,309.0,211.0,303.0,202.0,248.0,194.0,294.0,196.0,307.0,199.0,302.0,180.0,255.0,179.0,286.0,183.0,300.0,188.0,300.0
N,day1,1787865420.6129467,27,191.0,300.0,216.0,308.0,235.0,310.0,231.0,304.0,217.0,296.0,252.0,256.0,235.0,296.0,226.0,315.0,225.0,313.0,226.0,245.0,208.0,293.0,204.0,312.0,208.0,307.0,200.0,244.0,187.0,290.0,190.0,307.0,195.0,305.0,178.0,249.0,171.0,282.0,176.0,298.0,181.0,299.0
N,day1,1787865420.714777,28,196.0,298.0,221.0,302.0,240.0,303.0,240.0,301.0,229.0,300.0,250.0,254.0,235.0,294.0,228.0,314.0,228.0,314.0,223.0,246.0,207.0,294.0,205.0,312.0,210.0,308.0,198.0,247.0,187.0,292.0,190.0,308.0,196.0,304.0,177.0,252.0,172.0,284.0,177.0,299.0,183.0,300.0
N,day1,1787865420.807491,29,196.0,298.0,221.0,302.0,240.0,303.0,239.0,303.0,226.0,302.0,249.0,254.0,234.0,294.0,228.0,314.0,228.0,316.0,222.0,246.0,207.0,297.0,206.0,314.0,210.0,310.0,197.0,248.0,187.0,295.0,191.0,310.0,198.0,306.0,176.0,253.0,172.0,286.0,177.0,302.0,184.0,303.0
N,day1,1787865420.8970501,30,189.0,297.0,217.0,305.0,236.0,310.0,230.0,311.0,214.0,307.0,247.0,257.0,228.0,300.0,222.0,316.0,225.0,312.0,219.0,246.0,199.0,298.0,200.0,315.0,206.0,307.0,192.0,247.0,180.0,297.0,187.0,311.0,195.0,304.0,171.0,254.0,167.0,290.0,174.0,303.0,181.0,302.0
N,day1,1787865421.0091882,31,186.0,302.0,213.0,309.0,234.0,308.0,235.0,301.0,225.0,291.0,248.0,252.0,230.0,291.0,223.0,307.0,225.0,304.0,223.0,242.0,201.0,292.0,201.0,309.0,208.0,303.0,197.0,243.0,182.0,291.0,188.0,304.0,196.0,301.0,176.0,250.0,169.0,284.0,175.0,299.0,182.0,299.0
N,day1,1787865421.1038172,32,190.0,305.0,217.0,309.0,237.0,306.0,233.0,295.0,217.0,286.0,246.0,250.0,231.0,284.0,226.0,302.0,227.0,304.0,221.0,240.0,203.0,284.0,202.0,302.0,206.0,302.0,197.0,242.0,184.0,287.0,190.0,303.0,196.0,303.0,176.0,249.0,171.0,282.0,176.0,296.0,183.0,298.0
N,day1,1787865421.21329,33,192.0,305.0,219.0,310.0,242.0,307.0,236.0,295.0,219.0,286.0,242.0,248.0,227.0,280.0,222.0,297.0,224.0,296.0,218.0,239.0,201.0,279.0,203.0,297.0,208.0,295.0,196.0,241.0,182.0,282.0,190.0,299.0,197.0,297.0,176.0,249.0,169.0,280.0,177.0,295.0,184.0,298.0
N,day1,1787865421.3211787,34,193.0,297.0,220.0,300.0,241.0,297.0,240.0,289.0,226.0,284.0,243.0,240.0,219.0,270.0,211.0,290.0,214.0,296.0,219.0,230.0,192.0,269.0,192.0,292.0,199.0,297.0,196.0,231.0,176.0,272.0,181.0,292.0,190.0,298.0,177.0,239.0,165.0,269.0,171.0,288.0,180.0,294.0
N,day1,1787865421.4452846,35,191.0,298.0,215.0,302.0,233.0,297.0,227.0,280.0,212.0,264.0,245.0,241.0,240.0,257.0,228.0,277.0,220.0,286.0,222.0,233.0,214.0,252.0,203.0,277.0,198.0,291.0,200.0,233.0,191.0,259.0,187.0,282.0,187.0,292.0,180.0,240.0,173.0,261.0,173.0,278.0,176.0,284.0
N,day1,1787865421.573845,36,203.0,305.0,229.0,307.0,250.0,305.0,254.0,300.0,245.0,296.0,260.0,246.0,248.0,285.0,241.0,307.0,240.0,312.0,233.0,240.0,221.0,285.0,219.0,307.0,221.0,312.0,206.0,244.0,198.0,288.0,201.0,307.0,205.0,308.0,182.0,253.0,180.0,284.0,185.0,299.0,190.0,300.0
N,day1,1787865421.69297,37,208.0,311.0,234.0,315.0,253.0,312.0,248.0,300.0,235.0,286.0,276.0,249.0,271.0,283.0,262.0,306.0,257.0,315.0,250.0,240.0,244.0,280.0,238.0,304.0,235.0,312.0,221.0,242.0,219.0,281.0,219.0,303.0,221.0,309.0,194.0,251.0,193.0,281.0,197.0,297.0,201.0,300.0
N,day1,1787865421.8207629,38,210.0,314.0,241.0,314.0,260.0,311.0,260.0,302.0,256.0,298.0,284.0,245.0,287.0,290.0,276.0,315.0,268.0,324.0,254.0,241.0,257.0,292.0,248.0,317.0,242.0,324.0,223.0,250.0,228.0,300.0,225.0,319.0,222.0,320.0,195.0,265.0,203.0,304.0,206.0,319.0,208.0,318.0
N,day1,1787865421.9195287,39,211.0,318.0,243.0,321.0,259.0,321.0,250.0,309.0,238.0,297.0,289.0,249.0,295.0,296.0,284.0,322.0,273.0,331.0,258.0,244.0,265.0,298.0,255.0,322.0,248.0,327.0,226.0,253.0,233.0,307.0,228.0,324.0,226.0,320.0,197.0,269.0,205.0,311.0,208.0,324.0,211.0,319.0
N,day1,1787865422.017879,40,205.0,318.0,241.0,321.0,257.0,321.0,249.0,311.0,241.0,298.0,289.0,247.0,299.0,299.0,285.0,324.0,272.0,331.0,257.0,244.0,267.0,304.0,256.0,325.0,249.0,327.0,225.0,254.0,231.0,316.0,227.0,329.0,224.0,320.0,195.0,271.0,203.0,318.0,206.0,327.0,208.0,317.0
N,day1,1787865422.1160028,41,204.0,316.0,239.0,315.0,257.0,314.0,247.0,303.0,234.0,294.0,284.0,240.0,295.0,297.0,281.0,321.0,268.0,321.0,252.0,238.0,264.0,305.0,251.0,325.0,243.0,320.0,218.0,249.0,229.0,315.0,223.0,327.0,219.0,315.0,188.0,267.0,198.0,316.0,200.0,325.0,201.0,313.0
N,day1,1787865422.2133882,42,201.0,310.0,236.0,313.0,254.0,316.0,245.0,309.0,239.0,301.0,283.0,240.0,297.0,295.0,281.0,321.0,268.0,324.0,251.0,238.0,264.0,300.0,252.0,323.0,246.0,322.0,218.0,249.0,227.0,314.0,223.0,329.0,221.0,318.0,187.0,267.0,196.0,317.0,200.0,326.0,203.0,315.0
N,day1,1787865422.3121712,43,202.0,312.0,238.0,316.0,254.0,317.0,243.0,307.0,234.0,294.0,283.0,239.0,297.0,294.0,281.0,320.0,267.0,321.0,251.0,237.0,267.0,302.0,253.0,323.0,245.0,320.0,219.0,248.0,229.0,314.0,223.0,326.0,220.0,313.0,189.0,266.0,199.0,316.0,201.0,323.0,202.0,309.0
N,day1,1787865422.4285784,44,203.0,310.0,239.0,313.0,256.0,315.0,246.0,306.0,236.0,296.0,283.0,239.0,297.0,291.0,283.0,318.0,270.0,321.0,251.0,237.0,266.0,299.0,255.0,322.0,248.0,320.0,219.0,248.0,229.0,312.0,226.0,326.0,224.0,315.0,190.0,266.0,200.0,315.0,204.0,324.0,207.0,312.0
N,day1,1787865422.5307245,45,199.0,308.0,234.0,312.0,252.0,313.0,244.0,301.0,235.0,290.0,280.0,238.0,292.0,290.0,278.0,314.0,266.0,318.0,251.0,235.0,265.0,295.0,252.0,317.0,245.0,317.0,220.0,246.0,231.0,306.0,225.0,319.0,222.0,311.0,190.0,263.0,200.0,309.0,202.0,318.0,205.0,307.0
N,day1,1787865422.6452081,46,200.0,303.0,235.0,306.0,252.0,306.0,244.0,296.0,233.0,286.0,278.0,238.0,291.0,285.0,279.0,309.0,268.0,314.0,249.0,236.0,261.0,292.0,250.0,312.0,243.0,310.0,219.0,246.0,227.0,305.0,222.0,315.0,221.0,304.0,192.0,261.0,201.0,307.0,204.0,314.0,206.0,304.0
N,day1,1787865422.742244,47,201.0,299.0,237.0,303.0,255.0,303.0,248.0,294.0,241.0,286.0,281.0,238.0,290.0,287.0,276.0,309.0,265.0,310.0,252.0,235.0,262.0,292.0,250.0,312.0,243.0,309.0,222.0,245.0,230.0,301.0,224.0,314.0,222.0,305.0,195.0,259.0,203.0,302.0,204.0,310.0,205.0,301.0
N,day1,1787865422.8659523,48,197.0,300.0,235.0,305.0,255.0,302.0,250.0,291.0,241.0,281.0,279.0,238.0,291.0,283.0,278.0,305.0,267.0,309.0,252.0,236.0,264.0,289.0,253.0,306.0,247.0,304.0,224.0,245.0,232.0,300.0,227.0,311.0,224.0,302.0,199.0,260.0,207.0,302.0,207.0,309.0,207.0,299.0
N,day1,1787865422.9803898,49,195.0,294.0,232.0,298.0,253.0,296.0,254.0,289.0,248.0,281.0,278.0,239.0,293.0,281.0,282.0,302.0,270.0,306.0,256.0,238.0,271.0,286.0,261.0,303.0,254.0,303.0,232.0,247.0,241.0,299.0,234.0,308.0,231.0,300.0,209.0,261.0,218.0,301.0,215.0,306.0,214.0,296.0
N,day1,1787865423.0926914,50,200.0,293.0,237.0,296.0,256.0,295.0,256.0,289.0,247.0,283.0,276.0,239.0,291.0,278.0,280.0,299.0,268.0,304.0,254.0,238.0,271.0,284.0,261.0,300.0,253.0,302.0,230.0,246.0,241.0,297.0,236.0,306.0,233.0,300.0,209.0,260.0,219.0,300.0,220.0,306.0,221.0,298.0
N,day1,1787865423.210895,51,203.0,295.0,237.0,298.0,254.0,297.0,253.0,289.0,246.0,281.0,275.0,241.0,289.0,280.0,278.0,300.0,268.0,304.0,254.0,239.0,269.0,284.0,259.0,301.0,252.0,303.0,231.0,247.0,240.0,297.0,234.0,307.0,232.0,300.0,210.0,260.0,218.0,299.0,218.0,304.0,218.0,295.0
N,day1,1787865423.3593464,52,210.0,287.0,243.0,292.0,259.0,293.0,258.0,292.0,250.0,288.0,277.0,244.0,286.0,286.0,276.0,304.0,267.0,306.0,254.0,244.0,266.0,293.0,257.0,305.0,252.0,303.0,231.0,252.0,238.0,303.0,234.0,306.0,233.0,295.0,209.0,265.0,217.0,303.0,218.0,304.0,219.0,293.0
N,day1,1787865423.484959,53,213.0,282.0,247.0,288.0,266.0,295.0,268.0,303.0,258.0,310.0,280.0,252.0,284.0,301.0,272.0,313.0,262.0,310.0,256.0,252.0,261.0,309.0,253.0,314.0,249.0,307.0,231.0,260.0,234.0,312.0,231.0,311.0,230.0,299.0,209.0,270.0,214.0,311.0,217.0,309.0,219.0,298.0
N,day1,1787865423.5966656,54,203.0,253.0,238.0,259.0,265.0,278.0,270.0,304.0,261.0,318.0,280.0,259.0,286.0,315.0,269.0,320.0,260.0,309.0,256.0,261.0,262.0,324.0,251.0,321.0,248.0,308.0,231.0,267.0,234.0,324.0,228.0,316.0,229.0,301.0,209.0,275.0,212.0,318.0,212.0,312.0,214.0,300.0
N,day1,1787865423.7012286,55,203.0,247.0,239.0,249.0,263.0,276.0,259.0,310.0,240.0,327.0,284.0,260.0,285.0,320.0,270.0,318.0,264.0,303.0,259.0,262.0,265.0,324.0,253.0,319.0,250.0,306.0,234.0,268.0,235.0,323.0,228.0,310.0,228.0,293.0,211.0,276.0,217.0,319.0,215.0,311.0,214.0,297.0
N,day1,1787865423.815831,56,203.0,245.0,240.0,246.0,266.0,271.0,263.0,305.0,246.0,325.0,284.0,256.0,287.0,314.0,272.0,315.0,265.0,303.0,259.0,259.0,267.0,320.0,257.0,319.0,252.0,310.0,234.0,267.0,239.0,321.0,232.0,311.0,230.0,294.0,211.0,275.0,220.0,318.0,218.0,311.0,217.0,298.0
N,day1,1787865423.9167233,57,205.0,246.0,242.0,248.0,269.0,273.0,267.0,305.0,247.0,323.0,285.0,252.0,290.0,310.0,275.0,310.0,267.0,298.0,259.0,254.0,269.0,315.0,260.0,313.0,255.0,303.0,235.0,262.0,240.0,317.0,235.0,306.0,233.0,289.0,213.0,272.0,222.0,314.0,221.0,307.0,220.0,294.0
N,day1,1787865424.0076346,58,215.0,253.0,252.0,258.0,277.0,278.0,278.0,305.0,264.0,318.0,289.0,249.0,293.0,305.0,279.0,309.0,273.0,299.0,263.0,249.0,270.0,310.0,260.0,310.0,256.0,300.0,238.0,256.0,243.0,311.0,238.0,303.0,236.0,289.0,215.0,265.0,222.0,308.0,223.0,307.0,226.0,299.0
N,day1,1787865424.1033564,59,223.0,287.0,254.0,294.0,271.0,298.0,272.0,297.0,266.0,293.0,296.0,249.0,300.0,294.0,287.0,310.0,278.0,310.0,272.0,247.0,278.0,297.0,270.0,309.0,265.0,307.0,247.0,252.0,250.0,303.0,245.0,307.0,243.0,297.0,225.0,262.0,229.0,302.0,230.0,305.0,231.0,296.0
N,day1,1787865424.2213829,60,223.0,289.0,254.0,296.0,268.0,300.0,265.0,297.0,258.0,290.0,295.0,250.0,303.0,292.0,291.0,310.0,281.0,313.0,272.0,247.0,280.0,295.0,271.0,308.0,266.0,308.0,248.0,253.0,252.0,304.0,247.0,309.0,246.0,300.0,226.0,263.0,230.0,303.0,230.0,307.0,232.0,297.0
N,day1,1787865424.3217368,61,225.0,295.0,257.0,301.0,273.0,302.0,271.0,294.0,264.0,286.0,296.0,249.0,299.0,290.0,287.0,307.0,279.0,311.0,272.0,245.0,277.0,291.0,267.0,306.0,261.0,308.0,246.0,249.0,249.0,300.0,244.0,309.0,243.0,304.0,223.0,259.0,227.0,300.0,229.0,305.0,231.0,297.0
N,day1,1787865424.4261742,62,223.0,295.0,253.0,303.0,269.0,304.0,265.0,293.0,259.0,282.0,293.0,247.0,302.0,283.0,289.0,303.0,278.0,310.0,271.0,241.0,279.0,282.0,269.0,302.0,260.0,309.0,246.0,245.0,250.0,291.0,246.0,307.0,242.0,307.0,222.0,256.0,227.0,293.0,229.0,303.0,230.0,299.0
O,day1,1787865456.4673018,0,180.0,340.0,215.0,320.0,235.0,299.0,252.0,286.0,258.0,271.0,193.0,257.0,220.0,233.0,242.0,243.0,252.0,260.0,186.0,258.0,221.0,231.0,245.0,246.0,252.0,264.0,185.0,263.0,217.0,234.0,241.0,247.0,248.0,264.0,189.0,272.0,216.0,250.0,235.0,256.0,244.0,267.0
O,day1,1787865456.5871565,1,181.0,341.0,215.0,320.0,235.0,300.0,252.0,286.0,258.0,270.0,193.0,258.0,219.0,233.0,241.0,244.0,251.0,260.0,186.0,258.0,220.0,231.0,244.0,246.0,251.0,264.0,185.0,263.0,216.0,234.0,240.0,247.0,247.0,264.0,189.0,272.0,216.0,250.0,235.0,256.0,243.0,267.0
O,day1,1787865456.687637,2,181.0,341.0,214.0,321.0,235.0,300.0,253.0,286.0,259.0,270.0,194.0,257.0,220.0,232.0,243.0,243.0,252.0,259.0,187.0,257.0,221.0,230.0,245.0,245.0,252.0,263.0,185.0,262.0,217.0,233.0,241.0,246.0,249.0,263.0,190.0,271.0,217.0,249.0,236.0,255.0,244.0,267.0
O,day1,1787865456.7842255,3,185.0,338.0,218.0,320.0,238.0,299.0,256.0,285.0,264.0,270.0,201.0,255.0,226.0,231.0,248.0,242.0,256.0,258.0,193.0,255.0,226.0,229.0,249.0,244.0,256.0,262.0,191.0,259.0,223.0,232.0,246.0,245.0,253.0,263.0,194.0,268.0,221.0,247.0,240.0,254.0,248.0,265.0
O,day1,1787865456.8874702,4,188.0,335.0,222.0,319.0,244.0,298.0,262.0,283.0,271.0,269.0,208.0,253.0,234.0,229.0,255.0,240.0,263.0,257.0,200.0,252.0,234.0,227.0,256.0,243.0,262.0,261.0,197.0,256.0,231.0,229.0,253.0,245.0,259.0,262.0,200.0,265.0,229.0,245.0,247.0,253.0,255.0,264.0
O,day1,1787865456.9741614,5,187.0,332.0,223.0,317.0,246.0,296.0,266.0,283.0,274.0,269.0,210.0,248.0,240.0,226.0,261.0,239.0,267.0,257.0,203.0,248.0,241.0,225.0,263.0,243.0,267.0,263.0,201.0,254.0,237.0,229.0,259.0,246.0,264.0,264.0,204.0,264.0,233.0,244.0,252.0,253.0,259.0,265.0
O,day1,1787865457.0755498,6,181.0,325.0,221.0,311.0,247.0,297.0,268.0,289.0,275.0,278.0,214.0,243.0,251.0,228.0,270.0,246.0,274.0,264.0,207.0,244.0,254.0,229.0,273.0,252.0,274.0,271.0,205.0,252.0,250.0,237.0,268.0,258.0,270.0,277.0,209.0,266.0,243.0,252.0,258.0,264.0,263.0,278.0
O,day1,1787865457.174137,7,170.0,321.0,215.0,310.0,243.0,297.0,264.0,292.0,275.0,287.0,215.0,239.0,255.0,230.0,272.0,250.0,275.0,269.0,208.0,241.0,258.0,232.0,275.0,256.0,275.0,276.0,207.0,250.0,253.0,240.0,270.0,263.0,270.0,282.0,210.0,267.0,245.0,257.0,259.0,270.0,262.0,284.0
O,day1,1787865457.276096,8,167.0,319.0,212.0,309.0,240.0,296.0,260.0,292.0,271.0,287.0,214.0,237.0,255.0,229.0,271.0,250.0,273.0,268.0,206.0,239.0,256.0,232.0,272.0,258.0,271.0,276.0,204.0,249.0,251.0,242.0,266.0,266.0,265.0,284.0,206.0,266.0,242.0,258.0,255.0,271.0,257.0,284.0
O,day1,1787865457.3747382,9,166.0,318.0,212.0,309.0,239.0,296.0,259.0,291.0,270.0,286.0,212.0,237.0,252.0,229.0,269.0,249.0,272.0,268.0,204.0,239.0,254.0,232.0,270.0,258.0,269.0,277.0,202.0,249.0,248.0,241.0,264.0,266.0,263.0,284.0,203.0,265.0,238.0,257.0,252.0,271.0,254.0,285.0
O,day1,1787865457.48408,10,167.0,318.0,209.0,309.0,236.0,296.0,258.0,290.0,268.0,283.0,211.0,237.0,249.0,229.0,266.0,249.0,268.0,268.0,203.0,238.0,251.0,230.0,268.0,256.0,267.0,276.0,200.0,247.0,244.0,238.0,261.0,263.0,261.0,281.0,201.0,262.0,235.0,253.0,249.0,268.0,251.0,282.0
O,day1,1787865457.59717,11,172.0,321.0,207.0,311.0,234.0,298.0,255.0,291.0,265.0,282.0,217.0,242.0,245.0,225.0,261.0,245.0,264.0,263.0,207.0,240.0,244.0,226.0,262.0,253.0,261.0,272.0,200.0,245.0,236.0,233.0,254.0,258.0,257.0,277.0,195.0,256.0,224.0,246.0,241.0,260.0,247.0,274.0
O,day1,1787865457.6956167,12,186.0,329.0,214.0,324.0,242.0,309.0,262.0,297.0,263.0,281.0,237.0,266.0,255.0,235.0,267.0,254.0,265.0,272.0,226.0,262.0,246.0,225.0,259.0,248.0,257.0,268.0,213.0,262.0,231.0,231.0,247.0,253.0,248.0,273.0,199.0,265.0,218.0,243.0,234.0,257.0,238.0,272.0
O,day1,1787865457.801521,13,187.0,333.0,217.0,328.0,245.0,314.0,266.0,301.0,266.0,285.0,240.0,272.0,258.0,242.0,270.0,258.0,269.0,276.0,229.0,268.0,249.0,231.0,262.0,252.0,261.0,272.0,216.0,267.0,234.0,234.0,249.0,256.0,251.0,276.0,202.0,269.0,221.0,246.0,235.0,260.0,239.0,276.0
O,day1,1787865457.9041896,14,191.0,334.0,219.0,329.0,246.0,314.0,267.0,301.0,268.0,284.0,241.0,271.0,259.0,242.0,271.0,259.0,270.0,276.0,230.0,267.0,251.0,231.0,264.0,253.0,262.0,272.0,218.0,266.0,236.0,234.0,251.0,256.0,251.0,275.0,204.0,268.0,223.0,245.0,238.0,259.0,241.0,274.0
O,day1,1787865458.0060635,15,192.0,333.0,220.0,328.0,246.0,313.0,267.0,299.0,269.0,282.0,241.0,271.0,258.0,241.0,271.0,256.0,271.0,272.0,231.0,267.0,250.0,229.0,263.0,251.0,262.0,270.0,218.0,266.0,236.0,234.0,251.0,255.0,252.0,273.0,205.0,267.0,223.0,245.0,238.0,258.0,242.0,273.0
O,day1,1787865458.1101844,16,194.0,332.0,222.0,326.0,249.0,309.0,270.0,295.0,271.0,279.0,240.0,267.0,256.0,235.0,270.0,251.0,270.0,269.0,230.0,264.0,250.0,228.0,265.0,249.0,264.0,267.0,219.0,263.0,238.0,232.0,254.0,252.0,255.0,271.0,207.0,265.0,226.0,243.0,242.0,255.0,246.0,269.0
O,day1,1787865458.216658,17,196.0,330.0,224.0,325.0,251.0,306.0,272.0,292.0,273.0,275.0,240.0,264.0,256.0,232.0,270.0,247.0,271.0,264.0,231.0,261.0,250.0,226.0,265.0,246.0,266.0,264.0,220.0,260.0,239.0,230.0,256.0,249.0,258.0,267.0,209.0,262.0,229.0,241.0,244.0,252.0,248.0,266.0
O,day1,1787865458.3145838,18,199.0,322.0,227.0,314.0,253.0,297.0,274.0,283.0,277.0,265.0,238.0,255.0,254.0,225.0,270.0,237.0,276.0,252.0,230.0,253.0,251.0,221.0,269.0,238.0,272.0,256.0,221.0,252.0,243.0,225.0,261.0,242.0,266.0,260.0,212.0,255.0,234.0,237.0,250.0,247.0,255.0,260.0
O,day1,1787865458.4271715,19,197.0,317.0,229.0,305.0,253.0,288.0,272.0,276.0,279.0,262.0,231.0,245.0,251.0,220.0,269.0,231.0,275.0,247.0,223.0,242.0,251.0,216.0,270.0,232.0,274.0,251.0,217.0,243.0,247.0,218.0,266.0,235.0,271.0,254.0,213.0,249.0,240.0,231.0,256.0,242.0,262.0,255.0
O,day1,1787865458.5351775,20,196.0,314.0,229.0,300.0,251.0,282.0,269.0,270.0,278.0,256.0,221.0,237.0,247.0,215.0,266.0,228.0,273.0,244.0,215.0,236.0,247.0,212.0,268.0,229.0,273.0,247.0,212.0,239.0,244.0,213.0,265.0,229.0,270.0,248.0,213.0,247.0,242.0,228.0,259.0,236.0,265.0,249.0
O,day1,1787865458.6375787,21,195.0,314.0,231.0,297.0,251.0,278.0,268.0,268.0,278.0,257.0,213.0,234.0,244.0,215.0,265.0,227.0,272.0,244.0,208.0,234.0,247.0,213.0,269.0,229.0,273.0,248.0,208.0,239.0,245.0,215.0,266.0,231.0,270.0,249.0,214.0,248.0,243.0,229.0,260.0,237.0,266.0,249.0
O,day1,1787865458.7417884,22,193.0,314.0,230.0,297.0,251.0,279.0,268.0,268.0,277.0,258.0,212.0,234.0,243.0,215.0,264.0,227.0,273.0,244.0,207.0,234.0,248.0,214.0,268.0,229.0,273.0,248.0,208.0,239.0,245.0,217.0,266.0,232.0,271.0,250.0,215.0,249.0,243.0,230.0,260.0,238.0,266.0,250.0
O,day1,1787865458.8583384,23,194.0,311.0,229.0,293.0,249.0,275.0,267.0,263.0,273.0,253.0,206.0,232.0,239.0,213.0,260.0,224.0,271.0,240.0,202.0,233.0,244.0,212.0,265.0,226.0,271.0,244.0,205.0,239.0,242.0,216.0,263.0,229.0,269.0,245.0,213.0,248.0,242.0,229.0,258.0,236.0,265.0,248.0
O,day1,1787865458.9639862,24,192.0,310.0,226.0,291.0,244.0,272.0,260.0,261.0,269.0,250.0,203.0,231.0,237.0,211.0,258.0,222.0,267.0,238.0,199.0,232.0,239.0,210.0,261.0,224.0,269.0,242.0,201.0,237.0,239.0,212.0,260.0,226.0,266.0,244.0,210.0,246.0,239.0,225.0,255.0,233.0,261.0,245.0
O,day1,1787865459.0741413,25,192.0,309.0,225.0,291.0,242.0,272.0,258.0,261.0,267.0,250.0,202.0,230.0,235.0,211.0,256.0,222.0,265.0,239.0,197.0,230.0,237.0,208.0,260.0,223.0,267.0,241.0,200.0,235.0,237.0,209.0,259.0,224.0,265.0,242.0,209.0,244.0,238.0,223.0,254.0,231.0,261.0,243.0
O,day1,1787865459.191553,26,190.0,309.0,224.0,291.0,242.0,272.0,258.0,260.0,267.0,249.0,201.0,230.0,234.0,210.0,256.0,221.0,265.0,237.0,196.0,229.0,237.0,207.0,259.0,221.0,267.0,239.0,199.0,234.0,237.0,209.0,259.0,224.0,266.0,242.0,209.0,243.0,238.0,222.0,254.0,230.0,261.0,242.0
O,day1,1787865459.3267572,27,187.0,310.0,221.0,291.0,239.0,270.0,255.0,256.0,263.0,244.0,194.0,229.0,229.0,206.0,251.0,218.0,261.0,234.0,190.0,229.0,231.0,203.0,254.0,217.0,263.0,235.0,194.0,234.0,232.0,206.0,255.0,220.0,262.0,238.0,205.0,242.0,235.0,220.0,251.0,228.0,258.0,241.0
O,day1,1787865459.4274364,28,181.0,313.0,218.0,290.0,236.0,268.0,253.0,255.0,264.0,244.0,188.0,225.0,224.0,200.0,248.0,214.0,257.0,232.0,183.0,227.0,227.0,197.0,252.0,213.0,260.0,232.0,187.0,233.0,227.0,200.0,251.0,215.0,259.0,233.0,199.0,243.0,230.0,218.0,247.0,226.0,255.0,239.0
O,day1,1787865459.5437806,29,177.0,317.0,216.0,291.0,236.0,268.0,254.0,254.0,262.0,241.0,183.0,223.0,221.0,195.0,246.0,210.0,257.0,229.0,177.0,226.0,224.0,192.0,251.0,210.0,261.0,231.0,180.0,233.0,224.0,196.0,250.0,214.0,259.0,234.0,192.0,244.0,226.0,217.0,246.0,225.0,254.0,239.0
O,day1,1787865459.6660519,30,173.0,322.0,214.0,293.0,234.0,269.0,252.0,253.0,261.0,240.0,176.0,223.0,216.0,193.0,244.0,206.0,258.0,225.0,170.0,226.0,219.0,189.0,249.0,206.0,260.0,227.0,175.0,233.0,220.0,194.0,248.0,211.0,259.0,231.0,188.0,245.0,224.0,216.0,245.0,225.0,253.0,239.0
O,day1,1787865459.7892594,31,164.0,333.0,207.0,299.0,228.0,270.0,247.0,252.0,262.0,239.0,165.0,220.0,210.0,188.0,241.0,203.0,255.0,224.0,159.0,222.0,214.0,184.0,246.0,202.0,258.0,225.0,164.0,232.0,214.0,191.0,245.0,208.0,256.0,230.0,178.0,246.0,217.0,215.0,240.0,223.0,250.0,237.0
O,day1,1787865459.8878636,32,161.0,338.0,207.0,298.0,230.0,268.0,250.0,250.0,263.0,236.0,165.0,217.0,211.0,187.0,241.0,202.0,254.0,224.0,158.0,221.0,215.0,183.0,247.0,202.0,258.0,225.0,164.0,231.0,215.0,190.0,246.0,207.0,257.0,229.0,179.0,246.0,217.0,215.0,240.0,222.0,251.0,236.0
O,day1,1787865459.9893332,33,165.0,332.0,210.0,295.0,232.0,266.0,253.0,249.0,268.0,237.0,171.0,216.0,216.0,186.0,246.0,199.0,259.0,220.0,165.0,219.0,219.0,182.0,251.0,200.0,263.0,223.0,170.0,229.0,219.0,189.0,250.0,205.0,261.0,227.0,183.0,244.0,221.0,213.0,244.0,219.0,254.0,232.0
O,day1,1787865460.0931532,34,169.0,324.0,214.0,290.0,236.0,264.0,257.0,249.0,271.0,237.0,179.0,214.0,222.0,186.0,250.0,202.0,262.0,223.0,173.0,216.0,226.0,183.0,256.0,202.0,266.0,225.0,177.0,225.0,226.0,187.0,255.0,206.0,264.0,228.0,189.0,239.0,227.0,210.0,248.0,219.0,258.0,233.0
O,day1,1787865460.1896832,35,175.0,319.0,218.0,290.0,241.0,267.0,262.0,253.0,273.0,241.0,189.0,218.0,230.0,190.0,255.0,206.0,266.0,227.0,183.0,219.0,234.0,187.0,262.0,207.0,269.0,230.0,186.0,227.0,234.0,192.0,260.0,212.0,267.0,233.0,196.0,239.0,234.0,213.0,253.0,223.0,260.0,237.0
O,day1,1787865460.2767591,36,180.0,320.0,222.0,294.0,245.0,272.0,265.0,259.0,272.0,247.0,196.0,223.0,236.0,200.0,259.0,215.0,268.0,235.0,190.0,224.0,240.0,197.0,264.0,217.0,271.0,239.0,193.0,232.0,239.0,202.0,263.0,221.0,269.0,241.0,204.0,244.0,239.0,221.0,256.0,231.0,262.0,245.0
O,day1,1787865460.40603,37,185.0,322.0,223.0,300.0,246.0,279.0,265.0,267.0,273.0,256.0,201.0,232.0,238.0,210.0,260.0,223.0,270.0,242.0,196.0,234.0,242.0,208.0,265.0,226.0,272.0,247.0,199.0,241.0,241.0,213.0,263.0,230.0,269.0,249.0,208.0,252.0,241.0,229.0,257.0,238.0,263.0,252.0
O,day1,1787865460.5311146,38,192.0,326.0,228.0,308.0,249.0,288.0,267.0,277.0,275.0,266.0,208.0,243.0,243.0,223.0,264.0,234.0,273.0,251.0,203.0,244.0,247.0,220.0,268.0,237.0,275.0,257.0,206.0,250.0,245.0,225.0,266.0,241.0,272.0,259.0,214.0,260.0,244.0,239.0,260.0,247.0,266.0,259.0
O,day1,1787865460.6347835,39,198.0,329.0,232.0,314.0,253.0,295.0,270.0,284.0,280.0,274.0,215.0,249.0,250.0,230.0,270.0,243.0,278.0,260.0,210.0,249.0,254.0,229.0,274.0,246.0,279.0,266.0,211.0,255.0,251.0,232.0,271.0,248.0,276.0,266.0,219.0,266.0,248.0,246.0,265.0,254.0,272.0,266.0
O,day1,1787865460.7384512,40,201.0,331.0,235.0,316.0,256.0,298.0,273.0,288.0,282.0,277.0,219.0,252.0,254.0,234.0,274.0,248.0,281.0,265.0,214.0,252.0,257.0,232.0,277.0,250.0,282.0,268.0,216.0,258.0,256.0,236.0,275.0,252.0,280.0,269.0,223.0,268.0,253.0,249.0,268.0,257.0,274.0,269.0
O,day1,1787865460.847058,41,202.0,332.0,237.0,317.0,257.0,299.0,274.0,289.0,285.0,279.0,222.0,254.0,255.0,236.0,275.0,248.0,283.0,265.0,217.0,254.0,258.0,235.0,279.0,252.0,284.0,270.0,219.0,259.0,257.0,237.0,277.0,253.0,282.0,270.0,226.0,268.0,255.0,250.0,270.0,259.0,276.0,271.0
O,day1,1787865460.9850054,42,195.0,327.0,235.0,320.0,262.0,309.0,282.0,304.0,292.0,295.0,242.0,254.0,278.0,245.0,292.0,265.0,294.0,282.0,235.0,254.0,280.0,245.0,295.0,268.0,294.0,287.0,233.0,261.0,276.0,251.0,290.0,273.0,289.0,291.0,234.0,274.0,267.0,264.0,279.0,277.0,282.0,290.0
O,day1,1787865461.0922,43,192.0,319.0,233.0,315.0,260.0,307.0,278.0,304.0,287.0,297.0,244.0,250.0,280.0,244.0,291.0,265.0,289.0,282.0,237.0,250.0,281.0,245.0,293.0,271.0,289.0,289.0,234.0,257.0,277.0,251.0,288.0,276.0,285.0,293.0,234.0,271.0,267.0,264.0,277.0,279.0,276.0,292.0
O,day1,1787865461.192309,44,185.0,316.0,228.0,313.0,255.0,306.0,275.0,305.0,285.0,300.0,244.0,249.0,280.0,246.0,290.0,269.0,288.0,287.0,237.0,248.0,282.0,247.0,292.0,275.0,287.0,293.0,233.0,255.0,276.0,252.0,286.0,279.0,282.0,296.0,231.0,269.0,264.0,265.0,273.0,282.0,271.0,295.0
O,day1,1787865461.3018498,45,184.0,313.0,225.0,311.0,254.0,305.0,273.0,304.0,283.0,300.0,244.0,247.0,280.0,245.0,290.0,267.0,287.0,284.0,237.0,246.0,280.0,245.0,290.0,274.0,285.0,292.0,232.0,253.0,273.0,252.0,284.0,278.0,280.0,295.0,229.0,266.0,260.0,263.0,271.0,279.0,270.0,293.0
O,day1,1787865461.4101849,46,188.0,312.0,225.0,312.0,253.0,306.0,273.0,305.0,284.0,299.0,248.0,249.0,283.0,245.0,291.0,269.0,288.0,286.0,240.0,247.0,281.0,245.0,290.0,275.0,285.0,292.0,233.0,251.0,273.0,250.0,283.0,277.0,279.0,295.0,228.0,263.0,259.0,261.0,270.0,278.0,269.0,293.0
O,day1,1787865461.5311923,47,193.0,316.0,227.0,314.0,255.0,308.0,277.0,304.0,284.0,291.0,253.0,256.0,282.0,243.0,292.0,264.0,291.0,280.0,243.0,252.0,279.0,239.0,289.0,266.0,285.0,284.0,234.0,253.0,267.0,244.0,280.0,270.0,279.0,288.0,226.0,261.0,254.0,255.0,267.0,271.0,270.0,286.0
O,day1,1787865461.6362147,48,187.0,317.0,225.0,311.0,252.0,302.0,272.0,298.0,282.0,290.0,235.0,245.0,270.0,236.0,284.0,257.0,285.0,274.0,228.0,244.0,271.0,235.0,286.0,261.0,284.0,280.0,224.0,251.0,264.0,243.0,280.0,266.0,279.0,284.0,222.0,264.0,254.0,256.0,268.0,270.0,271.0,284.0
O,day1,1787865461.7493153,49,180.0,316.0,221.0,306.0,246.0,293.0,265.0,287.0,277.0,282.0,219.0,238.0,260.0,230.0,274.0,251.0,276.0,269.0,214.0,240.0,264.0,231.0,278.0,255.0,277.0,273.0,214.0,249.0,261.0,236.0,275.0,258.0,273.0,276.0,218.0,264.0,253.0,253.0,266.0,266.0,268.0,279.0
O,day1,1787865461.8684275,50,180.0,315.0,213.0,305.0,236.0,285.0,256.0,275.0,273.0,269.0,210.0,236.0,252.0,224.0,270.0,243.0,274.0,260.0,206.0,236.0,255.0,219.0,273.0,241.0,275.0,260.0,209.0,243.0,254.0,223.0,271.0,243.0,272.0,261.0,216.0,256.0,252.0,240.0,266.0,252.0,268.0,265.0
O,day1,1787865461.991292,51,180.0,314.0,216.0,301.0,239.0,281.0,259.0,270.0,274.0,263.0,207.0,232.0,248.0,217.0,266.0,235.0,269.0,254.0,204.0,232.0,253.0,214.0,271.0,235.0,272.0,253.0,209.0,240.0,254.0,218.0,272.0,238.0,273.0,256.0,219.0,254.0,255.0,237.0,270.0,248.0,273.0,262.0
O,day1,1787865462.1079178,52,181.0,312.0,217.0,298.0,240.0,277.0,260.0,266.0,274.0,257.0,207.0,229.0,250.0,215.0,267.0,233.0,270.0,252.0,203.0,227.0,253.0,209.0,271.0,229.0,272.0,248.0,207.0,234.0,253.0,211.0,271.0,230.0,272.0,249.0,216.0,245.0,253.0,228.0,267.0,240.0,270.0,254.0
O,day1,1787865462.2351897,53,184.0,307.0,221.0,293.0,244.0,274.0,262.0,263.0,274.0,254.0,210.0,226.0,251.0,211.0,269.0,229.0,273.0,248.0,206.0,225.0,254.0,206.0,273.0,226.0,275.0,245.0,209.0,230.0,255.0,208.0,273.0,227.0,274.0,246.0,218.0,241.0,254.0,225.0,268.0,235.0,272.0,248.0
O,day1,1787865462.3260694,54,189.0,309.0,225.0,297.0,249.0,280.0,267.0,270.0,281.0,263.0,219.0,230.0,258.0,217.0,275.0,234.0,278.0,253.0,214.0,229.0,260.0,212.0,278.0,232.0,280.0,251.0,216.0,235.0,260.0,213.0,277.0,231.0,280.0,250.0,225.0,245.0,258.0,228.0,272.0,239.0,277.0,252.0
O,day1,1787865462.432662,55,201.0,310.0,234.0,302.0,256.0,289.0,274.0,281.0,287.0,270.0,229.0,239.0,266.0,228.0,281.0,243.0,284.0,260.0,224.0,237.0,268.0,224.0,284.0,242.0,285.0,260.0,226.0,241.0,269.0,224.0,284.0,242.0,285.0,260.0,234.0,250.0,268.0,237.0,280.0,248.0,283.0,262.0
O,day1,1787865462.53884,56,209.0,313.0,242.0,307.0,262.0,297.0,280.0,290.0,290.0,279.0,238.0,247.0,272.0,237.0,287.0,251.0,290.0,267.0,234.0,245.0,275.0,233.0,289.0,250.0,290.0,268.0,236.0,248.0,276.0,233.0,290.0,251.0,290.0,269.0,243.0,256.0,275.0,243.0,287.0,255.0,289.0,269.0
O,day1,1787865462.6619751,57,215.0,312.0,247.0,308.0,267.0,298.0,284.0,292.0,294.0,280.0,245.0,250.0,276.0,240.0,291.0,254.0,292.0,270.0,241.0,248.0,278.0,237.0,292.0,254.0,292.0,272.0,242.0,250.0,279.0,236.0,292.0,255.0,291.0,272.0,247.0,257.0,278.0,244.0,290.0,256.0,291.0,270.0
P,day1,1787865503.4312453,0,85.0,280.0,113.0,263.0,150.0,252.0,181.0,251.0,203.0,249.0,163.0,222.0,203.0,226.0,226.0,223.0,244.0,221.0,161.0,227.0,197.0,262.0,210.0,284.0,219.0,298.0,157.0,239.0,180.0,277.0,163.0,282.0,151.0,279.0,152.0,255.0,169.0,283.0,155.0,286.0,146.0,282.0
P,day1,1787865503.5356734,1,85.0,279.0,112.0,261.0,150.0,250.0,180.0,250.0,203.0,249.0,163.0,222.0,203.0,225.0,225.0,223.0,244.0,220.0,160.0,227.0,197.0,262.0,210.0,283.0,220.0,296.0,156.0,239.0,181.0,276.0,164.0,281.0,152.0,278.0,151.0,255.0,169.0,283.0,156.0,286.0,146.0,281.0
P,day1,1787865503.665153,2,85.0,279.0,114.0,261.0,152.0,251.0,181.0,251.0,204.0,250.0,164.0,222.0,204.0,226.0,227.0,223.0,246.0,221.0,161.0,227.0,198.0,262.0,211.0,283.0,220.0,297.0,156.0,239.0,180.0,276.0,164.0,281.0,152.0,278.0,151.0,255.0,168.0,283.0,155.0,285.0,146.0,281.0
P,day1,1787865503.750543,3,85.0,280.0,116.0,265.0,154.0,254.0,183.0,253.0,205.0,250.0,166.0,223.0,206.0,227.0,229.0,225.0,249.0,223.0,162.0,228.0,199.0,264.0,212.0,286.0,223.0,301.0,156.0,240.0,181.0,278.0,164.0,283.0,152.0,280.0,149.0,257.0,167.0,284.0,154.0,287.0,144.0,282.0
P,day1,1787865503.856889,4,90.0,281.0,124.0,270.0,161.0,259.0,187.0,255.0,210.0,250.0,174.0,227.0,212.0,230.0,235.0,227.0,255.0,223.0,164.0,232.0,198.0,267.0,214.0,290.0,226.0,307.0,152.0,243.0,178.0,282.0,161.0,285.0,148.0,280.0,138.0,259.0,158.0,288.0,146.0,289.0,136.0,282.0
P,day1,1787865503.9571676,5,95.0,289.0,134.0,280.0,168.0,267.0,192.0,261.0,216.0,252.0,179.0,229.0,215.0,231.0,239.0,229.0,259.0,228.0,165.0,231.0,199.0,270.0,215.0,296.0,227.0,316.0,148.0,242.0,181.0,286.0,163.0,290.0,149.0,284.0,131.0,258.0,158.0,291.0,147.0,293.0,136.0,286.0
P,day1,1787865504.0863307,6,95.0,290.0,134.0,280.0,167.0,265.0,191.0,258.0,215.0,249.0,177.0,224.0,214.0,226.0,237.0,225.0,259.0,224.0,162.0,226.0,197.0,266.0,213.0,294.0,226.0,313.0,146.0,238.0,177.0,282.0,161.0,289.0,148.0,284.0,129.0,254.0,155.0,288.0,145.0,293.0,134.0,285.0
P,day1,1787865504.1881459,7,96.0,290.0,134.0,277.0,165.0,262.0,188.0,256.0,209.0,248.0,174.0,223.0,208.0,224.0,230.0,222.0,251.0,221.0,157.0,224.0,191.0,266.0,205.0,295.0,218.0,313.0,138.0,236.0,168.0,281.0,155.0,287.0,143.0,282.0,120.0,252.0,146.0,287.0,140.0,290.0,131.0,283.0
P,day1,1787865504.2794635,8,97.0,290.0,133.0,274.0,163.0,258.0,186.0,254.0,207.0,248.0,173.0,222.0,207.0,223.0,230.0,222.0,250.0,221.0,156.0,223.0,189.0,267.0,205.0,296.0,219.0,314.0,137.0,236.0,166.0,282.0,153.0,286.0,142.0,279.0,119.0,252.0,145.0,288.0,138.0,290.0,129.0,280.0
P,day1,1787865504.3973212,9,97.0,288.0,134.0,277.0,165.0,262.0,188.0,253.0,211.0,244.0,175.0,223.0,209.0,222.0,232.0,219.0,253.0,217.0,158.0,224.0,194.0,262.0,210.0,290.0,223.0,308.0,141.0,235.0,171.0,278.0,157.0,281.0,144.0,275.0,123.0,251.0,149.0,284.0,140.0,287.0,130.0,279.0
P,day1,1787865504.500429,10,92.0,286.0,132.0,279.0,165.0,264.0,187.0,254.0,211.0,241.0,173.0,222.0,209.0,221.0,232.0,218.0,253.0,215.0,159.0,222.0,196.0,259.0,212.0,285.0,226.0,303.0,143.0,233.0,177.0,275.0,159.0,282.0,145.0,278.0,128.0,248.0,156.0,281.0,144.0,287.0,133.0,281.0
P,day1,1787865504.604955,11,92.0,287.0,131.0,279.0,166.0,266.0,188.0,258.0,211.0,249.0,174.0,226.0,211.0,228.0,234.0,225.0,254.0,222.0,164.0,229.0,199.0,264.0,214.0,289.0,226.0,306.0,151.0,240.0,183.0,279.0,168.0,287.0,154.0,285.0,137.0,256.0,161.0,285.0,150.0,290.0,140.0,284.0
P,day1,1787865504.7102323,12,87.0,291.0,127.0,287.0,162.0,275.0,185.0,266.0,206.0,256.0,170.0,236.0,207.0,237.0,229.0,234.0,248.0,232.0,163.0,238.0,196.0,271.0,212.0,294.0,223.0,311.0,154.0,247.0,179.0,286.0,164.0,292.0,152.0,292.0,146.0,262.0,165.0,291.0,154.0,295.0,145.0,291.0
P,day1,1787865504.8110874,13,89.0,295.0,126.0,289.0,161.0,278.0,185.0,270.0,204.0,260.0,168.0,239.0,205.0,241.0,227.0,238.0,246.0,235.0,162.0,240.0,196.0,275.0,211.0,297.0,220.0,314.0,155.0,249.0,179.0,288.0,163.0,293.0,151.0,292.0,149.0,264.0,167.0,292.0,156.0,296.0,147.0,293.0
P,day1,1787865504.9228528,14,86.0,298.0,116.0,285.0,153.0,274.0,180.0,272.0,201.0,267.0,165.0,243.0,202.0,244.0,223.0,241.0,242.0,238.0,161.0,245.0,194.0,281.0,206.0,301.0,216.0,314.0,155.0,255.0,177.0,293.0,159.0,297.0,147.0,293.0,149.0,270.0,165.0,298.0,152.0,301.0,143.0,296.0
P,day1,1787865505.04386,15,85.0,301.0,116.0,289.0,153.0,278.0,179.0,275.0,198.0,271.0,165.0,246.0,201.0,247.0,222.0,244.0,240.0,242.0,161.0,248.0,194.0,283.0,206.0,304.0,217.0,318.0,154.0,258.0,177.0,297.0,160.0,301.0,149.0,297.0,147.0,272.0,164.0,302.0,151.0,304.0,142.0,299.0
P,day1,1787865505.1476057,16,85.0,303.0,116.0,291.0,153.0,280.0,181.0,276.0,202.0,270.0,167.0,247.0,203.0,248.0,224.0,244.0,243.0,241.0,161.0,249.0,195.0,284.0,209.0,306.0,221.0,322.0,153.0,258.0,177.0,299.0,159.0,303.0,147.0,299.0,145.0,273.0,163.0,303.0,149.0,306.0,139.0,300.0
P,day1,1787865505.2809293,17,80.0,306.0,112.0,293.0,152.0,281.0,181.0,276.0,205.0,270.0,166.0,246.0,206.0,247.0,230.0,244.0,250.0,241.0,160.0,250.0,196.0,288.0,209.0,310.0,220.0,326.0,153.0,261.0,177.0,303.0,159.0,306.0,147.0,302.0,145.0,278.0,164.0,309.0,150.0,311.0,140.0,305.0
P,day1,1787865505.3912342,18,75.0,308.0,105.0,288.0,148.0,275.0,183.0,274.0,209.0,271.0,165.0,243.0,209.0,246.0,235.0,242.0,258.0,240.0,160.0,248.0,199.0,289.0,212.0,312.0,223.0,328.0,152.0,261.0,179.0,306.0,159.0,309.0,145.0,304.0,144.0,280.0,166.0,313.0,151.0,315.0,140.0,309.0
P,day1,1787865505.5023465,19,70.0,314.0,101.0,290.0,147.0,275.0,185.0,275.0,213.0,273.0,165.0,241.0,213.0,245.0,240.0,242.0,264.0,239.0,159.0,248.0,202.0,290.0,216.0,313.0,229.0,329.0,152.0,262.0,182.0,309.0,162.0,312.0,148.0,307.0,144.0,282.0,167.0,316.0,152.0,319.0,141.0,312.0
P,day1,1787865505.5978143,20,62.0,318.0,94.0,293.0,144.0,277.0,184.0,277.0,214.0,275.0,162.0,241.0,215.0,245.0,245.0,241.0,271.0,238.0,159.0,248.0,204.0,293.0,220.0,317.0,233.0,333.0,152.0,264.0,183.0,315.0,161.0,320.0,146.0,316.0,145.0,286.0,169.0,324.0,152.0,328.0,139.0,322.0
P,day1,1787865505.7313666,21,49.0,326.0,82.0,295.0,136.0,277.0,180.0,275.0,214.0,272.0,157.0,241.0,215.0,245.0,246.0,242.0,272.0,238.0,153.0,253.0,204.0,295.0,221.0,321.0,234.0,340.0,144.0,274.0,183.0,320.0,163.0,327.0,148.0,325.0,136.0,299.0,166.0,334.0,150.0,338.0,136.0,333.0
P,day1,1787865505.8421695,22,34.0,326.0,72.0,295.0,128.0,277.0,175.0,275.0,211.0,272.0,148.0,239.0,211.0,242.0,244.0,237.0,273.0,233.0,141.0,252.0,199.0,296.0,220.0,324.0,235.0,344.0,131.0,275.0,177.0,324.0,155.0,332.0,136.0,330.0,121.0,302.0,158.0,339.0,140.0,343.0,125.0,338.0
P,day1,1787865505.9483452,23,26.0,322.0,68.0,292.0,125.0,273.0,173.0,271.0,210.0,267.0,144.0,233.0,208.0,235.0,244.0,231.0,273.0,227.0,135.0,247.0,193.0,291.0,216.0,319.0,232.0,338.0,123.0,271.0,172.0,318.0,154.0,326.0,137.0,325.0,112.0,301.0,153.0,335.0,139.0,339.0,123.0,335.0
P,day1,1787865506.0925546,24,39.0,309.0,80.0,281.0,134.0,263.0,175.0,260.0,207.0,258.0,156.0,223.0,210.0,227.0,242.0,224.0,270.0,223.0,145.0,232.0,194.0,280.0,212.0,307.0,228.0,326.0,132.0,250.0,171.0,302.0,149.0,304.0,134.0,297.0,117.0,273.0,151.0,311.0,134.0,312.0,121.0,304.0
P,day1,1787865506.2372444,25,53.0,295.0,93.0,271.0,143.0,254.0,181.0,252.0,210.0,251.0,161.0,219.0,213.0,224.0,242.0,221.0,268.0,219.0,151.0,228.0,197.0,272.0,213.0,298.0,226.0,317.0,137.0,245.0,175.0,291.0,155.0,294.0,139.0,288.0,122.0,267.0,154.0,300.0,140.0,302.0,127.0,294.0
P,day1,1787865506.348629,26,77.0,297.0,119.0,278.0,164.0,264.0,196.0,260.0,219.0,257.0,178.0,226.0,223.0,229.0,248.0,226.0,271.0,224.0,167.0,231.0,208.0,271.0,222.0,296.0,234.0,313.0,154.0,243.0,186.0,288.0,167.0,292.0,153.0,287.0,141.0,261.0,168.0,294.0,154.0,296.0,143.0,289.0
P,day1,1787865506.495307,27,96.0,301.0,132.0,285.0,170.0,271.0,199.0,266.0,223.0,257.0,183.0,234.0,224.0,236.0,249.0,232.0,270.0,229.0,173.0,238.0,212.0,275.0,227.0,299.0,239.0,315.0,161.0,250.0,193.0,293.0,175.0,298.0,162.0,294.0,149.0,267.0,175.0,298.0,163.0,302.0,152.0,297.0
P,day1,1787865506.6112213,28,102.0,302.0,136.0,289.0,174.0,275.0,202.0,269.0,225.0,260.0,187.0,238.0,226.0,240.0,249.0,236.0,269.0,233.0,177.0,241.0,214.0,277.0,229.0,300.0,240.0,317.0,165.0,252.0,194.0,295.0,176.0,300.0,164.0,295.0,154.0,268.0,178.0,300.0,164.0,304.0,153.0,298.0
P,day1,1787865506.7340143,29,110.0,299.0,143.0,285.0,180.0,273.0,208.0,269.0,230.0,262.0,194.0,239.0,231.0,242.0,254.0,239.0,274.0,237.0,184.0,243.0,218.0,277.0,232.0,301.0,244.0,318.0,172.0,254.0,199.0,293.0,182.0,297.0,169.0,293.0,161.0,270.0,184.0,298.0,171.0,301.0,161.0,295.0
P,day1,1787865506.8359332,30,116.0,292.0,152.0,282.0,188.0,271.0,213.0,266.0,235.0,260.0,201.0,237.0,237.0,240.0,260.0,237.0,279.0,235.0,190.0,239.0,223.0,275.0,237.0,299.0,248.0,317.0,177.0,248.0,203.0,291.0,185.0,294.0,172.0,288.0,164.0,262.0,185.0,294.0,173.0,297.0,162.0,291.0
P,day1,1787865506.960456,31,123.0,294.0,160.0,284.0,190.0,272.0,213.0,266.0,235.0,259.0,203.0,236.0,236.0,238.0,258.0,237.0,278.0,236.0,188.0,237.0,218.0,275.0,231.0,303.0,242.0,322.0,171.0,248.0,197.0,290.0,182.0,295.0,169.0,289.0,155.0,263.0,177.0,295.0,168.0,298.0,158.0,291.0
P,day1,1787865507.0676365,32,124.0,300.0,161.0,289.0,189.0,275.0,211.0,268.0,231.0,260.0,199.0,237.0,230.0,237.0,251.0,235.0,271.0,234.0,183.0,237.0,212.0,277.0,225.0,305.0,235.0,325.0,166.0,248.0,191.0,292.0,177.0,297.0,165.0,292.0,149.0,263.0,171.0,297.0,163.0,302.0,154.0,295.0
P,day1,1787865507.2026072,33,124.0,303.0,159.0,288.0,185.0,272.0,204.0,264.0,223.0,257.0,193.0,236.0,220.0,234.0,239.0,232.0,258.0,230.0,175.0,236.0,204.0,278.0,216.0,308.0,225.0,328.0,157.0,247.0,182.0,292.0,170.0,298.0,159.0,292.0,139.0,263.0,162.0,297.0,155.0,301.0,146.0,294.0
P,day1,1787865507.3145466,34,128.0,301.0,159.0,286.0,182.0,270.0,199.0,262.0,215.0,253.0,188.0,231.0,214.0,230.0,233.0,227.0,253.0,225.0,168.0,230.0,197.0,272.0,211.0,302.0,221.0,323.0,149.0,242.0,175.0,287.0,164.0,295.0,153.0,292.0,131.0,260.0,153.0,293.0,148.0,298.0,139.0,292.0
P,day1,1787865507.4317374,35,132.0,299.0,162.0,288.0,184.0,273.0,200.0,264.0,213.0,253.0,188.0,233.0,212.0,231.0,231.0,227.0,249.0,225.0,169.0,231.0,198.0,273.0,210.0,304.0,218.0,325.0,150.0,243.0,174.0,288.0,166.0,297.0,156.0,295.0,130.0,260.0,152.0,294.0,149.0,301.0,140.0,296.0
P,day1,1787865507.5343244,36,134.0,299.0,162.0,288.0,183.0,273.0,197.0,263.0,210.0,252.0,186.0,234.0,210.0,231.0,228.0,226.0,246.0,223.0,167.0,232.0,197.0,274.0,208.0,303.0,214.0,323.0,148.0,242.0,172.0,287.0,163.0,293.0,153.0,289.0,128.0,259.0,150.0,292.0,147.0,297.0,139.0,292.0
P,day1,1787865507.6315844,37,134.0,300.0,162.0,290.0,183.0,275.0,198.0,264.0,211.0,251.0,186.0,234.0,211.0,231.0,229.0,226.0,248.0,222.0,168.0,231.0,197.0,272.0,210.0,302.0,218.0,322.0,149.0,242.0,173.0,286.0,164.0,295.0,154.0,295.0,130.0,258.0,151.0,292.0,148.0,300.0,139.0,296.0
P,day1,1787865507.752484,38,130.0,299.0,161.0,289.0,184.0,273.0,200.0,262.0,216.0,251.0,189.0,233.0,215.0,229.0,235.0,225.0,254.0,221.0,171.0,231.0,201.0,267.0,216.0,297.0,225.0,318.0,152.0,242.0,178.0,284.0,171.0,297.0,160.0,299.0,134.0,258.0,158.0,290.0,154.0,300.0,145.0,298.0
P,day1,1787865507.8609498,39,116.0,300.0,153.0,290.0,181.0,273.0,201.0,260.0,221.0,245.0,185.0,230.0,219.0,226.0,241.0,220.0,261.0,215.0,169.0,230.0,207.0,263.0,225.0,290.0,237.0,309.0,154.0,242.0,189.0,281.0,175.0,293.0,162.0,292.0,140.0,258.0,169.0,289.0,161.0,298.0,149.0,294.0
P,day1,1787865507.9586594,40,112.0,300.0,150.0,290.0,181.0,272.0,203.0,260.0,224.0,246.0,185.0,230.0,221.0,225.0,244.0,220.0,264.0,216.0,171.0,231.0,211.0,263.0,229.0,289.0,242.0,307.0,156.0,242.0,192.0,282.0,176.0,293.0,161.0,291.0,144.0,258.0,173.0,290.0,163.0,299.0,152.0,295.0
P,day1,1787865508.111022,41,108.0,301.0,146.0,289.0,179.0,272.0,202.0,261.0,224.0,247.0,185.0,230.0,222.0,227.0,245.0,222.0,265.0,218.0,174.0,232.0,214.0,264.0,231.0,288.0,244.0,306.0,161.0,243.0,196.0,283.0,179.0,293.0,164.0,292.0,149.0,259.0,178.0,290.0,166.0,298.0,154.0,296.0
P,day1,1787865508.2414014,42,103.0,304.0,136.0,288.0,171.0,270.0,198.0,261.0,219.0,249.0,179.0,232.0,218.0,228.0,240.0,222.0,260.0,217.0,171.0,235.0,212.0,264.0,229.0,286.0,242.0,302.0,161.0,245.0,195.0,284.0,178.0,293.0,164.0,291.0,152.0,261.0,180.0,291.0,166.0,298.0,155.0,295.0
P,day1,1787865508.356779,43,92.0,308.0,119.0,286.0,155.0,266.0,186.0,256.0,210.0,246.0,164.0,232.0,206.0,227.0,229.0,220.0,249.0,215.0,158.0,239.0,202.0,265.0,221.0,286.0,234.0,301.0,152.0,252.0,188.0,285.0,174.0,294.0,161.0,294.0,146.0,270.0,174.0,294.0,163.0,301.0,153.0,298.0
P,day1,1787865508.4558418,44,90.0,307.0,125.0,291.0,159.0,272.0,185.0,261.0,208.0,250.0,167.0,233.0,206.0,230.0,230.0,224.0,250.0,219.0,156.0,238.0,196.0,271.0,215.0,295.0,230.0,313.0,144.0,251.0,180.0,290.0,163.0,297.0,148.0,295.0,132.0,268.0,161.0,298.0,150.0,303.0,138.0,299.0
P,day1,1787865508.57664,45,88.0,309.0,125.0,293.0,159.0,275.0,185.0,267.0,209.0,257.0,169.0,235.0,206.0,233.0,229.0,229.0,251.0,226.0,154.0,239.0,194.0,276.0,211.0,303.0,225.0,323.0,139.0,252.0,174.0,294.0,156.0,298.0,141.0,292.0,124.0,269.0,154.0,302.0,142.0,305.0,131.0,297.0
P,day1,1787865508.6674805,46,91.0,306.0,128.0,289.0,158.0,273.0,182.0,266.0,204.0,257.0,167.0,234.0,202.0,232.0,224.0,229.0,245.0,227.0,150.0,236.0,187.0,274.0,202.0,303.0,214.0,322.0,133.0,248.0,165.0,290.0,151.0,296.0,138.0,290.0,116.0,265.0,144.0,298.0,137.0,301.0,127.0,294.0
P,day1,1787865508.7800512,47,98.0,301.0,133.0,284.0,161.0,269.0,182.0,265.0,202.0,259.0,169.0,232.0,200.0,234.0,222.0,234.0,242.0,235.0,150.0,233.0,181.0,278.0,193.0,309.0,203.0,330.0,131.0,247.0,158.0,293.0,146.0,296.0,134.0,288.0,112.0,264.0,139.0,300.0,133.0,301.0,124.0,292.0
P,day1,1787865508.895071,48,103.0,295.0,137.0,282.0,164.0,269.0,184.0,264.0,202.0,256.0,172.0,231.0,200.0,233.0,221.0,232.0,243.0,232.0,153.0,231.0,182.0,275.0,195.0,306.0,205.0,328.0,134.0,243.0,158.0,291.0,146.0,294.0,135.0,288.0,116.0,261.0,139.0,298.0,131.0,299.0,122.0,290.0
P,day1,1787865509.0068393,49,111.0,297.0,142.0,283.0,167.0,267.0,185.0,259.0,200.0,250.0,173.0,230.0,198.0,227.0,218.0,223.0,238.0,219.0,153.0,230.0,183.0,271.0,197.0,301.0,207.0,322.0,133.0,242.0,161.0,289.0,151.0,296.0,141.0,292.0,115.0,260.0,139.0,295.0,134.0,298.0,125.0,291.0
P,day1,1787865509.1188154,50,122.0,311.0,153.0,298.0,172.0,277.0,182.0,257.0,193.0,238.0,167.0,233.0,190.0,219.0,207.0,206.0,224.0,194.0,146.0,231.0,180.0,258.0,197.0,286.0,208.0,307.0,129.0,242.0,162.0,281.0,154.0,296.0,143.0,298.0,113.0,260.0,141.0,292.0,137.0,301.0,128.0,299.0
P,day1,1787865509.2294502,51,116.0,320.0,151.0,304.0,171.0,280.0,180.0,259.0,190.0,238.0,162.0,238.0,186.0,219.0,203.0,204.0,219.0,190.0,143.0,235.0,179.0,257.0,202.0,281.0,216.0,298.0,127.0,246.0,165.0,280.0,159.0,302.0,149.0,310.0,114.0,263.0,145.0,291.0,141.0,306.0,131.0,308.0
P,day1,1787865509.3228886,52,117.0,322.0,153.0,305.0,173.0,280.0,181.0,259.0,191.0,237.0,163.0,237.0,187.0,217.0,202.0,201.0,217.0,187.0,143.0,236.0,181.0,254.0,203.0,277.0,217.0,293.0,127.0,246.0,167.0,278.0,162.0,301.0,153.0,309.0,114.0,263.0,147.0,289.0,145.0,304.0,136.0,307.0
P,day1,1787865509.4089837,53,112.0,324.0,150.0,306.0,172.0,283.0,183.0,264.0,196.0,244.0,168.0,240.0,195.0,225.0,212.0,212.0,228.0,201.0,149.0,239.0,185.0,264.0,205.0,289.0,217.0,307.0,133.0,250.0,168.0,285.0,162.0,304.0,151.0,310.0,118.0,268.0,149.0,296.0,147.0,310.0,137.0,311.0
P,day1,1787865509.4915533,54,108.0,321.0,142.0,301.0,169.0,283.0,188.0,275.0,203.0,268.0,177.0,245.0,204.0,244.0,223.0,242.0,243.0,240.0,158.0,247.0,187.0,292.0,200.0,320.0,211.0,339.0,138.0,262.0,162.0,308.0,152.0,310.0,142.0,302.0,120.0,282.0,139.0,319.0,133.0,319.0,126.0,310.0
P,day1,1787865509.5941,55,101.0,308.0,136.0,295.0,165.0,287.0,187.0,289.0,204.0,289.0,176.0,255.0,206.0,263.0,227.0,269.0,246.0,275.0,157.0,257.0,185.0,304.0,194.0,335.0,202.0,355.0,137.0,269.0,160.0,315.0,150.0,314.0,140.0,305.0,117.0,286.0,139.0,322.0,135.0,320.0,128.0,309.0
P,day1,1787865509.6943533,56,97.0,296.0,130.0,288.0,162.0,282.0,186.0,282.0,208.0,278.0,174.0,249.0,204.0,255.0,227.0,258.0,247.0,262.0,157.0,250.0,186.0,295.0,197.0,327.0,206.0,348.0,138.0,262.0,161.0,309.0,147.0,308.0,136.0,297.0,118.0,278.0,139.0,315.0,130.0,314.0,122.0,303.0
P,day1,1787865509.798692,57,88.0,285.0,120.0,273.0,158.0,268.0,187.0,271.0,211.0,269.0,174.0,240.0,211.0,249.0,236.0,250.0,257.0,251.0,161.0,246.0,193.0,288.0,206.0,315.0,215.0,335.0,145.0,260.0,172.0,302.0,157.0,301.0,145.0,293.0,128.0,277.0,152.0,309.0,143.0,307.0,134.0,299.0
P,day1,1787865509.9010646,58,82.0,292.0,113.0,275.0,152.0,266.0,183.0,268.0,208.0,266.0,166.0,238.0,209.0,245.0,234.0,245.0,254.0,244.0,160.0,245.0,194.0,282.0,208.0,305.0,219.0,322.0,150.0,259.0,177.0,300.0,162.0,303.0,150.0,298.0,141.0,277.0,161.0,308.0,150.0,308.0,140.0,301.0
P,day1,1787865510.0023408,59,79.0,304.0,107.0,283.0,147.0,271.0,180.0,270.0,205.0,267.0,162.0,241.0,206.0,245.0,230.0,243.0,251.0,240.0,158.0,249.0,196.0,285.0,209.0,306.0,219.0,322.0,151.0,264.0,178.0,302.0,162.0,305.0,149.0,302.0,145.0,282.0,166.0,311.0,154.0,312.0,144.0,307.0
P,day1,1787865510.096843,60,78.0,313.0,108.0,292.0,149.0,278.0,182.0,275.0,206.0,272.0,162.0,243.0,206.0,245.0,229.0,242.0,250.0,238.0,158.0,249.0,198.0,286.0,211.0,307.0,222.0,322.0,153.0,263.0,180.0,303.0,162.0,308.0,150.0,305.0,147.0,281.0,169.0,310.0,155.0,313.0,144.0,309.0
P,day1,1787865510.184265,61,78.0,314.0,106.0,290.0,146.0,275.0,179.0,272.0,204.0,268.0,159.0,242.0,204.0,243.0,228.0,240.0,248.0,236.0,157.0,249.0,197.0,285.0,211.0,307.0,222.0,321.0,152.0,263.0,181.0,303.0,163.0,309.0,151.0,306.0,148.0,282.0,169.0,311.0,156.0,314.0,146.0,310.0
Q,day1,1787865546.0586286,0,128.0,279.0,160.0,290.0,191.0,300.0,208.0,317.0,217.0,334.0,220.0,262.0,245.0,292.0,257.0,309.0,268.0,322.0,211.0,261.0,232.0,306.0,216.0,308.0,206.0,298.0,198.0,267.0,214.0,310.0,197.0,311.0,189.0,300.0,184.0,276.0,197.0,311.0,185.0,313.0,178.0,306.0
Q,day1,1787865546.1792917,1,128.0,278.0,159.0,289.0,191.0,299.0,209.0,316.0,217.0,335.0,219.0,260.0,244.0,291.0,257.0,308.0,269.0,321.0,210.0,260.0,233.0,305.0,216.0,307.0,208.0,296.0,197.0,266.0,215.0,310.0,198.0,310.0,190.0,300.0,184.0,277.0,198.0,311.0,187.0,313.0,180.0,306.0
Q,day1,1787865546.2949965,2,128.0,277.0,160.0,289.0,191.0,298.0,208.0,315.0,217.0,334.0,218.0,258.0,243.0,289.0,256.0,306.0,268.0,318.0,210.0,257.0,232.0,302.0,215.0,304.0,207.0,293.0,197.0,263.0,214.0,307.0,197.0,307.0,189.0,297.0,183.0,272.0,196.0,307.0,185.0,310.0,178.0,303.0
Q,day1,1787865546.42336,3,129.0,275.0,162.0,290.0,191.0,299.0,208.0,314.0,218.0,332.0,219.0,257.0,243.0,288.0,256.0,305.0,268.0,317.0,210.0,256.0,232.0,302.0,215.0,304.0,205.0,294.0,197.0,262.0,214.0,306.0,196.0,307.0,186.0,297.0,183.0,272.0,197.0,307.0,186.0,312.0,180.0,306.0
Q,day1,1787865546.5239031,4,130.0,274.0,162.0,287.0,192.0,296.0,208.0,314.0,217.0,334.0,220.0,257.0,244.0,289.0,257.0,306.0,269.0,318.0,210.0,257.0,231.0,302.0,215.0,303.0,205.0,292.0,196.0,263.0,213.0,306.0,196.0,306.0,187.0,296.0,181.0,273.0,195.0,306.0,184.0,308.0,177.0,301.0
Q,day1,1787865546.6474748,5,130.0,275.0,162.0,286.0,192.0,295.0,208.0,313.0,217.0,333.0,220.0,258.0,244.0,289.0,257.0,307.0,269.0,320.0,210.0,257.0,230.0,302.0,213.0,303.0,204.0,293.0,196.0,263.0,213.0,306.0,195.0,305.0,185.0,295.0,181.0,272.0,196.0,305.0,184.0,308.0,176.0,301.0
Q,day1,1787865546.7741685,6,132.0,280.0,165.0,293.0,195.0,303.0,212.0,321.0,220.0,341.0,222.0,263.0,245.0,293.0,259.0,311.0,271.0,324.0,209.0,261.0,229.0,306.0,213.0,307.0,205.0,296.0,192.0,266.0,211.0,309.0,195.0,308.0,187.0,297.0,175.0,274.0,192.0,307.0,181.0,308.0,174.0,299.0
Q,day1,1787865546.9080062,7,129.0,285.0,162.0,299.0,192.0,308.0,209.0,324.0,220.0,343.0,216.0,264.0,240.0,294.0,254.0,310.0,266.0,323.0,204.0,263.0,225.0,306.0,210.0,309.0,201.0,300.0,189.0,269.0,209.0,310.0,193.0,311.0,183.0,301.0,173.0,278.0,190.0,310.0,179.0,312.0,171.0,305.0
Q,day1,1787865547.0221765,8,127.0,285.0,161.0,300.0,190.0,309.0,207.0,325.0,218.0,343.0,214.0,265.0,238.0,295.0,251.0,312.0,263.0,325.0,202.0,264.0,224.0,307.0,208.0,311.0,199.0,303.0,187.0,269.0,208.0,311.0,191.0,313.0,182.0,304.0,172.0,279.0,190.0,311.0,179.0,315.0,171.0,307.0
Q,day1,1787865547.1339638,9,128.0,282.0,161.0,296.0,191.0,307.0,206.0,326.0,215.0,345.0,218.0,267.0,242.0,299.0,254.0,317.0,265.0,332.0,206.0,266.0,224.0,312.0,209.0,313.0,201.0,302.0,190.0,271.0,207.0,316.0,191.0,315.0,184.0,304.0,173.0,279.0,188.0,315.0,178.0,316.0,172.0,308.0
Q,day1,1787865547.24503,10,137.0,269.0,167.0,279.0,197.0,294.0,210.0,319.0,214.0,342.0,227.0,265.0,246.0,302.0,256.0,322.0,265.0,338.0,215.0,264.0,228.0,313.0,213.0,311.0,207.0,300.0,199.0,268.0,211.0,314.0,195.0,310.0,190.0,299.0,182.0,275.0,194.0,312.0,183.0,310.0,178.0,300.0
Q,day1,1787865547.3736796,11,146.0,255.0,176.0,259.0,205.0,279.0,213.0,309.0,214.0,335.0,236.0,259.0,250.0,303.0,257.0,326.0,265.0,345.0,222.0,261.0,229.0,313.0,216.0,307.0,212.0,294.0,204.0,265.0,210.0,312.0,198.0,304.0,195.0,291.0,184.0,270.0,194.0,307.0,186.0,304.0,183.0,293.0
Q,day1,1787865547.4822567,12,163.0,247.0,194.0,256.0,219.0,284.0,222.0,318.0,218.0,342.0,250.0,270.0,258.0,315.0,262.0,338.0,265.0,357.0,235.0,271.0,236.0,325.0,222.0,321.0,219.0,311.0,216.0,273.0,216.0,322.0,205.0,314.0,203.0,300.0,195.0,277.0,199.0,316.0,191.0,310.0,189.0,298.0
Q,day1,1787865547.5991392,13,166.0,248.0,197.0,257.0,220.0,284.0,223.0,317.0,220.0,344.0,252.0,272.0,259.0,318.0,262.0,341.0,265.0,361.0,237.0,272.0,237.0,327.0,224.0,323.0,220.0,313.0,217.0,274.0,217.0,325.0,206.0,317.0,203.0,304.0,196.0,278.0,199.0,318.0,191.0,313.0,189.0,300.0
Q,day1,1787865547.7113225,14,166.0,248.0,196.0,259.0,220.0,288.0,222.0,324.0,218.0,352.0,251.0,273.0,259.0,319.0,261.0,344.0,263.0,363.0,236.0,273.0,235.0,329.0,221.0,321.0,219.0,307.0,216.0,275.0,215.0,326.0,204.0,315.0,202.0,301.0,195.0,278.0,197.0,319.0,190.0,312.0,188.0,299.0
Q,day1,1787865547.8237996,15,163.0,249.0,193.0,260.0,217.0,291.0,219.0,327.0,216.0,356.0,245.0,273.0,252.0,318.0,255.0,342.0,257.0,362.0,227.0,270.0,225.0,328.0,212.0,319.0,211.0,304.0,205.0,271.0,203.0,322.0,192.0,310.0,192.0,296.0,183.0,272.0,186.0,314.0,180.0,307.0,179.0,293.0
Q,day1,1787865547.9399912,16,160.0,255.0,190.0,265.0,214.0,292.0,216.0,327.0,215.0,354.0,242.0,270.0,250.0,313.0,253.0,338.0,256.0,360.0,223.0,266.0,222.0,324.0,210.0,315.0,209.0,301.0,200.0,265.0,200.0,319.0,190.0,309.0,190.0,295.0,177.0,268.0,182.0,313.0,176.0,309.0,174.0,296.0
Q,day1,1787865548.0606954,17,155.0,270.0,184.0,284.0,206.0,304.0,209.0,331.0,209.0,354.0,233.0,268.0,240.0,307.0,241.0,332.0,243.0,354.0,212.0,259.0,210.0,317.0,198.0,312.0,196.0,300.0,187.0,259.0,187.0,311.0,178.0,304.0,179.0,290.0,165.0,261.0,168.0,305.0,165.0,303.0,164.0,291.0
Q,day1,1787865548.1985884,18,165.0,268.0,191.0,284.0,209.0,305.0,212.0,334.0,215.0,356.0,231.0,270.0,240.0,314.0,244.0,338.0,249.0,359.0,211.0,263.0,212.0,319.0,202.0,313.0,203.0,303.0,188.0,263.0,190.0,315.0,183.0,305.0,184.0,291.0,168.0,265.0,172.0,307.0,169.0,300.0,170.0,286.0
Q,day1,1787865548.3278751,19,167.0,269.0,193.0,285.0,210.0,305.0,214.0,333.0,216.0,358.0,231.0,267.0,241.0,309.0,246.0,334.0,251.0,357.0,212.0,261.0,214.0,317.0,203.0,313.0,201.0,301.0,189.0,262.0,192.0,315.0,184.0,306.0,184.0,293.0,168.0,266.0,173.0,307.0,170.0,302.0,169.0,289.0
Q,day1,1787865548.420226,20,166.0,269.0,191.0,283.0,211.0,301.0,216.0,329.0,219.0,353.0,232.0,264.0,243.0,301.0,251.0,324.0,259.0,344.0,214.0,259.0,219.0,314.0,206.0,310.0,203.0,298.0,192.0,261.0,196.0,312.0,186.0,305.0,183.0,292.0,172.0,266.0,177.0,306.0,172.0,304.0,169.0,293.0
Q,day1,1787865548.5482764,21,154.0,259.0,181.0,269.0,207.0,290.0,216.0,321.0,220.0,348.0,231.0,262.0,245.0,300.0,254.0,323.0,264.0,343.0,214.0,259.0,226.0,313.0,211.0,311.0,206.0,299.0,193.0,262.0,203.0,312.0,191.0,307.0,188.0,293.0,173.0,267.0,186.0,309.0,178.0,305.0,173.0,292.0
Q,day1,1787865548.6794767,22,141.0,264.0,168.0,274.0,196.0,289.0,209.0,313.0,214.0,335.0,227.0,261.0,245.0,298.0,256.0,316.0,266.0,331.0,216.0,261.0,229.0,309.0,213.0,306.0,206.0,294.0,201.0,265.0,211.0,310.0,194.0,306.0,188.0,294.0,184.0,273.0,194.0,307.0,184.0,305.0,178.0,296.0
Q,day1,1787865548.8060966,23,134.0,270.0,161.0,286.0,190.0,299.0,205.0,317.0,212.0,335.0,221.0,261.0,241.0,295.0,252.0,314.0,261.0,328.0,213.0,260.0,229.0,307.0,213.0,308.0,206.0,297.0,201.0,265.0,215.0,309.0,199.0,308.0,191.0,298.0,186.0,274.0,199.0,308.0,188.0,310.0,181.0,303.0
Q,day1,1787865548.927656,24,132.0,274.0,161.0,289.0,189.0,302.0,204.0,320.0,208.0,336.0,220.0,263.0,239.0,297.0,250.0,314.0,259.0,328.0,213.0,262.0,228.0,310.0,212.0,311.0,205.0,300.0,201.0,268.0,215.0,312.0,199.0,312.0,190.0,304.0,188.0,277.0,202.0,312.0,196.0,322.0,192.0,325.0
Q,day1,1787865549.0237322,25,129.0,275.0,158.0,291.0,186.0,303.0,200.0,321.0,205.0,338.0,216.0,264.0,236.0,298.0,247.0,317.0,257.0,330.0,211.0,264.0,227.0,312.0,209.0,314.0,200.0,303.0,202.0,270.0,214.0,315.0,196.0,315.0,186.0,305.0,191.0,280.0,201.0,315.0,188.0,317.0,180.0,311.0
Q,day1,1787865549.1316059,26,127.0,277.0,156.0,293.0,182.0,305.0,197.0,322.0,203.0,338.0,212.0,263.0,231.0,297.0,241.0,315.0,249.0,328.0,210.0,263.0,226.0,311.0,208.0,313.0,198.0,304.0,203.0,270.0,214.0,314.0,195.0,314.0,185.0,305.0,194.0,280.0,200.0,314.0,186.0,317.0,179.0,312.0
Q,day1,1787865549.2448452,27,129.0,277.0,155.0,287.0,180.0,299.0,193.0,320.0,198.0,338.0,212.0,263.0,230.0,297.0,240.0,314.0,249.0,326.0,212.0,264.0,225.0,311.0,207.0,312.0,197.0,302.0,206.0,271.0,216.0,315.0,196.0,314.0,186.0,304.0,198.0,281.0,202.0,316.0,188.0,317.0,180.0,311.0
Q,day1,1787865549.3863757,28,128.0,277.0,154.0,284.0,180.0,296.0,192.0,319.0,198.0,339.0,210.0,263.0,228.0,297.0,239.0,315.0,248.0,328.0,210.0,265.0,224.0,312.0,206.0,314.0,196.0,304.0,205.0,273.0,214.0,316.0,195.0,315.0,185.0,306.0,197.0,283.0,200.0,317.0,186.0,319.0,179.0,314.0
Q,day1,1787865549.4888415,29,126.0,278.0,152.0,288.0,178.0,300.0,192.0,321.0,198.0,339.0,210.0,264.0,229.0,298.0,239.0,316.0,248.0,329.0,210.0,265.0,226.0,311.0,207.0,314.0,197.0,305.0,205.0,272.0,216.0,316.0,196.0,316.0,187.0,307.0,196.0,283.0,201.0,317.0,187.0,319.0,179.0,314.0
Q,day1,1787865549.6051395,30,126.0,278.0,154.0,285.0,181.0,296.0,196.0,318.0,201.0,336.0,211.0,264.0,230.0,298.0,241.0,315.0,249.0,328.0,210.0,265.0,227.0,311.0,209.0,314.0,198.0,305.0,204.0,272.0,216.0,316.0,197.0,316.0,186.0,309.0,194.0,283.0,201.0,317.0,188.0,322.0,180.0,319.0
Q,day1,1787865549.7191489,31,127.0,278.0,156.0,285.0,185.0,296.0,200.0,316.0,206.0,336.0,213.0,262.0,234.0,295.0,246.0,312.0,257.0,325.0,208.0,263.0,227.0,309.0,211.0,310.0,202.0,299.0,199.0,271.0,215.0,313.0,197.0,313.0,188.0,304.0,188.0,281.0,200.0,315.0,190.0,319.0,183.0,316.0
Q,day1,1787865549.8467376,32,127.0,277.0,158.0,291.0,187.0,299.0,204.0,312.0,215.0,328.0,212.0,253.0,236.0,281.0,249.0,297.0,260.0,309.0,206.0,252.0,230.0,293.0,214.0,297.0,203.0,289.0,197.0,258.0,216.0,298.0,200.0,301.0,190.0,295.0,186.0,268.0,201.0,301.0,196.0,311.0,192.0,312.0
Q,day1,1787865549.9731905,33,125.0,278.0,161.0,290.0,190.0,295.0,208.0,307.0,220.0,323.0,208.0,246.0,235.0,272.0,250.0,288.0,263.0,299.0,201.0,244.0,230.0,282.0,213.0,289.0,201.0,282.0,192.0,250.0,216.0,286.0,199.0,292.0,188.0,285.0,182.0,261.0,201.0,289.0,189.0,295.0,180.0,289.0
Q,day1,1787865550.0596876,34,124.0,277.0,160.0,289.0,190.0,293.0,207.0,305.0,219.0,320.0,207.0,243.0,234.0,269.0,249.0,285.0,261.0,296.0,199.0,242.0,227.0,279.0,212.0,286.0,200.0,280.0,189.0,248.0,214.0,283.0,198.0,290.0,187.0,284.0,178.0,259.0,200.0,286.0,189.0,293.0,180.0,288.0
Q,day1,1787865550.1812162,35,122.0,273.0,158.0,285.0,189.0,289.0,207.0,301.0,220.0,318.0,204.0,240.0,232.0,265.0,246.0,280.0,259.0,291.0,196.0,238.0,224.0,274.0,208.0,282.0,196.0,277.0,186.0,244.0,211.0,278.0,195.0,286.0,183.0,281.0,175.0,255.0,197.0,281.0,187.0,287.0,177.0,283.0
Q,day1,1787865550.2941754,36,122.0,271.0,159.0,281.0,186.0,284.0,205.0,294.0,220.0,309.0,199.0,233.0,228.0,256.0,244.0,271.0,258.0,281.0,191.0,231.0,223.0,264.0,206.0,273.0,193.0,267.0,182.0,236.0,209.0,269.0,192.0,278.0,181.0,272.0,171.0,247.0,193.0,272.0,182.0,279.0,172.0,275.0
Q,day1,1787865550.395038,37,121.0,268.0,157.0,278.0,186.0,280.0,204.0,291.0,218.0,305.0,197.0,230.0,226.0,253.0,243.0,267.0,257.0,277.0,189.0,227.0,221.0,260.0,204.0,271.0,191.0,266.0,179.0,233.0,206.0,265.0,190.0,275.0,178.0,270.0,169.0,244.0,190.0,268.0,180.0,275.0,170.0,271.0
Q,day1,1787865550.5156558,38,118.0,264.0,155.0,273.0,183.0,275.0,202.0,285.0,216.0,300.0,194.0,225.0,224.0,247.0,240.0,261.0,254.0,271.0,186.0,221.0,218.0,254.0,201.0,264.0,189.0,259.0,176.0,227.0,203.0,259.0,187.0,269.0,176.0,263.0,165.0,238.0,187.0,262.0,176.0,270.0,166.0,265.0
Q,day1,1787865550.630581,39,116.0,258.0,152.0,267.0,180.0,269.0,199.0,278.0,215.0,292.0,190.0,220.0,219.0,240.0,236.0,253.0,251.0,262.0,182.0,216.0,214.0,247.0,197.0,259.0,184.0,257.0,173.0,220.0,199.0,251.0,183.0,263.0,172.0,259.0,163.0,230.0,185.0,253.0,175.0,262.0,166.0,258.0
Q,day1,1787865550.7385907,40,117.0,255.0,152.0,266.0,180.0,269.0,198.0,278.0,214.0,292.0,190.0,220.0,219.0,241.0,236.0,254.0,251.0,263.0,183.0,215.0,214.0,246.0,196.0,259.0,183.0,256.0,173.0,218.0,199.0,250.0,181.0,261.0,170.0,256.0,163.0,228.0,183.0,250.0,172.0,259.0,163.0,254.0
Q,day1,1787865550.8530076,41,117.0,253.0,151.0,265.0,179.0,268.0,196.0,280.0,210.0,295.0,195.0,222.0,222.0,246.0,236.0,261.0,248.0,271.0,187.0,217.0,213.0,252.0,196.0,262.0,183.0,258.0,175.0,221.0,197.0,254.0,181.0,264.0,170.0,260.0,162.0,230.0,181.0,254.0,172.0,263.0,163.0,260.0
Q,day1,1787865550.9840927,42,129.0,230.0,162.0,245.0,187.0,255.0,200.0,273.0,209.0,291.0,213.0,216.0,230.0,248.0,239.0,265.0,248.0,279.0,201.0,212.0,216.0,253.0,200.0,257.0,191.0,249.0,185.0,214.0,197.0,253.0,182.0,254.0,174.0,246.0,168.0,220.0,180.0,248.0,170.0,250.0,164.0,242.0
Q,day1,1787865551.082413,43,137.0,225.0,167.0,241.0,191.0,253.0,202.0,272.0,210.0,291.0,218.0,216.0,234.0,249.0,242.0,267.0,249.0,281.0,207.0,212.0,220.0,253.0,205.0,256.0,197.0,249.0,191.0,213.0,202.0,251.0,187.0,252.0,180.0,243.0,174.0,218.0,183.0,246.0,173.0,247.0,168.0,238.0
Q,day1,1787865551.1847777,44,143.0,221.0,172.0,237.0,194.0,250.0,204.0,270.0,210.0,289.0,224.0,216.0,236.0,249.0,242.0,267.0,249.0,282.0,212.0,211.0,221.0,252.0,205.0,253.0,199.0,244.0,195.0,210.0,203.0,249.0,188.0,248.0,183.0,238.0,178.0,213.0,185.0,243.0,176.0,243.0,172.0,234.0
Q,day1,1787865551.3119283,45,146.0,218.0,173.0,236.0,194.0,248.0,203.0,267.0,209.0,286.0,224.0,215.0,236.0,247.0,242.0,265.0,248.0,280.0,213.0,209.0,222.0,250.0,206.0,251.0,199.0,243.0,197.0,208.0,205.0,247.0,189.0,248.0,183.0,238.0,180.0,211.0,187.0,240.0,177.0,241.0,173.0,233.0
Q,day1,1787865551.4314408,46,148.0,219.0,175.0,239.0,195.0,251.0,204.0,270.0,210.0,288.0,224.0,217.0,236.0,249.0,242.0,267.0,248.0,281.0,214.0,210.0,222.0,250.0,207.0,252.0,200.0,244.0,198.0,210.0,205.0,247.0,190.0,248.0,185.0,239.0,181.0,212.0,188.0,240.0,179.0,242.0,175.0,234.0
Q,day1,1787865551.5550928,47,149.0,226.0,174.0,246.0,195.0,259.0,204.0,277.0,211.0,294.0,224.0,224.0,237.0,255.0,243.0,273.0,249.0,286.0,215.0,218.0,225.0,257.0,210.0,260.0,203.0,252.0,200.0,217.0,208.0,253.0,194.0,255.0,189.0,246.0,183.0,220.0,191.0,247.0,182.0,250.0,178.0,242.0
Q,day1,1787865551.6781042,48,154.0,237.0,179.0,252.0,199.0,264.0,208.0,283.0,214.0,301.0,226.0,230.0,237.0,260.0,244.0,277.0,249.0,291.0,215.0,223.0,223.0,260.0,209.0,264.0,203.0,257.0,198.0,221.0,206.0,256.0,193.0,259.0,188.0,251.0,181.0,224.0,189.0,250.0,181.0,253.0,176.0,247.0
Q,day1,1787865551.7844985,49,169.0,247.0,192.0,258.0,209.0,269.0,215.0,288.0,217.0,308.0,234.0,234.0,241.0,263.0,247.0,281.0,252.0,296.0,220.0,226.0,223.0,265.0,209.0,272.0,203.0,268.0,202.0,224.0,205.0,261.0,194.0,266.0,190.0,258.0,184.0,225.0,189.0,253.0,183.0,259.0,180.0,252.0
Q,day1,1787865551.8899715,50,171.0,249.0,193.0,258.0,210.0,270.0,217.0,290.0,218.0,309.0,234.0,235.0,241.0,263.0,245.0,281.0,250.0,296.0,219.0,227.0,222.0,266.0,209.0,274.0,203.0,271.0,201.0,225.0,203.0,262.0,193.0,265.0,190.0,257.0,184.0,226.0,187.0,255.0,182.0,259.0,180.0,251.0
Q,day1,1787865551.9762728,51,174.0,251.0,196.0,260.0,212.0,271.0,217.0,291.0,216.0,311.0,236.0,237.0,241.0,264.0,244.0,283.0,248.0,298.0,221.0,228.0,221.0,267.0,208.0,274.0,203.0,270.0,203.0,226.0,201.0,263.0,192.0,266.0,190.0,258.0,184.0,226.0,185.0,255.0,181.0,259.0,180.0,251.0
Q,day1,1787865552.0724251,52,172.0,253.0,194.0,261.0,212.0,272.0,217.0,294.0,216.0,315.0,237.0,239.0,243.0,269.0,246.0,288.0,249.0,304.0,222.0,232.0,222.0,272.0,208.0,277.0,204.0,272.0,204.0,230.0,202.0,270.0,193.0,271.0,191.0,261.0,186.0,231.0,187.0,262.0,182.0,264.0,181.0,255.0
Q,day1,1787865552.1961849,53,167.0,253.0,189.0,262.0,208.0,273.0,216.0,295.0,219.0,315.0,233.0,240.0,242.0,271.0,247.0,290.0,254.0,305.0,219.0,232.0,222.0,275.0,207.0,280.0,203.0,273.0,200.0,231.0,203.0,272.0,192.0,273.0,189.0,264.0,182.0,233.0,188.0,265.0,182.0,267.0,179.0,258.0
Q,day1,1787865552.30831,54,159.0,256.0,182.0,269.0,203.0,278.0,213.0,296.0,220.0,315.0,229.0,239.0,241.0,269.0,249.0,287.0,257.0,303.0,216.0,233.0,224.0,273.0,209.0,279.0,202.0,275.0,199.0,233.0,206.0,272.0,192.0,276.0,185.0,270.0,181.0,237.0,190.0,267.0,181.0,272.0,175.0,266.0
Q,day1,1787865552.4141922,55,151.0,261.0,177.0,274.0,199.0,283.0,212.0,298.0,220.0,315.0,221.0,241.0,238.0,267.0,248.0,283.0,255.0,296.0,211.0,234.0,227.0,270.0,211.0,280.0,201.0,277.0,197.0,235.0,210.0,269.0,196.0,277.0,188.0,271.0,181.0,240.0,191.0,265.0,183.0,271.0,177.0,267.0
Q,day1,1787865552.5266275,56,137.0,265.0,164.0,278.0,188.0,284.0,202.0,297.0,214.0,312.0,207.0,243.0,228.0,265.0,239.0,280.0,249.0,291.0,201.0,236.0,222.0,268.0,205.0,279.0,194.0,277.0,192.0,237.0,209.0,268.0,192.0,277.0,182.0,273.0,181.0,243.0,193.0,267.0,182.0,273.0,174.0,267.0
R,day1,1787865622.3248527,0,157.0,398.0,184.0,388.0,209.0,367.0,219.0,349.0,210.0,334.0,201.0,313.0,210.0,282.0,212.0,261.0,215.0,244.0,181.0,311.0,188.0,271.0,200.0,251.0,211.0,237.0,163.0,316.0,192.0,305.0,200.0,330.0,199.0,349.0,152.0,328.0,182.0,333.0,185.0,353.0,180.0,367.0
R,day1,1787865622.4336479,1,157.0,399.0,185.0,389.0,209.0,367.0,219.0,350.0,211.0,334.0,201.0,313.0,210.0,282.0,213.0,261.0,216.0,244.0,181.0,311.0,189.0,271.0,201.0,251.0,212.0,237.0,164.0,316.0,193.0,305.0,200.0,332.0,199.0,350.0,152.0,328.0,183.0,334.0,185.0,354.0,180.0,368.0
R,day1,1787865622.532607,2,160.0,402.0,188.0,392.0,213.0,370.0,223.0,352.0,214.0,336.0,206.0,316.0,215.0,284.0,218.0,264.0,220.0,246.0,186.0,313.0,194.0,274.0,207.0,254.0,217.0,239.0,168.0,317.0,196.0,306.0,202.0,333.0,201.0,351.0,155.0,329.0,185.0,335.0,188.0,355.0,184.0,369.0
R,day1,1787865622.641872,3,162.0,402.0,190.0,392.0,215.0,370.0,225.0,353.0,216.0,338.0,207.0,316.0,216.0,285.0,219.0,265.0,222.0,247.0,187.0,313.0,195.0,273.0,207.0,253.0,218.0,239.0,169.0,318.0,197.0,307.0,203.0,334.0,201.0,353.0,156.0,330.0,186.0,335.0,189.0,356.0,185.0,370.0
R,day1,1787865622.75453,4,163.0,403.0,191.0,393.0,216.0,372.0,225.0,355.0,217.0,339.0,210.0,317.0,219.0,286.0,222.0,266.0,226.0,249.0,190.0,314.0,198.0,274.0,210.0,255.0,221.0,241.0,172.0,319.0,197.0,309.0,203.0,335.0,203.0,354.0,159.0,332.0,186.0,335.0,192.0,355.0,190.0,369.0
R,day1,1787865622.857798,5,164.0,407.0,193.0,398.0,216.0,376.0,224.0,359.0,216.0,342.0,213.0,321.0,223.0,290.0,226.0,269.0,229.0,252.0,194.0,317.0,202.0,279.0,215.0,258.0,225.0,244.0,175.0,322.0,199.0,313.0,205.0,338.0,205.0,356.0,160.0,334.0,186.0,339.0,190.0,359.0,188.0,374.0
R,day1,1787865622.9788098,6,160.0,404.0,192.0,396.0,215.0,374.0,217.0,354.0,204.0,341.0,215.0,320.0,226.0,288.0,230.0,266.0,233.0,247.0,195.0,316.0,207.0,278.0,219.0,257.0,229.0,241.0,175.0,321.0,193.0,308.0,201.0,330.0,203.0,349.0,156.0,332.0,176.0,334.0,183.0,353.0,184.0,368.0
R,day1,1787865623.0819757,7,153.0,399.0,184.0,393.0,208.0,371.0,205.0,351.0,192.0,335.0,214.0,316.0,225.0,282.0,230.0,259.0,233.0,239.0,193.0,311.0,207.0,270.0,218.0,248.0,227.0,230.0,171.0,314.0,186.0,299.0,190.0,322.0,189.0,342.0,150.0,325.0,166.0,324.0,172.0,345.0,171.0,362.0
R,day1,1787865623.1878612,8,144.0,398.0,178.0,392.0,204.0,368.0,199.0,347.0,183.0,333.0,211.0,310.0,223.0,275.0,229.0,252.0,232.0,231.0,189.0,303.0,204.0,263.0,216.0,240.0,225.0,223.0,166.0,306.0,178.0,296.0,182.0,320.0,181.0,340.0,143.0,317.0,159.0,321.0,164.0,343.0,163.0,361.0
R,day1,1787865623.2836344,9,142.0,398.0,174.0,391.0,199.0,366.0,196.0,344.0,179.0,326.0,207.0,306.0,219.0,270.0,224.0,246.0,228.0,225.0,186.0,299.0,201.0,257.0,214.0,234.0,223.0,216.0,161.0,302.0,176.0,292.0,178.0,320.0,176.0,341.0,138.0,312.0,154.0,320.0,158.0,345.0,157.0,364.0
R,day1,1787865623.388637,10,139.0,396.0,173.0,388.0,199.0,363.0,193.0,340.0,181.0,319.0,205.0,302.0,217.0,266.0,222.0,241.0,225.0,220.0,183.0,296.0,198.0,254.0,210.0,230.0,218.0,213.0,159.0,300.0,173.0,286.0,178.0,311.0,177.0,332.0,136.0,311.0,154.0,313.0,158.0,337.0,157.0,356.0
R,day1,1787865623.5008612,11,141.0,393.0,177.0,384.0,206.0,358.0,206.0,335.0,195.0,315.0,205.0,298.0,218.0,261.0,224.0,236.0,228.0,214.0,182.0,292.0,196.0,248.0,210.0,224.0,221.0,206.0,159.0,295.0,180.0,279.0,187.0,308.0,187.0,331.0,139.0,307.0,162.0,310.0,167.0,335.0,165.0,353.0
R,day1,1787865623.5883758,12,150.0,391.0,182.0,379.0,212.0,351.0,225.0,328.0,212.0,312.0,201.0,287.0,213.0,250.0,217.0,224.0,220.0,202.0,177.0,283.0,186.0,237.0,201.0,212.0,214.0,193.0,155.0,289.0,191.0,277.0,199.0,309.0,197.0,330.0,141.0,303.0,177.0,309.0,181.0,332.0,174.0,347.0
R,day1,1787865623.7006326,13,156.0,388.0,191.0,371.0,219.0,343.0,236.0,323.0,229.0,309.0,198.0,281.0,208.0,243.0,212.0,218.0,215.0,198.0,175.0,280.0,179.0,229.0,194.0,204.0,207.0,185.0,159.0,289.0,200.0,275.0,214.0,305.0,215.0,325.0,154.0,306.0,198.0,310.0,202.0,330.0,195.0,342.0
R,day1,1787865623.8044288,14,164.0,388.0,205.0,365.0,230.0,337.0,247.0,319.0,252.0,306.0,202.0,277.0,214.0,240.0,220.0,214.0,224.0,192.0,181.0,278.0,188.0,225.0,203.0,199.0,217.0,180.0,170.0,290.0,221.0,275.0,232.0,304.0,230.0,324.0,172.0,310.0,222.0,310.0,227.0,330.0,219.0,342.0
R,day1,1787865623.9172356,15,176.0,388.0,220.0,362.0,243.0,333.0,260.0,315.0,270.0,302.0,215.0,275.0,225.0,238.0,230.0,212.0,235.0,190.0,197.0,277.0,203.0,225.0,218.0,199.0,233.0,180.0,187.0,290.0,239.0,276.0,248.0,304.0,243.0,322.0,191.0,310.0,241.0,309.0,243.0,327.0,235.0,337.0
R,day1,1787865624.0238235,16,181.0,386.0,226.0,358.0,249.0,329.0,268.0,312.0,279.0,297.0,219.0,272.0,228.0,237.0,235.0,210.0,241.0,189.0,203.0,274.0,211.0,222.0,225.0,197.0,239.0,178.0,196.0,286.0,249.0,271.0,257.0,298.0,253.0,316.0,202.0,307.0,252.0,306.0,253.0,324.0,242.0,334.0
R,day1,1787865624.1404562,17,183.0,384.0,227.0,358.0,251.0,328.0,269.0,311.0,282.0,295.0,224.0,271.0,233.0,234.0,240.0,208.0,247.0,187.0,206.0,272.0,213.0,219.0,228.0,193.0,242.0,173.0,198.0,284.0,252.0,269.0,260.0,297.0,256.0,314.0,203.0,303.0,254.0,304.0,255.0,323.0,245.0,332.0
R,day1,1787865624.2462304,18,165.0,367.0,206.0,351.0,236.0,325.0,257.0,307.0,258.0,294.0,222.0,263.0,238.0,225.0,245.0,199.0,252.0,179.0,200.0,261.0,208.0,208.0,224.0,183.0,239.0,167.0,185.0,270.0,231.0,260.0,242.0,289.0,241.0,309.0,180.0,289.0,228.0,295.0,233.0,314.0,225.0,325.0
R,day1,1787865624.354655,19,153.0,360.0,193.0,345.0,224.0,321.0,243.0,305.0,244.0,291.0,210.0,256.0,227.0,219.0,234.0,193.0,240.0,173.0,188.0,253.0,200.0,203.0,219.0,178.0,235.0,162.0,171.0,262.0,218.0,253.0,226.0,283.0,222.0,304.0,166.0,281.0,213.0,290.0,214.0,310.0,203.0,319.0
R,day1,1787865624.4696834,20,144.0,359.0,183.0,348.0,216.0,325.0,232.0,305.0,222.0,291.0,206.0,261.0,223.0,222.0,231.0,196.0,238.0,176.0,182.0,255.0,196.0,205.0,215.0,181.0,231.0,164.0,162.0,260.0,203.0,256.0,207.0,287.0,202.0,307.0,151.0,276.0,191.0,291.0,190.0,312.0,180.0,322.0
R,day1,1787865624.6062732,21,141.0,365.0,176.0,358.0,207.0,336.0,218.0,316.0,206.0,297.0,205.0,270.0,220.0,232.0,225.0,207.0,231.0,186.0,180.0,262.0,194.0,215.0,211.0,192.0,225.0,175.0,158.0,266.0,188.0,259.0,193.0,290.0,190.0,312.0,142.0,280.0,172.0,293.0,177.0,319.0,173.0,337.0
R,day1,1787865624.7111964,22,142.0,372.0,175.0,367.0,203.0,347.0,211.0,328.0,203.0,308.0,206.0,282.0,220.0,246.0,225.0,222.0,230.0,201.0,182.0,274.0,196.0,230.0,212.0,208.0,225.0,194.0,160.0,278.0,186.0,271.0,191.0,300.0,188.0,322.0,142.0,290.0,169.0,302.0,173.0,328.0,170.0,346.0
R,day1,1787865624.8111887,23,147.0,378.0,180.0,376.0,210.0,359.0,212.0,339.0,202.0,320.0,215.0,294.0,229.0,260.0,236.0,237.0,241.0,217.0,193.0,286.0,210.0,245.0,225.0,225.0,237.0,211.0,171.0,288.0,193.0,281.0,198.0,307.0,196.0,328.0,151.0,298.0,173.0,307.0,177.0,331.0,175.0,349.0
R,day1,1787865624.9067671,24,156.0,377.0,187.0,374.0,213.0,356.0,208.0,335.0,197.0,316.0,227.0,299.0,240.0,266.0,247.0,244.0,251.0,224.0,207.0,291.0,225.0,253.0,237.0,232.0,246.0,215.0,185.0,293.0,195.0,277.0,196.0,300.0,194.0,319.0,163.0,301.0,174.0,303.0,177.0,326.0,176.0,345.0
R,day1,1787865625.0294948,25,167.0,375.0,196.0,372.0,218.0,353.0,210.0,332.0,198.0,312.0,233.0,301.0,245.0,270.0,251.0,249.0,254.0,229.0,214.0,293.0,233.0,258.0,244.0,237.0,251.0,220.0,193.0,296.0,196.0,280.0,193.0,306.0,191.0,327.0,171.0,305.0,174.0,300.0,175.0,321.0,175.0,337.0
R,day1,1787865625.1362457,26,175.0,374.0,201.0,371.0,222.0,353.0,215.0,332.0,203.0,312.0,237.0,304.0,249.0,274.0,255.0,253.0,258.0,235.0,219.0,297.0,236.0,263.0,247.0,242.0,255.0,226.0,198.0,298.0,203.0,286.0,202.0,309.0,201.0,328.0,178.0,306.0,183.0,305.0,184.0,324.0,184.0,339.0
R,day1,1787865625.2671852,27,171.0,373.0,197.0,371.0,218.0,353.0,212.0,333.0,199.0,315.0,231.0,303.0,243.0,273.0,248.0,252.0,250.0,233.0,214.0,297.0,231.0,263.0,243.0,242.0,251.0,225.0,193.0,299.0,197.0,284.0,195.0,307.0,193.0,325.0,172.0,308.0,174.0,302.0,174.0,318.0,174.0,329.0
R,day1,1787865625.3966103,28,167.0,377.0,194.0,374.0,214.0,356.0,207.0,335.0,194.0,316.0,227.0,307.0,239.0,276.0,244.0,256.0,247.0,237.0,209.0,300.0,227.0,265.0,238.0,244.0,245.0,226.0,189.0,302.0,194.0,286.0,193.0,309.0,191.0,329.0,168.0,312.0,174.0,309.0,176.0,330.0,176.0,347.0
R,day1,1787865625.510755,29,161.0,378.0,190.0,376.0,215.0,356.0,212.0,335.0,200.0,319.0,219.0,302.0,229.0,270.0,234.0,249.0,236.0,231.0,199.0,296.0,212.0,259.0,223.0,239.0,232.0,224.0,178.0,300.0,192.0,286.0,197.0,309.0,197.0,328.0,160.0,310.0,177.0,313.0,181.0,334.0,181.0,350.0
R,day1,1787865625.6336932,30,158.0,380.0,186.0,374.0,211.0,353.0,216.0,334.0,210.0,314.0,210.0,296.0,219.0,263.0,222.0,241.0,225.0,222.0,189.0,291.0,198.0,252.0,210.0,231.0,220.0,215.0,169.0,295.0,192.0,280.0,200.0,306.0,201.0,327.0,153.0,306.0,179.0,312.0,184.0,334.0,182.0,351.0
R,day1,1787865625.7411947,31,154.0,383.0,184.0,374.0,211.0,351.0,221.0,331.0,211.0,314.0,204.0,292.0,214.0,258.0,217.0,235.0,220.0,216.0,182.0,288.0,191.0,247.0,204.0,224.0,215.0,208.0,163.0,293.0,193.0,283.0,200.0,311.0,199.0,332.0,150.0,306.0,181.0,312.0,185.0,334.0,181.0,350.0
R,day1,1787865625.8460684,32,159.0,390.0,190.0,382.0,221.0,358.0,235.0,338.0,226.0,320.0,212.0,293.0,224.0,255.0,229.0,229.0,233.0,207.0,188.0,289.0,198.0,243.0,213.0,219.0,225.0,201.0,168.0,295.0,204.0,285.0,211.0,315.0,209.0,337.0,155.0,310.0,192.0,319.0,194.0,341.0,188.0,355.0
R,day1,1787865625.9609618,33,159.0,397.0,195.0,385.0,227.0,359.0,244.0,338.0,233.0,323.0,217.0,291.0,231.0,252.0,237.0,227.0,241.0,206.0,192.0,286.0,204.0,238.0,221.0,213.0,234.0,195.0,171.0,293.0,211.0,282.0,219.0,315.0,216.0,337.0,159.0,309.0,200.0,316.0,204.0,339.0,196.0,352.0
R,day1,1787865626.0839932,34,163.0,401.0,200.0,391.0,233.0,366.0,252.0,346.0,245.0,328.0,224.0,295.0,240.0,255.0,247.0,229.0,253.0,208.0,200.0,290.0,212.0,240.0,229.0,214.0,244.0,197.0,179.0,296.0,219.0,288.0,228.0,319.0,227.0,341.0,167.0,312.0,207.0,321.0,211.0,343.0,204.0,358.0
R,day1,1787865626.2120466,35,169.0,412.0,207.0,403.0,242.0,376.0,263.0,354.0,256.0,340.0,235.0,304.0,250.0,265.0,257.0,239.0,264.0,217.0,209.0,297.0,221.0,246.0,241.0,220.0,258.0,203.0,187.0,303.0,229.0,297.0,239.0,331.0,238.0,356.0,175.0,319.0,219.0,333.0,221.0,358.0,214.0,375.0
R,day1,1787865626.313798,36,170.0,423.0,211.0,413.0,248.0,386.0,271.0,363.0,263.0,347.0,237.0,311.0,256.0,268.0,266.0,241.0,275.0,219.0,211.0,304.0,225.0,249.0,247.0,222.0,265.0,204.0,190.0,310.0,237.0,305.0,246.0,341.0,243.0,366.0,180.0,327.0,228.0,343.0,229.0,369.0,219.0,385.0
R,day1,1787865626.407109,37,168.0,425.0,211.0,413.0,249.0,386.0,272.0,364.0,268.0,346.0,238.0,310.0,257.0,268.0,267.0,241.0,275.0,218.0,212.0,303.0,227.0,246.0,248.0,218.0,266.0,200.0,191.0,309.0,241.0,306.0,249.0,343.0,245.0,368.0,182.0,327.0,232.0,346.0,231.0,373.0,219.0,388.0
R,day1,1787865626.515532,38,166.0,421.0,209.0,408.0,245.0,381.0,269.0,360.0,268.0,343.0,235.0,304.0,254.0,259.0,264.0,230.0,271.0,206.0,208.0,298.0,223.0,239.0,245.0,211.0,263.0,193.0,186.0,304.0,237.0,295.0,248.0,333.0,246.0,360.0,177.0,322.0,228.0,336.0,231.0,363.0,221.0,379.0
R,day1,1787865626.632274,39,158.0,411.0,201.0,397.0,240.0,369.0,263.0,347.0,257.0,331.0,228.0,293.0,246.0,250.0,254.0,220.0,262.0,196.0,202.0,287.0,215.0,231.0,236.0,203.0,255.0,185.0,180.0,294.0,228.0,288.0,237.0,324.0,234.0,350.0,169.0,311.0,217.0,323.0,219.0,349.0,211.0,365.0
R,day1,1787865626.7442527,40,150.0,403.0,191.0,387.0,228.0,359.0,249.0,334.0,241.0,315.0,213.0,284.0,230.0,239.0,238.0,209.0,245.0,185.0,188.0,278.0,202.0,221.0,222.0,192.0,240.0,171.0,166.0,284.0,214.0,273.0,225.0,309.0,224.0,334.0,155.0,300.0,202.0,308.0,207.0,334.0,201.0,352.0
R,day1,1787865626.8837044,41,139.0,383.0,177.0,370.0,211.0,342.0,229.0,318.0,218.0,300.0,198.0,273.0,213.0,232.0,220.0,204.0,225.0,182.0,172.0,267.0,185.0,213.0,204.0,186.0,219.0,166.0,150.0,272.0,194.0,262.0,201.0,298.0,197.0,321.0,138.0,287.0,182.0,296.0,185.0,323.0,177.0,339.0
R,day1,1787865627.00945,42,141.0,379.0,178.0,367.0,212.0,340.0,229.0,317.0,218.0,298.0,201.0,274.0,217.0,234.0,222.0,209.0,226.0,187.0,177.0,268.0,189.0,217.0,205.0,192.0,219.0,174.0,156.0,273.0,196.0,265.0,203.0,298.0,199.0,320.0,144.0,286.0,184.0,296.0,186.0,321.0,178.0,337.0
R,day1,1787865627.133736,43,152.0,369.0,187.0,359.0,217.0,336.0,234.0,316.0,228.0,299.0,210.0,276.0,224.0,239.0,230.0,216.0,235.0,196.0,189.0,271.0,200.0,225.0,215.0,202.0,228.0,186.0,171.0,276.0,207.0,267.0,214.0,295.0,212.0,315.0,160.0,288.0,195.0,296.0,197.0,315.0,189.0,328.0
R,day1,1787865627.2604864,44,170.0,363.0,204.0,352.0,231.0,333.0,248.0,317.0,250.0,297.0,226.0,282.0,239.0,249.0,244.0,229.0,249.0,211.0,210.0,277.0,220.0,235.0,233.0,216.0,244.0,201.0,197.0,280.0,230.0,270.0,236.0,298.0,233.0,316.0,189.0,290.0,222.0,294.0,223.0,312.0,216.0,325.0
R,day1,1787865627.3715138,45,180.0,362.0,210.0,355.0,236.0,335.0,252.0,319.0,253.0,302.0,228.0,287.0,240.0,255.0,246.0,234.0,252.0,217.0,212.0,283.0,222.0,242.0,237.0,223.0,249.0,211.0,199.0,285.0,233.0,275.0,240.0,300.0,237.0,319.0,193.0,294.0,227.0,298.0,228.0,317.0,220.0,330.0
R,day1,1787865627.4802651,46,180.0,367.0,210.0,360.0,234.0,341.0,250.0,325.0,251.0,308.0,225.0,291.0,237.0,260.0,242.0,239.0,247.0,222.0,209.0,287.0,218.0,247.0,233.0,229.0,245.0,217.0,197.0,290.0,230.0,281.0,235.0,306.0,232.0,323.0,191.0,299.0,225.0,304.0,225.0,323.0,216.0,335.0
R,day1,1787865627.5918999,47,174.0,368.0,203.0,359.0,227.0,340.0,241.0,324.0,242.0,308.0,217.0,290.0,228.0,259.0,233.0,239.0,238.0,223.0,202.0,287.0,208.0,247.0,221.0,229.0,232.0,217.0,190.0,291.0,222.0,282.0,229.0,306.0,227.0,323.0,184.0,302.0,218.0,306.0,219.0,324.0,212.0,335.0
R,day1,1787865627.7094526,48,171.0,371.0,199.0,360.0,222.0,338.0,235.0,320.0,231.0,304.0,206.0,289.0,215.0,257.0,218.0,237.0,221.0,220.0,189.0,287.0,193.0,247.0,204.0,228.0,215.0,215.0,177.0,292.0,209.0,280.0,217.0,303.0,217.0,321.0,172.0,303.0,206.0,304.0,210.0,322.0,206.0,336.0
R,day1,1787865627.81965,49,165.0,372.0,192.0,359.0,213.0,334.0,224.0,313.0,218.0,297.0,193.0,289.0,199.0,256.0,201.0,235.0,203.0,217.0,177.0,287.0,177.0,248.0,186.0,226.0,195.0,212.0,164.0,293.0,193.0,277.0,206.0,298.0,208.0,316.0,159.0,304.0,191.0,300.0,198.0,317.0,196.0,331.0
R,day1,1787865627.9072526,50,158.0,374.0,183.0,359.0,204.0,331.0,216.0,308.0,208.0,291.0,184.0,289.0,189.0,254.0,191.0,233.0,191.0,215.0,168.0,287.0,168.0,247.0,175.0,225.0,183.0,209.0,154.0,292.0,183.0,275.0,194.0,296.0,196.0,314.0,148.0,301.0,179.0,298.0,186.0,315.0,183.0,329.0
R,day1,1787865628.019965,51,145.0,372.0,170.0,356.0,191.0,326.0,200.0,302.0,191.0,287.0,166.0,287.0,170.0,252.0,171.0,230.0,170.0,212.0,149.0,286.0,146.0,244.0,155.0,221.0,163.0,205.0,136.0,292.0,164.0,271.0,178.0,291.0,183.0,308.0,131.0,301.0,164.0,293.0,171.0,311.0,170.0,326.0
R,day1,1787865628.1293452,52,140.0,372.0,166.0,356.0,185.0,326.0,193.0,303.0,184.0,286.0,161.0,283.0,163.0,250.0,162.0,229.0,162.0,212.0,143.0,284.0,140.0,244.0,147.0,221.0,154.0,205.0,129.0,290.0,155.0,269.0,170.0,291.0,174.0,309.0,122.0,301.0,154.0,293.0,163.0,311.0,162.0,327.0
R,day1,1787865628.2394826,53,132.0,374.0,155.0,358.0,172.0,327.0,178.0,302.0,167.0,286.0,148.0,287.0,149.0,252.0,147.0,231.0,145.0,215.0,130.0,288.0,125.0,247.0,131.0,223.0,137.0,207.0,115.0,294.0,139.0,269.0,156.0,289.0,163.0,306.0,108.0,304.0,139.0,295.0,149.0,312.0,149.0,327.0
R,day1,1787865628.3623893,54,134.0,375.0,159.0,358.0,179.0,331.0,186.0,308.0,176.0,292.0,159.0,286.0,161.0,251.0,158.0,230.0,156.0,212.0,141.0,286.0,137.0,246.0,143.0,223.0,149.0,206.0,125.0,293.0,148.0,274.0,163.0,294.0,168.0,313.0,115.0,304.0,143.0,298.0,153.0,315.0,154.0,329.0
R,day1,1787865628.4962947,55,143.0,376.0,170.0,364.0,193.0,338.0,203.0,314.0,194.0,299.0,177.0,289.0,182.0,252.0,182.0,230.0,182.0,211.0,158.0,287.0,158.0,247.0,166.0,224.0,174.0,207.0,142.0,293.0,168.0,278.0,181.0,299.0,185.0,316.0,132.0,305.0,161.0,304.0,169.0,319.0,167.0,331.0
R,day1,1787865628.6351807,56,156.0,381.0,184.0,369.0,209.0,345.0,221.0,324.0,215.0,307.0,196.0,291.0,203.0,256.0,205.0,234.0,206.0,216.0,176.0,289.0,179.0,248.0,190.0,226.0,200.0,211.0,159.0,294.0,190.0,284.0,202.0,307.0,204.0,325.0,150.0,307.0,183.0,311.0,187.0,329.0,183.0,341.0
R,day1,1787865628.766808,57,172.0,388.0,203.0,379.0,231.0,361.0,248.0,346.0,245.0,331.0,225.0,304.0,239.0,272.0,246.0,252.0,253.0,234.0,206.0,300.0,216.0,259.0,232.0,240.0,245.0,227.0,189.0,305.0,224.0,297.0,233.0,322.0,232.0,340.0,180.0,319.0,214.0,325.0,215.0,343.0,208.0,353.0
S,day1,1787865702.229557,0,146.0,351.0,173.0,331.0,189.0,297.0,174.0,269.0,150.0,262.0,181.0,275.0,183.0,248.0,180.0,271.0,179.0,283.0,162.0,274.0,161.0,250.0,162.0,276.0,161.0,286.0,143.0,276.0,139.0,250.0,145.0,276.0,145.0,288.0,122.0,281.0,124.0,261.0,130.0,279.0,129.0,289.0
S,day1,1787865702.346584,1,147.0,352.0,173.0,334.0,191.0,299.0,175.0,270.0,151.0,263.0,183.0,276.0,184.0,248.0,182.0,273.0,180.0,285.0,163.0,274.0,162.0,251.0,163.0,279.0,162.0,287.0,144.0,277.0,141.0,252.0,146.0,279.0,146.0,290.0,123.0,281.0,125.0,263.0,130.0,281.0,129.0,291.0
S,day1,1787865702.4542408,2,147.0,353.0,174.0,335.0,192.0,300.0,177.0,270.0,152.0,263.0,184.0,276.0,185.0,248.0,183.0,273.0,181.0,285.0,164.0,274.0,163.0,250.0,164.0,278.0,163.0,287.0,145.0,276.0,141.0,251.0,147.0,278.0,147.0,290.0,124.0,280.0,126.0,261.0,131.0,280.0,131.0,291.0
S,day1,1787865702.5542133,3,148.0,352.0,175.0,334.0,192.0,300.0,177.0,270.0,153.0,262.0,183.0,276.0,186.0,247.0,183.0,272.0,180.0,285.0,164.0,274.0,163.0,249.0,164.0,277.0,163.0,287.0,145.0,276.0,141.0,250.0,147.0,277.0,147.0,290.0,124.0,281.0,126.0,261.0,132.0,279.0,132.0,291.0
S,day1,1787865702.6458604,4,148.0,352.0,175.0,334.0,192.0,299.0,177.0,270.0,152.0,262.0,184.0,275.0,185.0,247.0,182.0,271.0,181.0,284.0,164.0,274.0,163.0,249.0,164.0,277.0,163.0,287.0,145.0,276.0,141.0,250.0,147.0,277.0,147.0,290.0,125.0,281.0,126.0,261.0,132.0,280.0,132.0,291.0
S,day1,1787865702.7429976,5,148.0,351.0,175.0,333.0,194.0,298.0,179.0,269.0,154.0,263.0,186.0,274.0,187.0,247.0,184.0,271.0,183.0,284.0,166.0,272.0,165.0,249.0,165.0,277.0,165.0,286.0,148.0,274.0,144.0,250.0,149.0,276.0,149.0,288.0,127.0,278.0,128.0,260.0,133.0,278.0,133.0,289.0
S,day1,1787865702.8208246,6,151.0,352.0,179.0,333.0,199.0,298.0,183.0,270.0,158.0,264.0,192.0,273.0,194.0,247.0,189.0,272.0,186.0,284.0,172.0,270.0,171.0,248.0,170.0,276.0,169.0,284.0,153.0,272.0,150.0,249.0,153.0,276.0,153.0,286.0,132.0,277.0,134.0,261.0,137.0,279.0,137.0,288.0
S,day1,1787865702.9259503,7,158.0,355.0,188.0,339.0,210.0,306.0,197.0,276.0,172.0,267.0,202.0,280.0,206.0,252.0,201.0,277.0,198.0,289.0,182.0,276.0,183.0,252.0,181.0,279.0,181.0,287.0,163.0,277.0,163.0,252.0,164.0,278.0,163.0,288.0,142.0,280.0,146.0,261.0,148.0,279.0,146.0,289.0
S,day1,1787865703.0351117,8,166.0,359.0,197.0,342.0,220.0,308.0,208.0,278.0,183.0,270.0,213.0,282.0,220.0,257.0,213.0,280.0,210.0,292.0,194.0,278.0,198.0,254.0,194.0,281.0,193.0,291.0,176.0,278.0,176.0,254.0,177.0,279.0,177.0,290.0,155.0,280.0,160.0,263.0,162.0,280.0,161.0,289.0
S,day1,1787865703.1543157,9,173.0,355.0,204.0,342.0,230.0,309.0,222.0,278.0,198.0,267.0,224.0,281.0,233.0,256.0,225.0,281.0,220.0,292.0,205.0,276.0,211.0,253.0,207.0,281.0,202.0,290.0,186.0,275.0,190.0,251.0,190.0,279.0,186.0,289.0,165.0,277.0,174.0,259.0,175.0,278.0,171.0,288.0
S,day1,1787865703.2560472,10,178.0,347.0,210.0,336.0,236.0,306.0,229.0,275.0,207.0,262.0,231.0,277.0,242.0,253.0,234.0,276.0,227.0,288.0,213.0,271.0,220.0,249.0,214.0,275.0,209.0,284.0,195.0,269.0,200.0,245.0,198.0,272.0,192.0,283.0,173.0,269.0,182.0,252.0,181.0,271.0,177.0,280.0
S,day1,1787865703.3643095,11,180.0,344.0,211.0,334.0,237.0,305.0,234.0,273.0,212.0,259.0,234.0,276.0,246.0,250.0,237.0,275.0,230.0,286.0,216.0,270.0,225.0,247.0,218.0,275.0,212.0,282.0,198.0,268.0,204.0,244.0,202.0,271.0,197.0,281.0,177.0,267.0,187.0,249.0,187.0,268.0,182.0,277.0
S,day1,1787865703.485376,12,178.0,342.0,208.0,331.0,233.0,303.0,226.0,273.0,206.0,259.0,230.0,274.0,240.0,250.0,232.0,272.0,227.0,283.0,212.0,268.0,219.0,246.0,213.0,271.0,209.0,279.0,194.0,266.0,198.0,243.0,197.0,267.0,193.0,277.0,173.0,266.0,180.0,249.0,180.0,267.0,177.0,276.0
S,day1,1787865703.594751,13,169.0,339.0,199.0,327.0,222.0,297.0,214.0,267.0,193.0,255.0,218.0,272.0,226.0,246.0,220.0,268.0,215.0,280.0,200.0,267.0,205.0,243.0,201.0,269.0,197.0,279.0,181.0,266.0,185.0,241.0,185.0,266.0,181.0,277.0,160.0,267.0,166.0,249.0,168.0,267.0,165.0,277.0
S,day1,1787865703.697402,14,158.0,339.0,188.0,324.0,210.0,291.0,199.0,261.0,176.0,251.0,203.0,266.0,210.0,241.0,206.0,266.0,202.0,276.0,185.0,261.0,188.0,239.0,186.0,267.0,184.0,274.0,166.0,262.0,167.0,238.0,170.0,265.0,168.0,274.0,145.0,264.0,150.0,247.0,153.0,265.0,151.0,273.0
S,day1,1787865703.8173568,15,134.0,327.0,162.0,306.0,177.0,274.0,163.0,246.0,142.0,238.0,168.0,252.0,171.0,227.0,169.0,250.0,168.0,261.0,150.0,252.0,149.0,228.0,151.0,253.0,151.0,263.0,132.0,255.0,129.0,230.0,135.0,253.0,135.0,265.0,113.0,259.0,114.0,240.0,119.0,255.0,119.0,265.0
S,day1,1787865703.9442756,16,122.0,321.0,148.0,297.0,159.0,263.0,142.0,237.0,120.0,232.0,148.0,247.0,148.0,221.0,149.0,245.0,149.0,256.0,130.0,247.0,128.0,225.0,131.0,251.0,132.0,259.0,113.0,251.0,107.0,228.0,114.0,253.0,116.0,264.0,93.0,257.0,92.0,237.0,98.0,253.0,99.0,264.0
S,day1,1787865704.0652575,17,116.0,322.0,142.0,297.0,152.0,262.0,134.0,236.0,111.0,234.0,141.0,248.0,139.0,221.0,138.0,242.0,138.0,254.0,122.0,248.0,118.0,224.0,121.0,249.0,122.0,260.0,104.0,252.0,97.0,227.0,105.0,251.0,107.0,265.0,84.0,259.0,82.0,240.0,89.0,254.0,92.0,266.0
S,day1,1787865704.1804934,18,115.0,324.0,141.0,300.0,151.0,265.0,132.0,239.0,108.0,236.0,140.0,248.0,137.0,221.0,138.0,245.0,140.0,256.0,121.0,249.0,116.0,226.0,120.0,253.0,121.0,262.0,102.0,254.0,95.0,229.0,103.0,255.0,105.0,267.0,82.0,261.0,79.0,242.0,87.0,258.0,89.0,268.0
S,day1,1787865704.2888796,19,114.0,327.0,140.0,302.0,151.0,267.0,134.0,240.0,108.0,236.0,140.0,250.0,139.0,223.0,140.0,246.0,140.0,258.0,121.0,251.0,117.0,226.0,122.0,253.0,121.0,264.0,102.0,255.0,95.0,229.0,105.0,255.0,106.0,269.0,81.0,261.0,80.0,242.0,88.0,258.0,89.0,269.0
S,day1,1787865704.3934772,20,116.0,328.0,142.0,305.0,156.0,269.0,137.0,241.0,110.0,236.0,146.0,248.0,145.0,220.0,145.0,246.0,145.0,257.0,126.0,247.0,123.0,224.0,126.0,253.0,126.0,261.0,106.0,251.0,100.0,227.0,108.0,255.0,110.0,266.0,85.0,258.0,83.0,240.0,90.0,258.0,92.0,267.0
S,day1,1787865704.4975393,21,110.0,327.0,137.0,306.0,152.0,269.0,135.0,241.0,109.0,233.0,144.0,244.0,141.0,215.0,141.0,242.0,143.0,253.0,122.0,243.0,117.0,219.0,121.0,249.0,122.0,256.0,102.0,247.0,93.0,222.0,101.0,251.0,104.0,261.0,79.0,254.0,75.0,234.0,83.0,253.0,86.0,263.0
S,day1,1787865704.6094801,22,110.0,345.0,140.0,321.0,156.0,281.0,136.0,249.0,107.0,241.0,148.0,254.0,147.0,223.0,146.0,250.0,147.0,263.0,124.0,252.0,119.0,226.0,122.0,255.0,123.0,263.0,101.0,256.0,94.0,227.0,100.0,254.0,103.0,264.0,75.0,262.0,74.0,240.0,80.0,258.0,81.0,268.0
S,day1,1787865704.7121537,23,117.0,353.0,148.0,329.0,167.0,287.0,145.0,253.0,114.0,246.0,159.0,259.0,159.0,228.0,155.0,259.0,156.0,271.0,135.0,257.0,130.0,231.0,131.0,264.0,132.0,271.0,111.0,260.0,104.0,232.0,110.0,264.0,112.0,274.0,86.0,266.0,85.0,246.0,90.0,267.0,90.0,276.0
S,day1,1787865704.82925,24,128.0,355.0,160.0,333.0,183.0,291.0,160.0,258.0,129.0,251.0,173.0,262.0,173.0,229.0,168.0,261.0,169.0,273.0,148.0,259.0,144.0,232.0,144.0,266.0,146.0,273.0,124.0,262.0,118.0,233.0,122.0,266.0,126.0,275.0,99.0,267.0,98.0,247.0,102.0,269.0,104.0,278.0
S,day1,1787865704.921076,25,137.0,358.0,170.0,338.0,195.0,294.0,175.0,258.0,143.0,251.0,186.0,262.0,187.0,229.0,181.0,261.0,180.0,273.0,160.0,258.0,158.0,232.0,157.0,268.0,158.0,273.0,135.0,261.0,130.0,232.0,135.0,267.0,137.0,276.0,108.0,267.0,109.0,247.0,114.0,270.0,115.0,279.0
S,day1,1787865705.0352979,26,143.0,362.0,177.0,341.0,204.0,296.0,185.0,258.0,152.0,249.0,193.0,261.0,196.0,226.0,191.0,259.0,188.0,273.0,166.0,258.0,166.0,229.0,165.0,265.0,165.0,274.0,141.0,261.0,137.0,229.0,143.0,264.0,144.0,276.0,114.0,266.0,117.0,243.0,122.0,266.0,123.0,278.0
S,day1,1787865705.1380918,27,145.0,362.0,181.0,340.0,207.0,296.0,188.0,257.0,155.0,247.0,196.0,261.0,200.0,224.0,195.0,257.0,191.0,273.0,169.0,258.0,170.0,226.0,169.0,263.0,167.0,274.0,144.0,260.0,140.0,226.0,146.0,261.0,146.0,275.0,116.0,265.0,118.0,240.0,125.0,264.0,125.0,276.0
S,day1,1787865705.2558446,28,146.0,363.0,182.0,341.0,209.0,296.0,188.0,257.0,154.0,246.0,196.0,259.0,200.0,222.0,195.0,257.0,191.0,272.0,169.0,256.0,170.0,225.0,169.0,264.0,167.0,273.0,144.0,259.0,139.0,225.0,145.0,262.0,146.0,275.0,116.0,263.0,117.0,239.0,124.0,263.0,125.0,276.0
S,day1,1787865705.3756905,29,144.0,364.0,181.0,341.0,206.0,296.0,186.0,257.0,152.0,245.0,193.0,260.0,199.0,221.0,194.0,257.0,189.0,272.0,166.0,257.0,168.0,224.0,168.0,263.0,165.0,274.0,141.0,260.0,136.0,224.0,144.0,261.0,144.0,275.0,112.0,265.0,114.0,238.0,122.0,263.0,122.0,277.0
S,day1,1787865705.495662,30,142.0,365.0,179.0,341.0,205.0,295.0,184.0,256.0,150.0,245.0,192.0,259.0,197.0,221.0,191.0,257.0,188.0,272.0,165.0,256.0,166.0,224.0,165.0,264.0,163.0,273.0,140.0,259.0,134.0,224.0,141.0,261.0,142.0,275.0,111.0,263.0,113.0,237.0,120.0,262.0,120.0,276.0
S,day1,1787865705.593184,31,141.0,364.0,178.0,340.0,205.0,294.0,183.0,255.0,149.0,244.0,192.0,258.0,197.0,220.0,191.0,254.0,187.0,270.0,165.0,255.0,165.0,223.0,165.0,261.0,162.0,272.0,139.0,258.0,134.0,222.0,141.0,258.0,141.0,273.0,111.0,262.0,112.0,236.0,119.0,260.0,120.0,274.0
S,day1,1787865705.710363,32,145.0,366.0,184.0,343.0,212.0,297.0,191.0,257.0,156.0,247.0,202.0,261.0,207.0,225.0,200.0,260.0,197.0,275.0,174.0,256.0,175.0,225.0,172.0,262.0,171.0,272.0,147.0,258.0,143.0,224.0,147.0,261.0,148.0,273.0,118.0,263.0,118.0,239.0,124.0,264.0,125.0,275.0
S,day1,1787865705.831147,33,148.0,362.0,184.0,340.0,213.0,294.0,194.0,255.0,160.0,241.0,201.0,255.0,207.0,217.0,201.0,253.0,196.0,269.0,173.0,252.0,176.0,220.0,174.0,259.0,169.0,269.0,147.0,255.0,145.0,220.0,150.0,258.0,148.0,270.0,118.0,260.0,121.0,234.0,127.0,260.0,126.0,272.0
S,day1,1787865705.9596937,34,148.0,349.0,184.0,326.0,211.0,281.0,194.0,241.0,160.0,229.0,199.0,245.0,206.0,208.0,200.0,243.0,195.0,258.0,173.0,241.0,176.0,209.0,174.0,247.0,169.0,258.0,148.0,244.0,146.0,210.0,151.0,245.0,149.0,258.0,120.0,248.0,124.0,223.0,130.0,247.0,128.0,259.0
S,day1,1787865706.0678046,35,153.0,337.0,190.0,314.0,216.0,271.0,200.0,235.0,168.0,226.0,205.0,238.0,210.0,204.0,204.0,237.0,201.0,251.0,181.0,235.0,182.0,205.0,180.0,242.0,178.0,252.0,157.0,236.0,155.0,206.0,159.0,241.0,159.0,254.0,130.0,240.0,134.0,217.0,139.0,242.0,138.0,255.0
S,day1,1787865706.1902285,36,160.0,330.0,195.0,312.0,223.0,274.0,210.0,238.0,182.0,226.0,214.0,240.0,221.0,208.0,213.0,239.0,209.0,252.0,191.0,236.0,195.0,208.0,191.0,242.0,189.0,250.0,169.0,237.0,170.0,208.0,172.0,241.0,170.0,252.0,144.0,240.0,150.0,219.0,152.0,242.0,150.0,252.0
S,day1,1787865706.3203206,37,175.0,326.0,208.0,309.0,231.0,275.0,221.0,244.0,197.0,232.0,223.0,247.0,230.0,220.0,224.0,245.0,219.0,257.0,203.0,244.0,208.0,218.0,204.0,246.0,200.0,255.0,183.0,244.0,186.0,218.0,187.0,245.0,184.0,256.0,161.0,246.0,167.0,228.0,170.0,246.0,167.0,256.0
S,day1,1787865706.4390378,38,180.0,327.0,211.0,311.0,233.0,279.0,224.0,249.0,202.0,239.0,224.0,253.0,232.0,229.0,226.0,252.0,221.0,263.0,206.0,250.0,211.0,227.0,208.0,255.0,204.0,262.0,188.0,251.0,191.0,227.0,193.0,254.0,189.0,264.0,167.0,253.0,175.0,235.0,178.0,254.0,174.0,263.0
S,day1,1787865706.5427272,39,185.0,327.0,215.0,310.0,234.0,282.0,226.0,254.0,207.0,243.0,224.0,259.0,232.0,235.0,227.0,256.0,222.0,266.0,207.0,256.0,213.0,233.0,210.0,257.0,205.0,266.0,190.0,257.0,194.0,232.0,195.0,256.0,191.0,267.0,170.0,259.0,179.0,240.0,181.0,256.0,177.0,266.0
S,day1,1787865706.6435847,40,187.0,328.0,216.0,313.0,235.0,283.0,227.0,255.0,207.0,245.0,225.0,260.0,233.0,238.0,229.0,259.0,224.0,269.0,208.0,257.0,214.0,236.0,212.0,261.0,207.0,269.0,191.0,258.0,196.0,234.0,197.0,259.0,192.0,270.0,171.0,260.0,180.0,242.0,182.0,258.0,178.0,268.0
S,day1,1787865706.7561085,41,185.0,333.0,214.0,317.0,233.0,288.0,227.0,260.0,206.0,250.0,224.0,264.0,231.0,241.0,226.0,261.0,221.0,272.0,207.0,261.0,212.0,239.0,210.0,264.0,205.0,273.0,189.0,262.0,194.0,238.0,195.0,264.0,191.0,276.0,170.0,264.0,178.0,245.0,181.0,263.0,178.0,274.0
S,day1,1787865706.867436,42,183.0,336.0,212.0,321.0,231.0,291.0,224.0,262.0,203.0,253.0,222.0,266.0,230.0,243.0,225.0,264.0,219.0,275.0,204.0,264.0,210.0,242.0,208.0,266.0,203.0,274.0,187.0,264.0,191.0,241.0,193.0,266.0,188.0,276.0,167.0,267.0,176.0,248.0,179.0,265.0,175.0,275.0
S,day1,1787865706.964324,43,176.0,336.0,207.0,320.0,226.0,289.0,217.0,261.0,195.0,255.0,216.0,267.0,224.0,244.0,218.0,265.0,213.0,275.0,198.0,264.0,204.0,241.0,201.0,266.0,197.0,275.0,181.0,265.0,184.0,241.0,186.0,265.0,183.0,276.0,161.0,267.0,168.0,250.0,172.0,266.0,170.0,275.0
S,day1,1787865707.078246,44,171.0,338.0,202.0,322.0,219.0,289.0,209.0,260.0,187.0,254.0,208.0,266.0,216.0,243.0,212.0,266.0,207.0,276.0,191.0,263.0,196.0,241.0,194.0,266.0,190.0,276.0,173.0,265.0,176.0,242.0,179.0,266.0,175.0,277.0,153.0,269.0,160.0,251.0,164.0,267.0,161.0,276.0
S,day1,1787865707.1986356,45,158.0,342.0,185.0,323.0,203.0,290.0,192.0,263.0,169.0,258.0,192.0,268.0,197.0,245.0,195.0,268.0,191.0,278.0,174.0,265.0,178.0,244.0,178.0,270.0,174.0,278.0,156.0,268.0,157.0,245.0,162.0,270.0,159.0,280.0,136.0,273.0,141.0,256.0,146.0,272.0,144.0,280.0
S,day1,1787865707.3091385,46,149.0,344.0,176.0,324.0,192.0,290.0,178.0,263.0,155.0,257.0,182.0,268.0,185.0,243.0,183.0,268.0,181.0,278.0,163.0,267.0,164.0,245.0,165.0,272.0,163.0,279.0,145.0,269.0,144.0,247.0,149.0,272.0,148.0,282.0,125.0,275.0,128.0,257.0,133.0,274.0,132.0,283.0
S,day1,1787865707.4147942,47,134.0,344.0,160.0,324.0,176.0,291.0,161.0,264.0,138.0,258.0,166.0,269.0,167.0,242.0,166.0,267.0,165.0,278.0,146.0,268.0,145.0,244.0,147.0,271.0,146.0,280.0,128.0,271.0,124.0,247.0,129.0,272.0,130.0,283.0,107.0,277.0,107.0,258.0,113.0,275.0,114.0,284.0
S,day1,1787865707.5180066,48,131.0,347.0,157.0,326.0,173.0,291.0,158.0,262.0,133.0,258.0,163.0,269.0,162.0,242.0,161.0,266.0,160.0,277.0,143.0,269.0,140.0,245.0,143.0,272.0,143.0,280.0,124.0,272.0,119.0,247.0,126.0,274.0,127.0,285.0,104.0,278.0,104.0,260.0,111.0,277.0,111.0,288.0
S,day1,1787865707.6283512,49,137.0,346.0,165.0,326.0,183.0,292.0,166.0,265.0,141.0,261.0,173.0,269.0,174.0,243.0,171.0,268.0,170.0,278.0,153.0,268.0,153.0,245.0,152.0,272.0,152.0,279.0,134.0,271.0,132.0,248.0,135.0,273.0,135.0,283.0,113.0,276.0,116.0,259.0,119.0,276.0,118.0,285.0
S,day1,1787865707.7460713,50,145.0,347.0,174.0,327.0,193.0,294.0,177.0,267.0,152.0,261.0,182.0,270.0,186.0,244.0,183.0,268.0,180.0,279.0,163.0,268.0,163.0,245.0,164.0,271.0,163.0,280.0,144.0,271.0,142.0,246.0,147.0,271.0,148.0,282.0,123.0,276.0,125.0,258.0,132.0,274.0,132.0,284.0
S,day1,1787865707.8685632,51,155.0,349.0,186.0,331.0,208.0,299.0,195.0,269.0,170.0,264.0,197.0,273.0,204.0,248.0,198.0,272.0,193.0,284.0,178.0,269.0,182.0,246.0,179.0,272.0,176.0,282.0,160.0,270.0,161.0,247.0,163.0,271.0,161.0,283.0,139.0,273.0,145.0,256.0,148.0,272.0,147.0,282.0
S,day1,1787865707.9894836,52,172.0,346.0,204.0,330.0,228.0,299.0,220.0,270.0,195.0,263.0,219.0,272.0,229.0,250.0,222.0,272.0,217.0,285.0,201.0,268.0,207.0,247.0,204.0,272.0,199.0,283.0,183.0,268.0,187.0,245.0,188.0,269.0,185.0,281.0,163.0,270.0,171.0,252.0,174.0,268.0,171.0,279.0
T,day1,1787865744.0798433,0,181.0,395.0,203.0,369.0,208.0,329.0,205.0,299.0,209.0,274.0,187.0,316.0,195.0,293.0,201.0,277.0,209.0,262.0,170.0,319.0,184.0,298.0,188.0,326.0,188.0,349.0,154.0,325.0,170.0,307.0,175.0,338.0,177.0,361.0,136.0,333.0,154.0,314.0,161.0,334.0,160.0,352.0
T,day1,1787865744.1919138,1,180.0,395.0,202.0,369.0,207.0,330.0,204.0,299.0,208.0,274.0,186.0,316.0,194.0,292.0,201.0,277.0,208.0,262.0,170.0,319.0,184.0,298.0,187.0,326.0,188.0,350.0,153.0,324.0,170.0,307.0,175.0,338.0,177.0,362.0,135.0,333.0,154.0,315.0,161.0,335.0,161.0,353.0
T,day1,1787865744.267387,2,179.0,396.0,202.0,370.0,207.0,330.0,204.0,299.0,208.0,274.0,186.0,316.0,194.0,292.0,200.0,277.0,208.0,262.0,170.0,319.0,183.0,298.0,187.0,327.0,187.0,351.0,152.0,324.0,169.0,307.0,175.0,338.0,177.0,362.0,134.0,332.0,152.0,314.0,160.0,335.0,161.0,353.0
T,day1,1787865744.37846,3,178.0,395.0,200.0,370.0,206.0,330.0,203.0,299.0,206.0,274.0,185.0,316.0,193.0,293.0,199.0,277.0,206.0,262.0,169.0,319.0,182.0,298.0,185.0,327.0,186.0,351.0,152.0,324.0,168.0,307.0,173.0,338.0,175.0,362.0,133.0,332.0,152.0,314.0,159.0,334.0,159.0,352.0
T,day1,1787865744.4769833,4,177.0,394.0,199.0,369.0,204.0,329.0,200.0,298.0,204.0,273.0,185.0,315.0,192.0,292.0,198.0,276.0,205.0,261.0,168.0,318.0,181.0,297.0,184.0,325.0,184.0,349.0,150.0,323.0,166.0,306.0,171.0,338.0,174.0,362.0,132.0,331.0,150.0,313.0,157.0,333.0,157.0,351.0
T,day1,1787865744.577489,5,176.0,394.0,198.0,368.0,204.0,328.0,200.0,297.0,205.0,272.0,185.0,314.0,192.0,291.0,198.0,276.0,205.0,261.0,168.0,318.0,181.0,297.0,183.0,325.0,184.0,349.0,151.0,323.0,166.0,305.0,170.0,337.0,172.0,361.0,132.0,331.0,149.0,312.0,156.0,333.0,156.0,351.0
T,day1,1787865744.6937628,6,174.0,393.0,196.0,368.0,203.0,329.0,199.0,297.0,203.0,272.0,186.0,315.0,193.0,292.0,198.0,276.0,204.0,262.0,169.0,317.0,180.0,297.0,181.0,325.0,182.0,349.0,151.0,322.0,165.0,305.0,169.0,336.0,171.0,360.0,132.0,329.0,149.0,311.0,155.0,331.0,156.0,350.0
T,day1,1787865744.7966218,7,168.0,394.0,193.0,368.0,200.0,331.0,198.0,300.0,202.0,275.0,184.0,315.0,192.0,293.0,197.0,277.0,203.0,262.0,167.0,317.0,179.0,297.0,181.0,323.0,181.0,345.0,149.0,322.0,164.0,305.0,167.0,336.0,169.0,360.0,130.0,329.0,146.0,312.0,153.0,333.0,153.0,351.0
T,day1,1787865744.9027066,8,166.0,393.0,192.0,369.0,201.0,333.0,199.0,302.0,202.0,277.0,189.0,318.0,196.0,295.0,201.0,278.0,206.0,263.0,171.0,318.0,180.0,295.0,181.0,320.0,181.0,342.0,152.0,321.0,165.0,305.0,167.0,336.0,168.0,359.0,132.0,327.0,146.0,312.0,152.0,334.0,152.0,352.0
T,day1,1787865744.9933994,9,165.0,393.0,191.0,371.0,201.0,335.0,199.0,304.0,202.0,278.0,190.0,319.0,196.0,295.0,201.0,277.0,206.0,262.0,172.0,319.0,181.0,296.0,182.0,320.0,182.0,342.0,153.0,322.0,165.0,305.0,166.0,335.0,166.0,359.0,133.0,327.0,147.0,311.0,151.0,333.0,151.0,351.0
T,day1,1787865745.0941288,10,163.0,393.0,190.0,371.0,201.0,335.0,199.0,303.0,200.0,277.0,188.0,319.0,194.0,294.0,199.0,277.0,204.0,263.0,171.0,319.0,180.0,298.0,181.0,321.0,181.0,343.0,152.0,322.0,163.0,306.0,165.0,336.0,165.0,360.0,131.0,328.0,145.0,313.0,149.0,333.0,150.0,351.0
T,day1,1787865745.2013614,11,163.0,394.0,191.0,371.0,202.0,335.0,199.0,304.0,201.0,279.0,189.0,319.0,196.0,295.0,201.0,278.0,206.0,263.0,171.0,319.0,180.0,296.0,180.0,319.0,181.0,341.0,152.0,322.0,164.0,306.0,165.0,336.0,165.0,359.0,131.0,328.0,145.0,313.0,150.0,334.0,150.0,353.0
T,day1,1787865745.3300273,12,184.0,399.0,211.0,376.0,222.0,337.0,219.0,306.0,220.0,281.0,206.0,324.0,214.0,300.0,220.0,283.0,226.0,268.0,188.0,325.0,200.0,304.0,199.0,330.0,198.0,354.0,170.0,328.0,184.0,312.0,184.0,342.0,183.0,365.0,150.0,333.0,167.0,317.0,171.0,337.0,169.0,356.0
T,day1,1787865745.4199185,13,199.0,404.0,226.0,382.0,239.0,341.0,238.0,309.0,244.0,283.0,222.0,328.0,231.0,304.0,238.0,288.0,246.0,273.0,204.0,328.0,217.0,308.0,217.0,335.0,215.0,359.0,186.0,331.0,201.0,315.0,201.0,345.0,201.0,369.0,166.0,336.0,183.0,321.0,188.0,341.0,187.0,360.0
T,day1,1787865745.5228696,14,209.0,407.0,235.0,386.0,248.0,346.0,248.0,313.0,255.0,288.0,232.0,330.0,242.0,307.0,249.0,291.0,257.0,277.0,215.0,330.0,229.0,310.0,227.0,338.0,224.0,362.0,197.0,333.0,213.0,317.0,212.0,348.0,210.0,372.0,177.0,337.0,195.0,322.0,198.0,343.0,195.0,362.0
T,day1,1787865745.6586,15,188.0,412.0,217.0,391.0,231.0,350.0,231.0,316.0,233.0,289.0,217.0,332.0,227.0,306.0,235.0,289.0,243.0,274.0,198.0,331.0,211.0,310.0,210.0,336.0,209.0,361.0,178.0,334.0,194.0,318.0,193.0,349.0,192.0,374.0,157.0,339.0,176.0,325.0,179.0,346.0,176.0,365.0
T,day1,1787865745.769483,16,171.0,408.0,202.0,385.0,216.0,346.0,212.0,313.0,212.0,286.0,203.0,329.0,212.0,303.0,219.0,285.0,226.0,269.0,184.0,328.0,193.0,306.0,193.0,332.0,192.0,356.0,164.0,330.0,176.0,314.0,176.0,343.0,176.0,367.0,142.0,335.0,157.0,320.0,161.0,341.0,161.0,359.0
T,day1,1787865745.8841152,17,144.0,392.0,174.0,371.0,190.0,336.0,189.0,302.0,185.0,276.0,179.0,316.0,187.0,290.0,192.0,270.0,197.0,252.0,160.0,314.0,168.0,290.0,167.0,313.0,165.0,337.0,139.0,316.0,151.0,298.0,148.0,327.0,146.0,352.0,117.0,321.0,131.0,304.0,132.0,324.0,129.0,344.0
T,day1,1787865745.980978,18,125.0,381.0,156.0,360.0,170.0,323.0,169.0,287.0,168.0,258.0,161.0,307.0,167.0,280.0,170.0,259.0,174.0,240.0,141.0,304.0,150.0,279.0,145.0,304.0,142.0,327.0,120.0,306.0,131.0,285.0,128.0,315.0,125.0,341.0,98.0,310.0,110.0,292.0,112.0,314.0,110.0,334.0
T,day1,1787865746.081766,19,123.0,373.0,155.0,350.0,170.0,312.0,166.0,274.0,167.0,244.0,160.0,297.0,166.0,270.0,168.0,248.0,171.0,229.0,139.0,295.0,148.0,269.0,144.0,293.0,142.0,316.0,118.0,296.0,129.0,275.0,126.0,307.0,124.0,332.0,94.0,300.0,109.0,281.0,109.0,304.0,107.0,324.0
T,day1,1787865746.1982427,20,129.0,368.0,161.0,347.0,179.0,306.0,175.0,269.0,179.0,240.0,166.0,289.0,173.0,262.0,177.0,241.0,180.0,223.0,145.0,287.0,154.0,264.0,150.0,291.0,146.0,316.0,123.0,289.0,133.0,268.0,131.0,301.0,129.0,328.0,100.0,295.0,112.0,276.0,114.0,300.0,113.0,321.0
T,day1,1787865746.3360648,21,136.0,360.0,172.0,336.0,187.0,289.0,183.0,247.0,190.0,217.0,173.0,273.0,181.0,242.0,186.0,217.0,191.0,196.0,149.0,270.0,162.0,241.0,159.0,270.0,156.0,298.0,123.0,273.0,138.0,248.0,138.0,286.0,137.0,315.0,96.0,279.0,114.0,258.0,119.0,286.0,119.0,310.0
T,day1,1787865746.4793758,22,131.0,373.0,173.0,343.0,190.0,290.0,186.0,244.0,194.0,209.0,174.0,273.0,184.0,240.0,189.0,215.0,195.0,192.0,148.0,270.0,162.0,238.0,159.0,271.0,158.0,301.0,120.0,273.0,137.0,247.0,135.0,290.0,133.0,322.0,91.0,280.0,111.0,256.0,114.0,287.0,111.0,312.0
T,day1,1787865746.5839741,23,130.0,380.0,173.0,348.0,189.0,295.0,186.0,248.0,193.0,211.0,172.0,274.0,183.0,240.0,188.0,213.0,195.0,191.0,146.0,273.0,161.0,240.0,157.0,275.0,154.0,308.0,118.0,276.0,135.0,249.0,132.0,293.0,130.0,327.0,88.0,284.0,108.0,260.0,110.0,292.0,107.0,318.0
T,day1,1787865746.6817362,24,127.0,390.0,171.0,356.0,187.0,300.0,182.0,251.0,191.0,212.0,168.0,278.0,178.0,243.0,183.0,215.0,190.0,193.0,141.0,277.0,155.0,244.0,152.0,282.0,150.0,315.0,111.0,283.0,128.0,254.0,128.0,300.0,127.0,336.0,80.0,292.0,99.0,267.0,105.0,301.0,104.0,330.0
T,day1,1787865746.8036134,25,125.0,405.0,170.0,368.0,185.0,312.0,181.0,261.0,188.0,221.0,166.0,289.0,177.0,252.0,183.0,224.0,191.0,201.0,138.0,288.0,155.0,253.0,150.0,292.0,147.0,326.0,109.0,292.0,127.0,264.0,125.0,311.0,124.0,348.0,77.0,299.0,97.0,276.0,102.0,310.0,102.0,339.0
T,day1,1787865746.9383483,26,127.0,407.0,170.0,370.0,185.0,312.0,181.0,261.0,188.0,221.0,167.0,288.0,178.0,250.0,183.0,222.0,190.0,199.0,138.0,288.0,153.0,253.0,152.0,292.0,151.0,326.0,108.0,293.0,126.0,265.0,125.0,314.0,125.0,350.0,76.0,302.0,96.0,278.0,102.0,313.0,102.0,341.0
T,day1,1787865747.0340984,27,125.0,406.0,169.0,371.0,184.0,313.0,179.0,261.0,186.0,220.0,165.0,288.0,176.0,251.0,183.0,224.0,190.0,200.0,137.0,288.0,154.0,252.0,151.0,292.0,148.0,327.0,108.0,292.0,126.0,262.0,126.0,311.0,125.0,347.0,76.0,301.0,97.0,275.0,102.0,308.0,101.0,336.0
T,day1,1787865747.1548815,28,127.0,397.0,170.0,361.0,184.0,306.0,178.0,257.0,185.0,218.0,167.0,283.0,177.0,246.0,183.0,220.0,189.0,197.0,140.0,282.0,155.0,248.0,153.0,285.0,152.0,317.0,111.0,287.0,128.0,260.0,128.0,305.0,127.0,339.0,80.0,294.0,100.0,271.0,105.0,304.0,105.0,331.0
T,day1,1787865747.267572,29,134.0,388.0,173.0,354.0,186.0,301.0,183.0,254.0,190.0,218.0,173.0,278.0,182.0,245.0,186.0,220.0,192.0,200.0,147.0,277.0,159.0,247.0,156.0,283.0,154.0,314.0,119.0,282.0,134.0,259.0,135.0,300.0,136.0,332.0,91.0,290.0,108.0,269.0,114.0,298.0,116.0,322.0
T,day1,1787865747.3744051,30,142.0,377.0,179.0,344.0,193.0,296.0,191.0,254.0,196.0,220.0,180.0,275.0,188.0,241.0,193.0,220.0,199.0,201.0,156.0,274.0,166.0,245.0,165.0,276.0,165.0,305.0,130.0,278.0,143.0,256.0,144.0,295.0,144.0,325.0,103.0,286.0,120.0,266.0,125.0,292.0,125.0,316.0
T,day1,1787865747.4771233,31,153.0,380.0,187.0,349.0,198.0,301.0,194.0,260.0,199.0,228.0,185.0,284.0,191.0,252.0,195.0,231.0,201.0,213.0,162.0,284.0,172.0,256.0,170.0,287.0,171.0,315.0,138.0,288.0,150.0,266.0,152.0,303.0,154.0,333.0,112.0,296.0,128.0,275.0,134.0,301.0,136.0,324.0
T,day1,1787865747.5821793,32,165.0,388.0,196.0,361.0,209.0,313.0,204.0,272.0,209.0,241.0,194.0,297.0,202.0,268.0,206.0,249.0,211.0,232.0,172.0,297.0,184.0,272.0,182.0,303.0,181.0,330.0,149.0,300.0,163.0,280.0,164.0,315.0,165.0,344.0,125.0,307.0,142.0,289.0,147.0,314.0,148.0,335.0
T,day1,1787865747.681574,33,177.0,387.0,206.0,361.0,218.0,316.0,215.0,280.0,219.0,250.0,201.0,299.0,211.0,273.0,216.0,255.0,224.0,238.0,181.0,299.0,194.0,276.0,192.0,305.0,192.0,331.0,160.0,303.0,175.0,285.0,175.0,319.0,175.0,345.0,138.0,309.0,155.0,293.0,160.0,316.0,159.0,336.0
T,day1,1787865747.7950685,34,186.0,385.0,213.0,359.0,224.0,314.0,222.0,278.0,228.0,249.0,206.0,300.0,216.0,275.0,222.0,257.0,230.0,241.0,187.0,301.0,201.0,277.0,200.0,307.0,199.0,333.0,167.0,304.0,184.0,286.0,184.0,320.0,184.0,346.0,145.0,310.0,165.0,292.0,170.0,315.0,169.0,335.0
T,day1,1787865747.8902194,35,191.0,386.0,218.0,360.0,227.0,317.0,227.0,282.0,233.0,254.0,211.0,302.0,220.0,277.0,227.0,260.0,234.0,244.0,193.0,303.0,207.0,281.0,206.0,310.0,205.0,335.0,174.0,307.0,190.0,288.0,191.0,322.0,191.0,347.0,152.0,312.0,172.0,295.0,176.0,317.0,175.0,336.0
T,day1,1787865748.0152206,36,195.0,389.0,221.0,365.0,230.0,322.0,229.0,287.0,236.0,260.0,213.0,307.0,222.0,281.0,229.0,263.0,237.0,248.0,195.0,309.0,209.0,285.0,209.0,315.0,208.0,341.0,176.0,312.0,193.0,293.0,195.0,327.0,196.0,353.0,156.0,318.0,175.0,301.0,180.0,323.0,180.0,343.0
T,day1,1787865748.1253095,37,202.0,394.0,225.0,367.0,232.0,323.0,230.0,290.0,237.0,263.0,210.0,309.0,219.0,283.0,228.0,267.0,237.0,251.0,193.0,312.0,209.0,290.0,212.0,320.0,213.0,345.0,175.0,317.0,194.0,299.0,198.0,333.0,199.0,357.0,156.0,325.0,177.0,307.0,184.0,329.0,183.0,347.0
T,day1,1787865748.2401469,38,216.0,396.0,234.0,367.0,238.0,327.0,237.0,296.0,242.0,270.0,209.0,312.0,217.0,287.0,227.0,272.0,238.0,259.0,195.0,317.0,213.0,293.0,222.0,322.0,225.0,346.0,181.0,323.0,203.0,304.0,212.0,336.0,214.0,359.0,166.0,333.0,191.0,315.0,200.0,334.0,200.0,352.0
T,day1,1787865748.3586483,39,220.0,397.0,235.0,367.0,237.0,327.0,237.0,297.0,243.0,271.0,207.0,312.0,217.0,287.0,228.0,272.0,239.0,259.0,193.0,317.0,215.0,293.0,225.0,322.0,229.0,346.0,180.0,323.0,207.0,304.0,217.0,335.0,218.0,358.0,168.0,333.0,195.0,315.0,205.0,335.0,205.0,352.0
T,day1,1787865748.4784133,40,219.0,397.0,236.0,365.0,237.0,325.0,238.0,295.0,244.0,269.0,207.0,310.0,217.0,285.0,228.0,270.0,239.0,257.0,193.0,315.0,216.0,292.0,226.0,321.0,229.0,345.0,180.0,322.0,207.0,302.0,216.0,335.0,217.0,358.0,168.0,331.0,194.0,312.0,205.0,332.0,205.0,351.0
T,day1,1787865748.5774765,41,216.0,395.0,234.0,364.0,238.0,324.0,238.0,294.0,244.0,269.0,209.0,308.0,218.0,283.0,229.0,269.0,241.0,256.0,195.0,313.0,215.0,290.0,223.0,320.0,225.0,344.0,181.0,319.0,205.0,302.0,213.0,334.0,214.0,356.0,166.0,329.0,192.0,311.0,201.0,331.0,201.0,349.0
T,day1,1787865748.6939468,42,211.0,395.0,232.0,365.0,238.0,324.0,239.0,293.0,245.0,268.0,215.0,308.0,224.0,283.0,233.0,269.0,243.0,256.0,199.0,312.0,216.0,289.0,222.0,318.0,224.0,342.0,183.0,318.0,204.0,301.0,209.0,334.0,209.0,357.0,166.0,327.0,189.0,309.0,196.0,329.0,195.0,348.0
T,day1,1787865748.8189325,43,200.0,392.0,226.0,366.0,237.0,325.0,237.0,292.0,246.0,266.0,220.0,310.0,229.0,286.0,238.0,270.0,247.0,255.0,203.0,311.0,217.0,289.0,218.0,318.0,216.0,342.0,184.0,314.0,202.0,297.0,203.0,330.0,202.0,354.0,164.0,319.0,184.0,302.0,189.0,323.0,186.0,342.0
T,day1,1787865748.9439735,44,178.0,389.0,210.0,369.0,226.0,329.0,226.0,295.0,230.0,269.0,214.0,310.0,224.0,283.0,233.0,266.0,241.0,251.0,194.0,308.0,209.0,286.0,204.0,313.0,200.0,338.0,174.0,309.0,190.0,293.0,186.0,325.0,182.0,350.0,152.0,313.0,170.0,298.0,171.0,321.0,167.0,340.0
T,day1,1787865749.0446088,45,175.0,391.0,207.0,369.0,223.0,333.0,223.0,298.0,230.0,270.0,213.0,312.0,224.0,285.0,231.0,266.0,239.0,252.0,194.0,309.0,209.0,285.0,203.0,312.0,199.0,335.0,174.0,310.0,189.0,291.0,184.0,324.0,181.0,350.0,151.0,313.0,168.0,297.0,169.0,321.0,166.0,341.0
T,day1,1787865749.1570861,46,171.0,390.0,204.0,369.0,220.0,332.0,220.0,296.0,228.0,268.0,211.0,313.0,222.0,286.0,228.0,267.0,236.0,251.0,192.0,309.0,206.0,287.0,197.0,313.0,191.0,337.0,171.0,309.0,187.0,291.0,180.0,324.0,175.0,349.0,149.0,312.0,166.0,296.0,165.0,319.0,161.0,340.0
T,day1,1787865749.2725835,47,166.0,389.0,200.0,368.0,217.0,329.0,216.0,293.0,223.0,265.0,208.0,310.0,219.0,282.0,225.0,263.0,232.0,248.0,188.0,307.0,201.0,284.0,193.0,312.0,188.0,336.0,166.0,307.0,181.0,288.0,175.0,322.0,171.0,348.0,144.0,310.0,160.0,295.0,159.0,319.0,156.0,339.0
T,day1,1787865749.3692129,48,163.0,387.0,197.0,366.0,214.0,325.0,213.0,287.0,221.0,258.0,205.0,306.0,216.0,277.0,222.0,257.0,229.0,241.0,185.0,303.0,197.0,280.0,189.0,309.0,183.0,334.0,163.0,303.0,177.0,284.0,170.0,318.0,167.0,344.0,140.0,306.0,156.0,288.0,155.0,312.0,152.0,333.0
T,day1,1787865749.4665282,49,161.0,382.0,196.0,359.0,213.0,321.0,211.0,282.0,220.0,254.0,205.0,300.0,217.0,272.0,223.0,251.0,230.0,233.0,184.0,296.0,199.0,270.0,193.0,299.0,188.0,324.0,162.0,296.0,178.0,277.0,172.0,312.0,168.0,338.0,138.0,298.0,156.0,281.0,156.0,306.0,152.0,327.0
T,day1,1787865749.562815,50,160.0,376.0,197.0,354.0,213.0,313.0,213.0,272.0,222.0,241.0,205.0,292.0,217.0,262.0,224.0,240.0,230.0,221.0,184.0,288.0,199.0,260.0,192.0,287.0,187.0,313.0,161.0,287.0,177.0,267.0,171.0,302.0,166.0,329.0,136.0,290.0,153.0,272.0,153.0,298.0,151.0,321.0
T,day1,1787865749.6587796,51,157.0,375.0,195.0,351.0,213.0,305.0,213.0,262.0,223.0,230.0,202.0,286.0,212.0,256.0,219.0,233.0,226.0,213.0,180.0,283.0,194.0,255.0,188.0,285.0,183.0,312.0,155.0,284.0,171.0,261.0,166.0,298.0,162.0,327.0,129.0,288.0,146.0,268.0,146.0,295.0,143.0,317.0
T,day1,1787865749.7585163,52,154.0,379.0,193.0,353.0,210.0,308.0,211.0,265.0,221.0,233.0,199.0,287.0,211.0,255.0,217.0,231.0,223.0,212.0,177.0,284.0,191.0,255.0,185.0,285.0,181.0,314.0,152.0,285.0,167.0,262.0,162.0,300.0,158.0,331.0,125.0,289.0,142.0,269.0,143.0,298.0,140.0,321.0
T,day1,1787865749.8548367,53,153.0,384.0,192.0,358.0,210.0,313.0,210.0,270.0,220.0,237.0,201.0,293.0,213.0,260.0,219.0,236.0,226.0,216.0,178.0,289.0,192.0,259.0,186.0,288.0,182.0,317.0,153.0,290.0,169.0,265.0,163.0,304.0,160.0,335.0,126.0,293.0,144.0,274.0,145.0,302.0,142.0,325.0
T,day1,1787865749.9583204,54,158.0,382.0,195.0,358.0,213.0,314.0,214.0,270.0,223.0,237.0,203.0,292.0,214.0,261.0,221.0,238.0,229.0,219.0,182.0,289.0,196.0,259.0,190.0,289.0,185.0,317.0,158.0,290.0,173.0,267.0,168.0,304.0,165.0,333.0,132.0,293.0,149.0,273.0,150.0,299.0,148.0,323.0
T,day1,1787865750.0897233,55,169.0,374.0,204.0,348.0,220.0,305.0,222.0,266.0,230.0,235.0,210.0,285.0,220.0,255.0,227.0,236.0,234.0,220.0,189.0,282.0,202.0,257.0,198.0,285.0,195.0,311.0,167.0,284.0,181.0,265.0,178.0,299.0,176.0,327.0,142.0,288.0,159.0,270.0,162.0,294.0,160.0,316.0
U,day1,1787865778.8235643,0,168.0,410.0,195.0,392.0,208.0,359.0,185.0,337.0,159.0,323.0,200.0,309.0,201.0,271.0,199.0,247.0,196.0,226.0,178.0,309.0,179.0,265.0,182.0,237.0,182.0,213.0,158.0,321.0,159.0,302.0,169.0,329.0,173.0,348.0,139.0,338.0,148.0,330.0,160.0,349.0,164.0,363.0
U,day1,1787865778.9317498,1,168.0,411.0,195.0,393.0,209.0,359.0,186.0,337.0,161.0,324.0,201.0,308.0,202.0,271.0,200.0,247.0,197.0,227.0,179.0,309.0,180.0,265.0,183.0,237.0,184.0,214.0,159.0,320.0,160.0,302.0,170.0,329.0,173.0,348.0,140.0,338.0,149.0,329.0,160.0,350.0,164.0,364.0
U,day1,1787865779.068035,2,168.0,411.0,195.0,393.0,208.0,359.0,186.0,337.0,161.0,323.0,201.0,309.0,202.0,271.0,201.0,248.0,198.0,227.0,179.0,310.0,181.0,266.0,184.0,238.0,185.0,215.0,159.0,321.0,160.0,303.0,171.0,331.0,175.0,349.0,140.0,338.0,150.0,330.0,161.0,351.0,165.0,365.0
U,day1,1787865779.1947794,3,170.0,413.0,196.0,394.0,210.0,360.0,187.0,338.0,161.0,324.0,203.0,310.0,205.0,272.0,204.0,248.0,201.0,227.0,181.0,311.0,183.0,266.0,186.0,239.0,187.0,216.0,160.0,322.0,162.0,306.0,172.0,333.0,176.0,351.0,141.0,339.0,151.0,332.0,162.0,353.0,166.0,367.0
U,day1,1787865779.2889855,4,172.0,415.0,199.0,395.0,213.0,361.0,190.0,340.0,164.0,327.0,206.0,312.0,207.0,274.0,207.0,250.0,204.0,229.0,183.0,313.0,185.0,267.0,189.0,240.0,189.0,217.0,163.0,325.0,165.0,309.0,175.0,335.0,180.0,352.0,144.0,343.0,153.0,334.0,164.0,354.0,168.0,367.0
U,day1,1787865779.4142134,5,174.0,418.0,201.0,397.0,214.0,363.0,193.0,342.0,168.0,330.0,208.0,314.0,211.0,275.0,211.0,251.0,208.0,230.0,185.0,314.0,187.0,268.0,191.0,241.0,192.0,217.0,164.0,327.0,167.0,311.0,178.0,338.0,182.0,356.0,145.0,345.0,154.0,336.0,165.0,355.0,169.0,368.0
U,day1,1787865779.5137463,6,177.0,423.0,206.0,404.0,220.0,369.0,199.0,345.0,173.0,333.0,215.0,318.0,217.0,278.0,218.0,253.0,216.0,231.0,191.0,318.0,195.0,271.0,199.0,242.0,200.0,219.0,169.0,329.0,174.0,314.0,183.0,339.0,186.0,356.0,149.0,347.0,162.0,344.0,172.0,364.0,174.0,378.0
U,day1,1787865779.6071327,7,178.0,429.0,209.0,410.0,224.0,375.0,203.0,350.0,177.0,338.0,216.0,320.0,220.0,279.0,221.0,252.0,219.0,229.0,192.0,320.0,197.0,271.0,201.0,241.0,202.0,217.0,170.0,332.0,174.0,314.0,185.0,341.0,188.0,361.0,149.0,350.0,162.0,342.0,173.0,364.0,177.0,380.0
U,day1,1787865779.722931,8,176.0,430.0,208.0,412.0,223.0,376.0,202.0,351.0,176.0,335.0,217.0,318.0,222.0,275.0,224.0,247.0,223.0,223.0,192.0,317.0,199.0,267.0,204.0,235.0,206.0,210.0,169.0,328.0,174.0,310.0,184.0,339.0,187.0,360.0,147.0,346.0,160.0,341.0,171.0,364.0,176.0,380.0
U,day1,1787865779.8231783,9,174.0,426.0,207.0,407.0,223.0,371.0,205.0,346.0,182.0,328.0,218.0,312.0,223.0,268.0,225.0,240.0,223.0,217.0,194.0,311.0,199.0,260.0,205.0,229.0,207.0,203.0,169.0,323.0,172.0,301.0,183.0,332.0,187.0,353.0,146.0,343.0,157.0,332.0,169.0,354.0,173.0,371.0
U,day1,1787865779.9303002,10,173.0,420.0,206.0,402.0,224.0,365.0,203.0,338.0,177.0,319.0,219.0,304.0,224.0,259.0,225.0,231.0,224.0,206.0,194.0,303.0,200.0,252.0,206.0,220.0,208.0,193.0,169.0,315.0,172.0,295.0,182.0,328.0,186.0,349.0,145.0,333.0,157.0,326.0,168.0,350.0,172.0,367.0
U,day1,1787865780.0376701,11,173.0,419.0,206.0,400.0,224.0,361.0,202.0,334.0,175.0,315.0,220.0,301.0,226.0,256.0,227.0,227.0,226.0,201.0,194.0,299.0,201.0,246.0,207.0,213.0,210.0,187.0,169.0,311.0,173.0,290.0,182.0,322.0,186.0,344.0,145.0,329.0,157.0,320.0,169.0,344.0,173.0,361.0
U,day1,1787865780.146593,12,169.0,419.0,204.0,399.0,223.0,360.0,200.0,333.0,171.0,315.0,220.0,300.0,226.0,255.0,228.0,226.0,227.0,201.0,193.0,298.0,199.0,244.0,205.0,211.0,209.0,184.0,167.0,309.0,170.0,290.0,180.0,322.0,184.0,344.0,143.0,328.0,154.0,319.0,166.0,343.0,170.0,360.0
U,day1,1787865780.2696066,13,163.0,425.0,199.0,406.0,219.0,368.0,198.0,339.0,169.0,323.0,217.0,303.0,223.0,257.0,226.0,227.0,226.0,201.0,189.0,300.0,197.0,247.0,205.0,212.0,209.0,185.0,162.0,311.0,166.0,292.0,175.0,323.0,179.0,345.0,137.0,330.0,148.0,327.0,159.0,351.0,163.0,368.0
U,day1,1787865780.377691,14,162.0,431.0,199.0,412.0,220.0,373.0,198.0,345.0,168.0,328.0,215.0,306.0,222.0,258.0,224.0,227.0,223.0,200.0,187.0,303.0,195.0,248.0,203.0,213.0,206.0,184.0,159.0,315.0,164.0,294.0,174.0,327.0,177.0,350.0,133.0,335.0,149.0,329.0,161.0,354.0,166.0,371.0
U,day1,1787865780.4970715,15,163.0,438.0,199.0,418.0,220.0,378.0,197.0,349.0,166.0,332.0,216.0,309.0,223.0,261.0,226.0,229.0,225.0,202.0,187.0,306.0,196.0,251.0,202.0,215.0,205.0,185.0,159.0,318.0,163.0,297.0,172.0,329.0,175.0,352.0,133.0,339.0,145.0,331.0,157.0,356.0,162.0,374.0
U,day1,1787865780.6014037,16,164.0,442.0,201.0,423.0,221.0,382.0,199.0,352.0,169.0,333.0,218.0,312.0,226.0,263.0,229.0,231.0,229.0,203.0,189.0,309.0,197.0,251.0,204.0,215.0,208.0,186.0,160.0,321.0,166.0,299.0,177.0,332.0,180.0,356.0,134.0,341.0,150.0,334.0,163.0,360.0,169.0,379.0
U,day1,1787865780.7139525,17,163.0,444.0,201.0,426.0,223.0,386.0,199.0,355.0,169.0,337.0,219.0,314.0,227.0,264.0,231.0,232.0,231.0,204.0,190.0,310.0,198.0,253.0,206.0,216.0,209.0,187.0,161.0,321.0,168.0,303.0,178.0,335.0,181.0,358.0,135.0,341.0,151.0,339.0,165.0,364.0,169.0,383.0
U,day1,1787865780.8095396,18,163.0,445.0,201.0,426.0,223.0,386.0,199.0,355.0,168.0,337.0,220.0,313.0,228.0,264.0,231.0,232.0,231.0,204.0,190.0,309.0,200.0,252.0,208.0,216.0,211.0,187.0,162.0,320.0,169.0,303.0,179.0,336.0,181.0,359.0,136.0,340.0,153.0,339.0,166.0,364.0,172.0,382.0
U,day1,1787865780.9154143,19,163.0,442.0,201.0,423.0,224.0,384.0,200.0,354.0,170.0,335.0,221.0,312.0,228.0,263.0,232.0,230.0,231.0,202.0,191.0,308.0,201.0,251.0,209.0,214.0,213.0,184.0,163.0,320.0,168.0,298.0,178.0,329.0,181.0,352.0,137.0,340.0,151.0,335.0,164.0,360.0,170.0,379.0
U,day1,1787865781.0196762,20,164.0,438.0,202.0,421.0,225.0,382.0,202.0,353.0,172.0,334.0,221.0,311.0,230.0,262.0,234.0,230.0,234.0,203.0,193.0,308.0,203.0,251.0,211.0,215.0,215.0,186.0,165.0,320.0,170.0,296.0,180.0,329.0,182.0,353.0,139.0,340.0,153.0,329.0,165.0,354.0,169.0,373.0
U,day1,1787865781.1318743,21,166.0,435.0,203.0,416.0,227.0,379.0,206.0,350.0,177.0,331.0,225.0,311.0,233.0,263.0,237.0,232.0,237.0,204.0,198.0,307.0,207.0,252.0,215.0,217.0,219.0,188.0,171.0,318.0,175.0,297.0,183.0,329.0,186.0,351.0,145.0,336.0,157.0,329.0,169.0,352.0,173.0,370.0
U,day1,1787865781.226184,22,172.0,422.0,207.0,405.0,230.0,371.0,210.0,344.0,183.0,325.0,228.0,306.0,235.0,261.0,239.0,231.0,239.0,205.0,202.0,304.0,211.0,251.0,219.0,217.0,224.0,189.0,176.0,314.0,180.0,293.0,188.0,323.0,190.0,345.0,151.0,332.0,162.0,324.0,173.0,347.0,177.0,366.0
U,day1,1787865781.3169658,23,178.0,411.0,213.0,396.0,234.0,363.0,217.0,339.0,194.0,322.0,231.0,304.0,240.0,261.0,244.0,233.0,245.0,209.0,207.0,302.0,216.0,252.0,224.0,220.0,229.0,194.0,183.0,312.0,189.0,292.0,196.0,323.0,198.0,344.0,160.0,329.0,172.0,318.0,182.0,340.0,184.0,357.0
U,day1,1787865781.439619,24,185.0,407.0,218.0,391.0,241.0,360.0,225.0,334.0,202.0,318.0,238.0,307.0,246.0,266.0,250.0,240.0,251.0,218.0,215.0,305.0,224.0,256.0,232.0,228.0,237.0,204.0,193.0,314.0,199.0,296.0,205.0,324.0,206.0,343.0,170.0,329.0,182.0,318.0,190.0,340.0,191.0,356.0
U,day1,1787865781.552961,25,188.0,404.0,219.0,390.0,240.0,358.0,228.0,332.0,207.0,314.0,238.0,306.0,246.0,267.0,249.0,242.0,250.0,221.0,217.0,304.0,226.0,259.0,234.0,231.0,239.0,208.0,195.0,312.0,202.0,292.0,208.0,321.0,208.0,341.0,173.0,327.0,186.0,317.0,194.0,338.0,194.0,355.0
U,day1,1787865781.6573825,26,188.0,400.0,219.0,387.0,239.0,355.0,227.0,329.0,206.0,311.0,237.0,305.0,245.0,267.0,249.0,244.0,250.0,222.0,216.0,303.0,226.0,259.0,234.0,232.0,239.0,210.0,195.0,311.0,203.0,290.0,209.0,319.0,209.0,339.0,173.0,326.0,187.0,314.0,194.0,336.0,194.0,353.0
U,day1,1787865781.7530215,27,188.0,398.0,217.0,384.0,238.0,353.0,226.0,326.0,206.0,307.0,236.0,304.0,245.0,267.0,249.0,243.0,250.0,222.0,216.0,301.0,226.0,257.0,234.0,231.0,240.0,210.0,195.0,309.0,203.0,288.0,208.0,317.0,208.0,336.0,173.0,323.0,188.0,313.0,194.0,335.0,193.0,350.0
U,day1,1787865781.857069,28,186.0,393.0,215.0,380.0,235.0,348.0,220.0,323.0,198.0,309.0,233.0,301.0,241.0,264.0,244.0,240.0,244.0,220.0,212.0,300.0,220.0,256.0,228.0,229.0,232.0,207.0,192.0,307.0,198.0,290.0,205.0,317.0,206.0,335.0,173.0,321.0,183.0,313.0,190.0,332.0,192.0,346.0
U,day1,1787865781.9780953,29,181.0,397.0,206.0,378.0,218.0,343.0,197.0,320.0,172.0,309.0,205.0,297.0,202.0,260.0,198.0,238.0,194.0,218.0,184.0,300.0,179.0,257.0,178.0,231.0,175.0,208.0,166.0,313.0,166.0,295.0,179.0,320.0,185.0,338.0,150.0,331.0,156.0,321.0,169.0,341.0,174.0,356.0
U,day1,1787865782.0929964,30,178.0,401.0,201.0,380.0,207.0,342.0,183.0,320.0,156.0,308.0,191.0,297.0,184.0,259.0,177.0,237.0,170.0,218.0,170.0,302.0,161.0,258.0,157.0,232.0,152.0,210.0,153.0,317.0,149.0,295.0,166.0,321.0,174.0,340.0,138.0,338.0,144.0,328.0,160.0,348.0,167.0,363.0
U,day1,1787865782.18055,31,175.0,405.0,200.0,382.0,206.0,345.0,185.0,325.0,161.0,314.0,188.0,298.0,180.0,260.0,172.0,238.0,163.0,218.0,167.0,304.0,158.0,260.0,154.0,232.0,148.0,209.0,150.0,320.0,145.0,298.0,162.0,322.0,171.0,340.0,135.0,342.0,142.0,330.0,157.0,347.0,164.0,361.0
U,day1,1787865782.2736354,32,172.0,407.0,197.0,385.0,205.0,349.0,182.0,329.0,157.0,317.0,188.0,301.0,181.0,262.0,173.0,239.0,165.0,219.0,167.0,306.0,159.0,261.0,155.0,233.0,150.0,209.0,149.0,321.0,146.0,300.0,162.0,326.0,170.0,344.0,133.0,343.0,140.0,331.0,155.0,350.0,163.0,364.0
U,day1,1787865782.3806305,33,171.0,407.0,196.0,385.0,206.0,350.0,183.0,329.0,157.0,318.0,189.0,300.0,183.0,261.0,177.0,238.0,169.0,217.0,167.0,305.0,161.0,259.0,158.0,231.0,153.0,208.0,149.0,320.0,146.0,299.0,161.0,325.0,169.0,344.0,133.0,341.0,139.0,329.0,154.0,348.0,161.0,362.0
U,day1,1787865782.4896927,34,169.0,407.0,195.0,386.0,208.0,350.0,185.0,328.0,158.0,317.0,194.0,299.0,191.0,261.0,188.0,237.0,182.0,216.0,172.0,302.0,169.0,257.0,169.0,229.0,166.0,205.0,152.0,317.0,151.0,296.0,165.0,323.0,171.0,342.0,135.0,338.0,142.0,325.0,156.0,344.0,161.0,358.0
U,day1,1787865782.5751514,35,166.0,407.0,194.0,388.0,208.0,352.0,186.0,328.0,159.0,316.0,201.0,302.0,203.0,262.0,201.0,238.0,198.0,216.0,178.0,303.0,180.0,256.0,183.0,228.0,183.0,203.0,157.0,315.0,159.0,297.0,169.0,325.0,173.0,344.0,138.0,333.0,147.0,323.0,158.0,345.0,161.0,360.0
U,day1,1787865782.6758945,36,163.0,411.0,195.0,393.0,212.0,360.0,190.0,335.0,164.0,320.0,212.0,308.0,218.0,269.0,221.0,244.0,221.0,222.0,188.0,305.0,194.0,259.0,200.0,231.0,204.0,208.0,165.0,314.0,170.0,299.0,177.0,325.0,178.0,344.0,144.0,330.0,153.0,323.0,163.0,342.0,166.0,358.0
U,day1,1787865782.7661777,37,163.0,412.0,194.0,398.0,213.0,367.0,197.0,340.0,173.0,322.0,219.0,313.0,229.0,272.0,235.0,247.0,236.0,225.0,196.0,308.0,206.0,261.0,216.0,233.0,222.0,211.0,172.0,315.0,179.0,301.0,184.0,328.0,183.0,346.0,149.0,329.0,161.0,326.0,170.0,346.0,172.0,361.0
U,day1,1787865782.8636613,38,163.0,410.0,195.0,398.0,217.0,367.0,202.0,340.0,181.0,319.0,224.0,313.0,236.0,273.0,243.0,248.0,246.0,225.0,201.0,308.0,215.0,260.0,225.0,233.0,232.0,210.0,177.0,315.0,186.0,301.0,189.0,329.0,187.0,347.0,153.0,328.0,165.0,322.0,172.0,343.0,173.0,358.0
U,day1,1787865782.959473,39,163.0,409.0,195.0,398.0,216.0,368.0,203.0,339.0,180.0,318.0,223.0,312.0,234.0,272.0,240.0,246.0,242.0,223.0,201.0,307.0,212.0,260.0,223.0,232.0,230.0,209.0,177.0,314.0,184.0,298.0,189.0,324.0,188.0,342.0,153.0,328.0,166.0,324.0,174.0,344.0,176.0,360.0
U,day1,1787865783.0761466,40,161.0,411.0,194.0,399.0,215.0,368.0,202.0,342.0,180.0,324.0,217.0,310.0,226.0,268.0,230.0,243.0,232.0,220.0,194.0,306.0,204.0,259.0,212.0,230.0,218.0,206.0,170.0,315.0,176.0,298.0,183.0,324.0,184.0,342.0,147.0,331.0,160.0,326.0,169.0,345.0,173.0,360.0
U,day1,1787865783.1699812,41,162.0,417.0,194.0,401.0,213.0,369.0,197.0,344.0,172.0,331.0,211.0,310.0,217.0,269.0,220.0,243.0,220.0,220.0,188.0,308.0,194.0,261.0,201.0,231.0,205.0,206.0,165.0,318.0,170.0,302.0,178.0,327.0,180.0,346.0,143.0,334.0,155.0,328.0,166.0,347.0,169.0,362.0
U,day1,1787865783.259476,42,162.0,420.0,195.0,403.0,213.0,369.0,195.0,345.0,168.0,330.0,209.0,310.0,213.0,268.0,214.0,240.0,213.0,217.0,185.0,308.0,190.0,261.0,195.0,230.0,198.0,204.0,162.0,319.0,166.0,303.0,175.0,330.0,177.0,350.0,140.0,336.0,152.0,329.0,164.0,349.0,168.0,364.0
U,day1,1787865783.3556046,43,165.0,421.0,198.0,403.0,215.0,369.0,195.0,345.0,169.0,332.0,210.0,309.0,214.0,267.0,216.0,239.0,214.0,216.0,186.0,307.0,191.0,258.0,197.0,227.0,199.0,201.0,162.0,318.0,165.0,302.0,175.0,331.0,178.0,351.0,141.0,337.0,152.0,329.0,164.0,350.0,169.0,365.0
U,day1,1787865783.4810188,44,165.0,423.0,199.0,406.0,217.0,371.0,197.0,347.0,170.0,331.0,212.0,309.0,216.0,265.0,217.0,237.0,214.0,212.0,187.0,307.0,192.0,258.0,197.0,225.0,200.0,198.0,163.0,318.0,167.0,303.0,176.0,331.0,179.0,351.0,141.0,336.0,153.0,328.0,165.0,348.0,170.0,364.0
U,day1,1787865783.605355,45,164.0,425.0,198.0,408.0,217.0,373.0,196.0,348.0,168.0,333.0,213.0,309.0,218.0,265.0,220.0,236.0,219.0,211.0,187.0,307.0,194.0,256.0,200.0,223.0,203.0,196.0,162.0,318.0,166.0,303.0,175.0,333.0,178.0,354.0,140.0,336.0,152.0,330.0,164.0,352.0,168.0,368.0
U,day1,1787865783.736246,46,162.0,426.0,197.0,409.0,217.0,374.0,195.0,348.0,165.0,333.0,214.0,309.0,220.0,263.0,223.0,234.0,223.0,208.0,187.0,306.0,195.0,254.0,203.0,221.0,207.0,193.0,161.0,316.0,167.0,302.0,175.0,333.0,177.0,354.0,137.0,335.0,151.0,333.0,162.0,357.0,166.0,373.0
U,day1,1787865783.8552818,47,158.0,428.0,195.0,412.0,215.0,375.0,193.0,349.0,164.0,336.0,213.0,309.0,220.0,263.0,224.0,232.0,224.0,206.0,186.0,306.0,194.0,253.0,203.0,219.0,207.0,190.0,159.0,316.0,164.0,299.0,172.0,332.0,174.0,354.0,134.0,334.0,150.0,331.0,161.0,355.0,165.0,371.0
U,day1,1787865783.9649765,48,156.0,432.0,193.0,415.0,213.0,377.0,189.0,351.0,159.0,335.0,212.0,310.0,219.0,263.0,222.0,232.0,221.0,205.0,184.0,307.0,193.0,253.0,200.0,218.0,204.0,188.0,157.0,317.0,160.0,302.0,169.0,335.0,172.0,357.0,132.0,335.0,146.0,334.0,157.0,359.0,161.0,375.0
U,day1,1787865784.0689356,49,154.0,428.0,190.0,411.0,210.0,374.0,186.0,345.0,156.0,327.0,209.0,307.0,215.0,261.0,218.0,231.0,218.0,204.0,181.0,304.0,189.0,250.0,197.0,216.0,201.0,188.0,154.0,315.0,157.0,298.0,167.0,331.0,171.0,353.0,129.0,335.0,142.0,329.0,154.0,355.0,160.0,372.0
U,day1,1787865784.1719275,50,154.0,414.0,188.0,398.0,209.0,363.0,186.0,336.0,158.0,318.0,208.0,302.0,214.0,257.0,216.0,228.0,215.0,202.0,181.0,299.0,189.0,247.0,196.0,215.0,200.0,187.0,155.0,310.0,159.0,291.0,168.0,321.0,171.0,343.0,131.0,328.0,142.0,320.0,153.0,343.0,158.0,360.0
U,day1,1787865784.2773454,51,157.0,409.0,190.0,393.0,210.0,360.0,190.0,334.0,164.0,318.0,209.0,302.0,216.0,261.0,219.0,234.0,219.0,210.0,185.0,299.0,192.0,250.0,199.0,220.0,203.0,195.0,161.0,309.0,165.0,290.0,172.0,319.0,173.0,338.0,137.0,325.0,148.0,317.0,157.0,338.0,159.0,354.0
U,day1,1787865784.3907082,52,158.0,404.0,189.0,390.0,210.0,358.0,192.0,333.0,169.0,315.0,211.0,302.0,218.0,262.0,220.0,236.0,220.0,214.0,187.0,299.0,195.0,254.0,202.0,224.0,207.0,200.0,164.0,308.0,169.0,290.0,175.0,320.0,176.0,339.0,141.0,324.0,153.0,315.0,161.0,337.0,162.0,352.0
U,day1,1787865784.4925911,53,157.0,400.0,188.0,387.0,208.0,354.0,190.0,327.0,165.0,309.0,208.0,301.0,215.0,262.0,218.0,237.0,217.0,215.0,186.0,298.0,194.0,253.0,202.0,226.0,205.0,202.0,163.0,306.0,168.0,289.0,175.0,318.0,175.0,336.0,140.0,320.0,153.0,313.0,160.0,335.0,159.0,350.0
U,day1,1787865784.603331,54,155.0,395.0,184.0,381.0,201.0,347.0,185.0,321.0,160.0,304.0,201.0,298.0,206.0,259.0,208.0,236.0,207.0,214.0,179.0,296.0,185.0,251.0,190.0,224.0,194.0,200.0,157.0,305.0,160.0,286.0,168.0,314.0,170.0,332.0,136.0,321.0,146.0,313.0,154.0,334.0,155.0,348.0
U,day1,1787865784.693818,55,154.0,395.0,181.0,378.0,193.0,343.0,174.0,319.0,149.0,306.0,187.0,294.0,188.0,256.0,185.0,233.0,182.0,213.0,165.0,296.0,164.0,251.0,166.0,224.0,166.0,201.0,145.0,308.0,146.0,287.0,158.0,313.0,161.0,331.0,126.0,327.0,136.0,318.0,147.0,337.0,150.0,349.0
U,day1,1787865784.7941997,56,152.0,401.0,179.0,383.0,190.0,349.0,171.0,326.0,149.0,312.0,184.0,299.0,183.0,260.0,180.0,236.0,176.0,215.0,161.0,301.0,160.0,255.0,161.0,228.0,160.0,205.0,140.0,313.0,138.0,291.0,149.0,316.0,156.0,334.0,122.0,332.0,129.0,327.0,141.0,346.0,147.0,360.0
V,day1,1787865812.0339339,0,125.0,410.0,150.0,395.0,159.0,368.0,135.0,353.0,111.0,343.0,170.0,315.0,186.0,278.0,197.0,253.0,204.0,232.0,145.0,311.0,145.0,265.0,146.0,236.0,147.0,212.0,123.0,321.0,119.0,309.0,125.0,335.0,129.0,353.0,105.0,337.0,106.0,338.0,114.0,358.0,120.0,371.0
V,day1,1787865812.1445985,1,128.0,407.0,152.0,393.0,162.0,366.0,140.0,349.0,116.0,336.0,172.0,311.0,188.0,275.0,198.0,251.0,206.0,230.0,147.0,308.0,146.0,262.0,148.0,233.0,149.0,209.0,124.0,317.0,122.0,304.0,129.0,331.0,133.0,348.0,106.0,334.0,110.0,334.0,119.0,353.0,125.0,366.0
V,day1,1787865812.2460916,2,127.0,407.0,152.0,393.0,163.0,366.0,139.0,351.0,114.0,338.0,172.0,312.0,189.0,274.0,200.0,250.0,207.0,229.0,147.0,307.0,147.0,261.0,149.0,232.0,150.0,207.0,124.0,316.0,121.0,307.0,128.0,335.0,132.0,352.0,106.0,331.0,108.0,335.0,117.0,356.0,123.0,368.0
V,day1,1787865812.3514369,3,127.0,410.0,152.0,397.0,163.0,369.0,140.0,352.0,115.0,338.0,173.0,312.0,191.0,274.0,201.0,249.0,209.0,228.0,148.0,307.0,148.0,261.0,150.0,231.0,151.0,206.0,124.0,316.0,122.0,306.0,129.0,334.0,132.0,352.0,106.0,332.0,110.0,338.0,118.0,359.0,124.0,373.0
V,day1,1787865812.455775,4,126.0,413.0,152.0,400.0,164.0,372.0,140.0,354.0,115.0,338.0,174.0,313.0,193.0,274.0,205.0,248.0,213.0,226.0,148.0,308.0,149.0,259.0,151.0,228.0,152.0,203.0,124.0,316.0,122.0,309.0,127.0,337.0,130.0,355.0,105.0,332.0,109.0,338.0,116.0,361.0,122.0,375.0
V,day1,1787865812.5432653,5,126.0,418.0,153.0,404.0,165.0,375.0,141.0,356.0,115.0,340.0,176.0,314.0,196.0,274.0,208.0,247.0,217.0,225.0,149.0,309.0,151.0,259.0,153.0,227.0,154.0,201.0,125.0,318.0,123.0,310.0,129.0,338.0,133.0,356.0,105.0,335.0,109.0,338.0,118.0,361.0,125.0,375.0
V,day1,1787865812.6409051,6,125.0,424.0,153.0,410.0,167.0,382.0,143.0,361.0,116.0,345.0,180.0,318.0,201.0,276.0,214.0,248.0,222.0,225.0,151.0,312.0,154.0,260.0,156.0,227.0,158.0,201.0,125.0,320.0,125.0,317.0,130.0,345.0,132.0,363.0,104.0,335.0,108.0,345.0,116.0,369.0,123.0,385.0
V,day1,1787865812.736998,7,126.0,426.0,156.0,413.0,173.0,387.0,147.0,366.0,119.0,349.0,183.0,320.0,206.0,277.0,219.0,249.0,228.0,225.0,154.0,312.0,158.0,260.0,161.0,227.0,163.0,200.0,127.0,319.0,128.0,321.0,132.0,351.0,135.0,369.0,105.0,334.0,110.0,348.0,119.0,373.0,126.0,388.0
V,day1,1787865812.8450754,8,126.0,425.0,156.0,413.0,174.0,385.0,148.0,363.0,120.0,345.0,185.0,318.0,207.0,275.0,221.0,248.0,230.0,224.0,156.0,311.0,159.0,257.0,163.0,224.0,166.0,197.0,129.0,319.0,128.0,314.0,133.0,344.0,136.0,363.0,107.0,335.0,110.0,345.0,120.0,370.0,128.0,386.0
V,day1,1787865812.9530535,9,126.0,424.0,156.0,411.0,173.0,383.0,147.0,362.0,119.0,344.0,184.0,317.0,204.0,274.0,218.0,247.0,227.0,223.0,154.0,309.0,156.0,256.0,160.0,223.0,163.0,196.0,127.0,316.0,129.0,314.0,135.0,343.0,137.0,361.0,105.0,331.0,112.0,343.0,121.0,367.0,127.0,382.0
V,day1,1787865813.0474775,10,122.0,425.0,154.0,411.0,169.0,381.0,142.0,360.0,113.0,342.0,179.0,315.0,200.0,273.0,213.0,246.0,222.0,222.0,149.0,309.0,152.0,256.0,156.0,223.0,159.0,196.0,123.0,318.0,125.0,311.0,131.0,340.0,133.0,359.0,101.0,334.0,108.0,341.0,118.0,365.0,124.0,380.0
V,day1,1787865813.1620643,11,122.0,420.0,152.0,406.0,164.0,375.0,138.0,353.0,111.0,335.0,177.0,312.0,197.0,271.0,210.0,244.0,218.0,221.0,149.0,307.0,151.0,254.0,154.0,222.0,157.0,195.0,123.0,317.0,122.0,305.0,128.0,333.0,131.0,353.0,102.0,334.0,106.0,334.0,116.0,356.0,122.0,372.0
V,day1,1787865813.2615895,12,122.0,415.0,150.0,401.0,163.0,371.0,138.0,350.0,113.0,333.0,177.0,311.0,196.0,270.0,208.0,245.0,217.0,222.0,149.0,305.0,151.0,254.0,154.0,223.0,157.0,196.0,123.0,315.0,123.0,302.0,128.0,329.0,130.0,348.0,102.0,331.0,107.0,334.0,116.0,356.0,122.0,371.0
V,day1,1787865813.374198,13,123.0,413.0,151.0,399.0,164.0,371.0,140.0,351.0,115.0,334.0,176.0,311.0,194.0,272.0,206.0,247.0,215.0,226.0,149.0,306.0,152.0,257.0,155.0,227.0,157.0,202.0,125.0,315.0,124.0,304.0,129.0,330.0,132.0,348.0,104.0,331.0,109.0,333.0,118.0,355.0,124.0,369.0
V,day1,1787865813.465329,14,124.0,412.0,151.0,398.0,163.0,369.0,139.0,350.0,115.0,333.0,173.0,313.0,191.0,275.0,201.0,250.0,209.0,229.0,147.0,308.0,149.0,260.0,151.0,231.0,154.0,207.0,124.0,317.0,124.0,305.0,130.0,331.0,133.0,349.0,104.0,333.0,110.0,333.0,119.0,353.0,125.0,367.0
V,day1,1787865813.5559711,15,123.0,410.0,149.0,396.0,161.0,368.0,137.0,350.0,113.0,335.0,169.0,314.0,185.0,276.0,195.0,253.0,202.0,232.0,144.0,310.0,145.0,263.0,147.0,235.0,149.0,210.0,121.0,318.0,122.0,305.0,128.0,330.0,131.0,347.0,102.0,334.0,108.0,334.0,118.0,353.0,123.0,366.0
V,day1,1787865813.6575425,16,120.0,405.0,146.0,392.0,158.0,365.0,134.0,348.0,110.0,334.0,165.0,312.0,181.0,275.0,191.0,251.0,198.0,231.0,140.0,308.0,140.0,261.0,143.0,233.0,144.0,210.0,117.0,316.0,118.0,306.0,125.0,332.0,128.0,348.0,98.0,331.0,105.0,331.0,114.0,351.0,120.0,363.0
V,day1,1787865813.7532475,17,119.0,406.0,144.0,391.0,156.0,364.0,131.0,349.0,106.0,338.0,159.0,309.0,172.0,272.0,180.0,248.0,186.0,227.0,133.0,306.0,130.0,260.0,130.0,232.0,130.0,210.0,110.0,317.0,109.0,306.0,118.0,330.0,122.0,347.0,91.0,334.0,98.0,332.0,108.0,352.0,114.0,365.0
V,day1,1787865813.8683317,18,116.0,410.0,141.0,393.0,150.0,365.0,122.0,352.0,95.0,341.0,147.0,309.0,159.0,270.0,165.0,245.0,168.0,223.0,121.0,308.0,114.0,262.0,111.0,234.0,108.0,211.0,99.0,321.0,95.0,311.0,107.0,337.0,114.0,353.0,82.0,340.0,87.0,338.0,99.0,357.0,106.0,370.0
V,day1,1787865813.979012,19,114.0,414.0,137.0,394.0,143.0,365.0,113.0,353.0,86.0,344.0,139.0,309.0,145.0,267.0,149.0,241.0,149.0,220.0,112.0,310.0,100.0,264.0,94.0,236.0,88.0,213.0,91.0,323.0,86.0,320.0,97.0,345.0,104.0,359.0,76.0,341.0,79.0,348.0,91.0,366.0,99.0,377.0
V,day1,1787865814.081382,20,111.0,417.0,135.0,397.0,139.0,366.0,109.0,356.0,81.0,349.0,133.0,311.0,137.0,268.0,139.0,241.0,138.0,219.0,106.0,313.0,92.0,266.0,84.0,238.0,76.0,215.0,86.0,327.0,79.0,325.0,93.0,349.0,101.0,363.0,71.0,346.0,73.0,350.0,87.0,368.0,97.0,379.0
V,day1,1787865814.180358,21,110.0,420.0,134.0,399.0,138.0,368.0,105.0,357.0,76.0,349.0,130.0,313.0,133.0,269.0,135.0,242.0,133.0,220.0,103.0,315.0,89.0,268.0,80.0,239.0,72.0,216.0,83.0,329.0,76.0,325.0,90.0,348.0,99.0,362.0,68.0,349.0,70.0,350.0,85.0,368.0,96.0,378.0
V,day1,1787865814.2851355,22,108.0,420.0,132.0,400.0,136.0,370.0,104.0,358.0,74.0,349.0,129.0,313.0,134.0,269.0,136.0,242.0,135.0,220.0,101.0,314.0,87.0,267.0,79.0,239.0,71.0,215.0,81.0,329.0,73.0,325.0,87.0,350.0,97.0,364.0,65.0,349.0,66.0,351.0,81.0,368.0,92.0,377.0
V,day1,1787865814.3725555,23,108.0,420.0,131.0,400.0,135.0,370.0,104.0,358.0,75.0,348.0,130.0,312.0,137.0,269.0,141.0,242.0,140.0,218.0,103.0,312.0,92.0,265.0,85.0,237.0,77.0,213.0,82.0,326.0,75.0,323.0,86.0,348.0,94.0,363.0,66.0,346.0,67.0,350.0,79.0,368.0,89.0,379.0
V,day1,1787865814.4710329,24,107.0,420.0,133.0,401.0,139.0,372.0,109.0,358.0,80.0,347.0,142.0,314.0,153.0,271.0,160.0,243.0,162.0,221.0,114.0,312.0,107.0,264.0,103.0,234.0,100.0,209.0,92.0,325.0,87.0,321.0,96.0,346.0,101.0,361.0,75.0,343.0,77.0,347.0,89.0,365.0,97.0,376.0
V,day1,1787865814.5622203,25,107.0,421.0,134.0,405.0,143.0,377.0,115.0,361.0,86.0,349.0,148.0,318.0,162.0,276.0,170.0,249.0,174.0,226.0,120.0,314.0,117.0,265.0,116.0,235.0,114.0,211.0,97.0,324.0,93.0,321.0,100.0,348.0,104.0,365.0,79.0,340.0,82.0,348.0,91.0,369.0,98.0,382.0
V,day1,1787865814.6591842,26,106.0,420.0,133.0,407.0,144.0,380.0,116.0,363.0,88.0,349.0,153.0,321.0,168.0,281.0,178.0,255.0,184.0,231.0,126.0,315.0,126.0,267.0,126.0,237.0,125.0,212.0,101.0,323.0,97.0,319.0,103.0,347.0,106.0,363.0,82.0,339.0,84.0,349.0,93.0,371.0,99.0,383.0
V,day1,1787865814.7590625,27,108.0,421.0,134.0,408.0,145.0,380.0,118.0,363.0,90.0,348.0,156.0,321.0,173.0,282.0,184.0,256.0,191.0,234.0,130.0,315.0,131.0,267.0,132.0,237.0,133.0,212.0,105.0,324.0,100.0,317.0,105.0,342.0,108.0,358.0,86.0,341.0,87.0,346.0,95.0,367.0,102.0,380.0
V,day1,1787865814.8698368,28,108.0,419.0,136.0,407.0,148.0,379.0,122.0,362.0,96.0,347.0,161.0,322.0,180.0,282.0,192.0,256.0,201.0,234.0,135.0,315.0,138.0,266.0,141.0,236.0,143.0,211.0,111.0,322.0,106.0,316.0,108.0,343.0,109.0,359.0,91.0,336.0,90.0,346.0,97.0,368.0,103.0,382.0
V,day1,1787865814.9789705,29,109.0,418.0,136.0,406.0,149.0,378.0,123.0,361.0,98.0,346.0,161.0,320.0,180.0,280.0,192.0,254.0,200.0,232.0,135.0,313.0,138.0,265.0,141.0,234.0,143.0,208.0,111.0,320.0,105.0,312.0,108.0,339.0,111.0,356.0,91.0,335.0,91.0,344.0,98.0,367.0,105.0,381.0
V,day1,1787865815.0838528,30,110.0,419.0,137.0,406.0,149.0,377.0,124.0,360.0,97.0,346.0,161.0,318.0,179.0,278.0,190.0,252.0,197.0,229.0,134.0,311.0,136.0,263.0,138.0,232.0,140.0,207.0,110.0,319.0,106.0,313.0,110.0,341.0,113.0,357.0,90.0,333.0,93.0,343.0,101.0,365.0,108.0,377.0
V,day1,1787865815.190738,31,111.0,419.0,138.0,405.0,149.0,377.0,122.0,360.0,96.0,345.0,161.0,317.0,178.0,277.0,189.0,251.0,196.0,228.0,133.0,311.0,135.0,262.0,136.0,231.0,138.0,205.0,108.0,319.0,104.0,314.0,109.0,341.0,112.0,358.0,88.0,334.0,91.0,342.0,100.0,364.0,107.0,377.0
V,day1,1787865815.2891066,32,111.0,423.0,138.0,408.0,150.0,380.0,123.0,363.0,97.0,348.0,161.0,317.0,178.0,275.0,189.0,248.0,197.0,224.0,133.0,312.0,133.0,261.0,133.0,229.0,134.0,202.0,107.0,320.0,102.0,314.0,107.0,343.0,110.0,361.0,87.0,336.0,89.0,344.0,98.0,368.0,105.0,382.0
V,day1,1787865815.3810673,33,112.0,428.0,142.0,411.0,155.0,381.0,126.0,364.0,98.0,350.0,164.0,318.0,183.0,274.0,195.0,245.0,203.0,220.0,134.0,312.0,137.0,260.0,137.0,226.0,138.0,198.0,108.0,321.0,105.0,319.0,111.0,349.0,115.0,367.0,87.0,337.0,90.0,347.0,100.0,371.0,108.0,384.0
V,day1,1787865815.4839787,34,114.0,428.0,144.0,412.0,157.0,381.0,129.0,362.0,99.0,347.0,167.0,316.0,187.0,271.0,199.0,242.0,208.0,216.0,137.0,310.0,139.0,257.0,140.0,222.0,140.0,193.0,110.0,319.0,107.0,318.0,114.0,349.0,119.0,366.0,88.0,336.0,91.0,347.0,102.0,371.0,111.0,384.0
V,day1,1787865815.60144,35,113.0,431.0,144.0,415.0,158.0,384.0,130.0,364.0,100.0,347.0,169.0,316.0,189.0,270.0,201.0,240.0,210.0,214.0,138.0,310.0,140.0,256.0,142.0,221.0,143.0,190.0,110.0,318.0,107.0,319.0,113.0,350.0,117.0,368.0,88.0,334.0,91.0,347.0,102.0,371.0,111.0,385.0
V,day1,1787865815.699481,36,113.0,435.0,144.0,418.0,158.0,387.0,127.0,369.0,97.0,353.0,169.0,318.0,188.0,270.0,200.0,239.0,208.0,212.0,136.0,311.0,137.0,255.0,139.0,219.0,140.0,188.0,107.0,319.0,104.0,320.0,110.0,352.0,114.0,370.0,84.0,336.0,89.0,354.0,100.0,380.0,110.0,393.0
V,day1,1787865815.81028,37,112.0,436.0,144.0,419.0,159.0,388.0,127.0,370.0,96.0,354.0,168.0,318.0,187.0,270.0,200.0,239.0,208.0,213.0,135.0,312.0,137.0,256.0,138.0,220.0,138.0,189.0,107.0,320.0,103.0,321.0,109.0,352.0,113.0,371.0,83.0,337.0,88.0,352.0,99.0,378.0,109.0,392.0
V,day1,1787865815.8934171,38,112.0,435.0,143.0,419.0,157.0,388.0,126.0,369.0,95.0,352.0,168.0,318.0,187.0,270.0,199.0,240.0,208.0,213.0,135.0,311.0,136.0,256.0,137.0,220.0,139.0,189.0,107.0,320.0,103.0,320.0,110.0,352.0,114.0,370.0,84.0,337.0,88.0,352.0,99.0,377.0,110.0,391.0
V,day1,1787865816.0204227,39,113.0,434.0,143.0,417.0,157.0,384.0,129.0,362.0,101.0,345.0,167.0,315.0,185.0,268.0,196.0,238.0,204.0,212.0,136.0,310.0,135.0,254.0,136.0,218.0,137.0,188.0,109.0,321.0,103.0,312.0,110.0,342.0,115.0,362.0,86.0,340.0,89.0,346.0,100.0,370.0,109.0,386.0
V,day1,1787865816.1205075,40,116.0,421.0,146.0,403.0,158.0,372.0,130.0,353.0,102.0,339.0,167.0,308.0,184.0,264.0,194.0,236.0,201.0,211.0,137.0,304.0,135.0,250.0,136.0,216.0,137.0,188.0,110.0,315.0,107.0,304.0,115.0,334.0,120.0,354.0,88.0,332.0,93.0,335.0,103.0,359.0,111.0,375.0
V,day1,1787865816.2120562,41,117.0,414.0,145.0,399.0,157.0,370.0,132.0,351.0,104.0,335.0,165.0,305.0,182.0,263.0,192.0,236.0,198.0,212.0,136.0,301.0,135.0,249.0,135.0,217.0,136.0,190.0,111.0,312.0,109.0,302.0,117.0,330.0,121.0,348.0,90.0,330.0,95.0,331.0,105.0,353.0,112.0,367.0
V,day1,1787865816.3228414,42,117.0,411.0,145.0,395.0,156.0,365.0,130.0,347.0,103.0,333.0,163.0,305.0,178.0,265.0,187.0,239.0,193.0,216.0,135.0,302.0,133.0,252.0,133.0,222.0,133.0,197.0,110.0,313.0,109.0,302.0,117.0,328.0,121.0,346.0,90.0,330.0,96.0,332.0,107.0,354.0,113.0,368.0
V,day1,1787865816.4502032,43,118.0,410.0,145.0,394.0,155.0,364.0,128.0,347.0,101.0,333.0,161.0,307.0,175.0,268.0,183.0,242.0,188.0,220.0,134.0,304.0,131.0,256.0,131.0,227.0,130.0,203.0,109.0,314.0,109.0,305.0,117.0,331.0,122.0,348.0,89.0,331.0,95.0,333.0,107.0,354.0,114.0,367.0
V,day1,1787865816.5578113,44,117.0,410.0,143.0,395.0,154.0,366.0,128.0,351.0,102.0,339.0,158.0,310.0,172.0,271.0,180.0,246.0,185.0,225.0,132.0,307.0,129.0,261.0,128.0,232.0,127.0,207.0,108.0,318.0,106.0,306.0,114.0,332.0,118.0,350.0,89.0,335.0,92.0,335.0,103.0,356.0,110.0,370.0
V,day1,1787865816.661589,45,117.0,410.0,141.0,396.0,151.0,370.0,130.0,354.0,107.0,341.0,158.0,312.0,171.0,274.0,179.0,250.0,184.0,228.0,132.0,309.0,130.0,264.0,128.0,235.0,126.0,211.0,109.0,320.0,103.0,311.0,111.0,336.0,116.0,352.0,90.0,336.0,91.0,338.0,101.0,359.0,109.0,373.0
V,day1,1787865816.7603433,46,119.0,412.0,143.0,398.0,153.0,372.0,131.0,355.0,108.0,342.0,159.0,315.0,172.0,278.0,180.0,253.0,185.0,232.0,134.0,313.0,131.0,267.0,130.0,240.0,130.0,217.0,112.0,323.0,110.0,314.0,117.0,337.0,121.0,353.0,94.0,340.0,98.0,339.0,107.0,358.0,113.0,372.0
V,day1,1787865816.8561614,47,120.0,415.0,144.0,400.0,154.0,373.0,133.0,357.0,109.0,345.0,159.0,319.0,172.0,281.0,180.0,258.0,185.0,237.0,135.0,317.0,132.0,272.0,132.0,244.0,131.0,222.0,113.0,328.0,112.0,319.0,119.0,342.0,123.0,357.0,95.0,345.0,100.0,345.0,110.0,363.0,116.0,376.0
V,day1,1787865816.9642808,48,119.0,415.0,143.0,400.0,153.0,374.0,133.0,360.0,113.0,350.0,158.0,320.0,170.0,283.0,177.0,260.0,182.0,239.0,133.0,319.0,130.0,275.0,128.0,247.0,127.0,225.0,112.0,330.0,108.0,318.0,114.0,339.0,116.0,355.0,94.0,347.0,97.0,350.0,106.0,370.0,112.0,384.0
V,day1,1787865817.0615432,49,113.0,420.0,138.0,403.0,149.0,376.0,124.0,364.0,99.0,355.0,148.0,323.0,159.0,285.0,165.0,260.0,170.0,239.0,122.0,321.0,118.0,276.0,117.0,249.0,116.0,227.0,101.0,332.0,101.0,330.0,110.0,354.0,115.0,368.0,84.0,348.0,89.0,354.0,99.0,373.0,106.0,383.0
V,day1,1787865817.1873093,50,108.0,424.0,131.0,405.0,139.0,377.0,113.0,365.0,88.0,358.0,138.0,323.0,147.0,284.0,153.0,259.0,155.0,238.0,112.0,323.0,105.0,278.0,101.0,251.0,98.0,229.0,92.0,335.0,88.0,331.0,97.0,354.0,102.0,368.0,76.0,352.0,78.0,354.0,88.0,372.0,95.0,384.0
V,day1,1787865817.3204696,51,104.0,430.0,127.0,409.0,130.0,378.0,101.0,367.0,73.0,361.0,125.0,327.0,131.0,287.0,134.0,261.0,134.0,239.0,99.0,329.0,87.0,285.0,80.0,258.0,75.0,235.0,79.0,343.0,73.0,337.0,86.0,361.0,94.0,376.0,63.0,361.0,66.0,364.0,78.0,381.0,87.0,391.0
V,day1,1787865817.4371119,52,103.0,436.0,125.0,414.0,127.0,384.0,95.0,372.0,67.0,364.0,123.0,329.0,129.0,288.0,132.0,262.0,132.0,240.0,97.0,330.0,85.0,286.0,78.0,259.0,72.0,236.0,77.0,345.0,70.0,338.0,83.0,362.0,91.0,376.0,61.0,364.0,62.0,364.0,75.0,381.0,85.0,390.0
V,day1,1787865817.5434494,53,104.0,433.0,126.0,411.0,129.0,382.0,99.0,371.0,71.0,363.0,125.0,327.0,133.0,288.0,138.0,261.0,139.0,240.0,99.0,329.0,90.0,285.0,83.0,257.0,78.0,234.0,79.0,343.0,74.0,336.0,85.0,358.0,91.0,373.0,64.0,363.0,66.0,364.0,78.0,380.0,87.0,390.0
V,day1,1787865817.672777,54,106.0,430.0,129.0,410.0,134.0,382.0,107.0,368.0,81.0,359.0,137.0,329.0,149.0,289.0,156.0,264.0,159.0,243.0,112.0,328.0,106.0,282.0,103.0,253.0,101.0,230.0,91.0,340.0,86.0,334.0,93.0,356.0,97.0,371.0,75.0,357.0,77.0,357.0,87.0,374.0,94.0,385.0
V,day1,1787865817.7910216,55,108.0,427.0,133.0,410.0,141.0,382.0,113.0,367.0,87.0,357.0,145.0,329.0,159.0,289.0,166.0,264.0,169.0,242.0,120.0,326.0,116.0,280.0,114.0,252.0,112.0,229.0,98.0,337.0,94.0,331.0,101.0,354.0,105.0,368.0,81.0,354.0,83.0,355.0,92.0,372.0,98.0,384.0
W,day1,1787865849.7456968,0,144.0,409.0,165.0,399.0,179.0,378.0,164.0,364.0,142.0,354.0,185.0,327.0,199.0,295.0,207.0,274.0,214.0,255.0,163.0,322.0,167.0,283.0,168.0,259.0,169.0,239.0,145.0,329.0,140.0,298.0,137.0,275.0,132.0,256.0,131.0,345.0,139.0,336.0,145.0,351.0,148.0,366.0
W,day1,1787865849.8583603,1,145.0,408.0,166.0,399.0,180.0,378.0,165.0,363.0,145.0,352.0,186.0,326.0,200.0,294.0,209.0,274.0,215.0,255.0,165.0,321.0,168.0,283.0,170.0,259.0,171.0,239.0,147.0,329.0,141.0,297.0,138.0,274.0,134.0,255.0,132.0,344.0,140.0,334.0,147.0,349.0,150.0,365.0
W,day1,1787865849.9734323,2,147.0,407.0,167.0,398.0,182.0,378.0,167.0,364.0,148.0,353.0,188.0,325.0,201.0,294.0,210.0,274.0,217.0,255.0,166.0,321.0,170.0,282.0,171.0,259.0,173.0,239.0,148.0,328.0,143.0,297.0,140.0,275.0,136.0,256.0,133.0,343.0,142.0,335.0,148.0,350.0,151.0,366.0
W,day1,1787865850.0868816,3,147.0,408.0,168.0,398.0,182.0,377.0,167.0,362.0,147.0,351.0,189.0,326.0,203.0,294.0,212.0,275.0,218.0,256.0,168.0,321.0,171.0,283.0,173.0,259.0,174.0,239.0,149.0,328.0,145.0,298.0,142.0,274.0,138.0,254.0,134.0,343.0,143.0,335.0,150.0,350.0,152.0,366.0
W,day1,1787865850.1835277,4,147.0,407.0,168.0,399.0,182.0,378.0,167.0,363.0,147.0,351.0,190.0,327.0,204.0,295.0,213.0,275.0,220.0,256.0,168.0,322.0,172.0,283.0,175.0,260.0,176.0,239.0,151.0,328.0,146.0,297.0,143.0,275.0,140.0,255.0,136.0,343.0,144.0,334.0,149.0,348.0,151.0,364.0
W,day1,1787865850.285228,5,148.0,407.0,169.0,398.0,183.0,377.0,167.0,361.0,147.0,350.0,190.0,326.0,204.0,294.0,213.0,275.0,220.0,256.0,169.0,321.0,173.0,283.0,175.0,259.0,177.0,239.0,151.0,328.0,147.0,297.0,144.0,274.0,141.0,255.0,137.0,342.0,145.0,333.0,151.0,348.0,152.0,364.0
W,day1,1787865850.4067442,6,149.0,410.0,170.0,401.0,185.0,379.0,169.0,363.0,148.0,351.0,192.0,327.0,206.0,295.0,215.0,276.0,222.0,257.0,170.0,322.0,175.0,284.0,177.0,261.0,178.0,240.0,152.0,329.0,148.0,298.0,146.0,275.0,142.0,256.0,137.0,344.0,145.0,334.0,151.0,348.0,153.0,363.0
W,day1,1787865850.519289,7,149.0,411.0,172.0,402.0,187.0,381.0,171.0,363.0,150.0,351.0,192.0,327.0,206.0,294.0,216.0,274.0,222.0,255.0,170.0,322.0,174.0,282.0,176.0,258.0,177.0,237.0,152.0,329.0,148.0,297.0,145.0,275.0,142.0,255.0,137.0,344.0,145.0,333.0,151.0,348.0,153.0,363.0
W,day1,1787865850.6194036,8,147.0,412.0,172.0,403.0,190.0,382.0,175.0,365.0,152.0,354.0,192.0,326.0,206.0,291.0,215.0,270.0,221.0,250.0,169.0,321.0,171.0,280.0,173.0,255.0,174.0,233.0,150.0,330.0,145.0,298.0,142.0,274.0,138.0,254.0,136.0,347.0,145.0,337.0,151.0,351.0,152.0,368.0
W,day1,1787865850.718823,9,143.0,416.0,169.0,408.0,190.0,388.0,182.0,374.0,166.0,359.0,191.0,326.0,205.0,291.0,214.0,269.0,220.0,248.0,168.0,323.0,170.0,280.0,172.0,253.0,172.0,231.0,149.0,333.0,146.0,300.0,143.0,276.0,139.0,256.0,134.0,352.0,153.0,345.0,162.0,359.0,167.0,374.0
W,day1,1787865850.8626428,10,139.0,421.0,166.0,411.0,188.0,387.0,180.0,371.0,159.0,363.0,188.0,325.0,202.0,289.0,211.0,266.0,217.0,245.0,164.0,322.0,166.0,279.0,168.0,251.0,168.0,229.0,145.0,333.0,141.0,299.0,139.0,274.0,135.0,254.0,130.0,352.0,148.0,345.0,157.0,361.0,160.0,377.0
W,day1,1787865850.987207,11,136.0,424.0,164.0,414.0,186.0,389.0,176.0,372.0,156.0,360.0,183.0,324.0,198.0,288.0,208.0,264.0,214.0,243.0,159.0,322.0,161.0,277.0,162.0,249.0,162.0,226.0,140.0,333.0,135.0,299.0,133.0,274.0,128.0,254.0,124.0,354.0,143.0,344.0,153.0,358.0,157.0,374.0
W,day1,1787865851.094,12,128.0,426.0,156.0,414.0,175.0,388.0,154.0,367.0,127.0,353.0,181.0,328.0,200.0,290.0,212.0,266.0,220.0,244.0,155.0,321.0,162.0,274.0,165.0,244.0,167.0,219.0,134.0,327.0,130.0,290.0,128.0,262.0,124.0,238.0,116.0,344.0,122.0,334.0,128.0,352.0,129.0,370.0
W,day1,1787865851.198047,13,124.0,427.0,150.0,414.0,167.0,388.0,147.0,369.0,122.0,354.0,183.0,326.0,201.0,287.0,213.0,263.0,221.0,240.0,155.0,319.0,162.0,271.0,165.0,241.0,167.0,215.0,131.0,325.0,126.0,285.0,124.0,257.0,120.0,233.0,111.0,342.0,121.0,332.0,128.0,351.0,130.0,370.0
W,day1,1787865851.2952688,14,120.0,429.0,143.0,418.0,156.0,393.0,141.0,373.0,122.0,355.0,178.0,328.0,196.0,288.0,208.0,263.0,217.0,240.0,150.0,320.0,155.0,270.0,158.0,239.0,160.0,213.0,125.0,327.0,119.0,286.0,114.0,256.0,108.0,232.0,104.0,345.0,113.0,335.0,120.0,353.0,124.0,373.0
W,day1,1787865851.4211085,15,117.0,437.0,142.0,426.0,155.0,400.0,135.0,380.0,112.0,362.0,177.0,333.0,196.0,293.0,208.0,267.0,217.0,244.0,149.0,326.0,155.0,275.0,157.0,244.0,159.0,217.0,123.0,333.0,117.0,291.0,112.0,262.0,107.0,237.0,102.0,352.0,110.0,341.0,117.0,361.0,119.0,380.0
W,day1,1787865851.5453358,16,120.0,441.0,147.0,428.0,163.0,401.0,138.0,383.0,110.0,368.0,181.0,337.0,202.0,297.0,214.0,271.0,224.0,247.0,152.0,329.0,159.0,278.0,163.0,246.0,165.0,219.0,126.0,336.0,119.0,293.0,116.0,263.0,112.0,239.0,104.0,355.0,111.0,346.0,117.0,366.0,120.0,386.0
W,day1,1787865851.6446307,17,121.0,441.0,148.0,429.0,165.0,404.0,141.0,386.0,114.0,370.0,183.0,338.0,204.0,298.0,217.0,272.0,227.0,248.0,154.0,329.0,162.0,278.0,166.0,246.0,169.0,219.0,128.0,336.0,122.0,294.0,119.0,264.0,115.0,238.0,106.0,355.0,114.0,348.0,121.0,368.0,123.0,388.0
W,day1,1787865851.7663593,18,123.0,439.0,148.0,428.0,165.0,406.0,149.0,390.0,128.0,373.0,185.0,336.0,207.0,296.0,220.0,270.0,230.0,246.0,156.0,327.0,164.0,276.0,169.0,244.0,172.0,216.0,130.0,334.0,124.0,292.0,121.0,262.0,117.0,236.0,108.0,352.0,117.0,344.0,123.0,364.0,126.0,385.0
W,day1,1787865851.89184,19,123.0,437.0,148.0,426.0,164.0,403.0,146.0,386.0,124.0,369.0,187.0,335.0,209.0,294.0,223.0,269.0,233.0,245.0,158.0,326.0,167.0,275.0,172.0,243.0,175.0,215.0,133.0,332.0,128.0,290.0,124.0,259.0,120.0,234.0,111.0,350.0,119.0,341.0,124.0,361.0,126.0,381.0
W,day1,1787865852.004336,20,126.0,436.0,151.0,425.0,167.0,402.0,149.0,385.0,126.0,369.0,188.0,334.0,210.0,294.0,223.0,268.0,234.0,244.0,159.0,325.0,167.0,274.0,172.0,242.0,175.0,214.0,133.0,331.0,127.0,289.0,124.0,258.0,120.0,232.0,111.0,349.0,121.0,340.0,128.0,361.0,130.0,382.0
W,day1,1787865852.1160142,21,124.0,428.0,150.0,419.0,167.0,399.0,150.0,379.0,129.0,359.0,189.0,330.0,211.0,290.0,225.0,265.0,235.0,241.0,161.0,320.0,169.0,270.0,174.0,238.0,177.0,211.0,135.0,325.0,129.0,282.0,124.0,251.0,120.0,225.0,113.0,341.0,121.0,332.0,128.0,352.0,131.0,373.0
W,day1,1787865852.2130384,22,132.0,415.0,156.0,407.0,172.0,386.0,159.0,366.0,143.0,346.0,195.0,320.0,216.0,283.0,229.0,259.0,238.0,237.0,168.0,311.0,177.0,264.0,181.0,233.0,184.0,207.0,143.0,317.0,139.0,275.0,138.0,245.0,136.0,221.0,121.0,334.0,130.0,324.0,136.0,341.0,140.0,359.0
W,day1,1787865852.321135,23,140.0,405.0,164.0,396.0,180.0,374.0,166.0,354.0,148.0,335.0,201.0,314.0,221.0,279.0,234.0,257.0,244.0,236.0,176.0,305.0,186.0,260.0,191.0,233.0,195.0,209.0,152.0,309.0,150.0,270.0,150.0,243.0,149.0,220.0,132.0,324.0,139.0,318.0,144.0,335.0,146.0,352.0
W,day1,1787865852.4372258,24,146.0,397.0,170.0,389.0,184.0,367.0,174.0,346.0,159.0,326.0,204.0,311.0,223.0,279.0,235.0,258.0,245.0,239.0,181.0,303.0,190.0,261.0,194.0,235.0,198.0,213.0,159.0,307.0,158.0,270.0,158.0,244.0,158.0,223.0,140.0,322.0,148.0,311.0,153.0,327.0,154.0,344.0
W,day1,1787865852.5601811,25,150.0,394.0,172.0,386.0,184.0,366.0,175.0,344.0,162.0,324.0,207.0,313.0,225.0,282.0,236.0,262.0,244.0,244.0,185.0,305.0,194.0,265.0,198.0,241.0,202.0,220.0,164.0,308.0,164.0,272.0,164.0,249.0,164.0,230.0,147.0,320.0,152.0,311.0,155.0,325.0,156.0,340.0
W,day1,1787865852.6720297,26,154.0,391.0,175.0,384.0,188.0,364.0,182.0,344.0,174.0,323.0,208.0,313.0,226.0,283.0,236.0,264.0,245.0,247.0,188.0,305.0,195.0,267.0,200.0,244.0,203.0,225.0,168.0,309.0,167.0,275.0,167.0,253.0,167.0,235.0,151.0,321.0,158.0,312.0,163.0,325.0,164.0,340.0
W,day1,1787865852.7769833,27,156.0,392.0,175.0,384.0,187.0,364.0,178.0,344.0,167.0,323.0,207.0,313.0,224.0,284.0,234.0,266.0,242.0,248.0,187.0,306.0,194.0,268.0,198.0,246.0,202.0,226.0,167.0,310.0,166.0,276.0,166.0,254.0,166.0,236.0,151.0,322.0,158.0,313.0,163.0,327.0,165.0,342.0
W,day1,1787865852.8650334,28,152.0,393.0,172.0,384.0,184.0,363.0,176.0,341.0,166.0,321.0,202.0,316.0,219.0,286.0,229.0,267.0,236.0,249.0,182.0,309.0,188.0,271.0,192.0,248.0,196.0,228.0,163.0,313.0,161.0,279.0,161.0,256.0,159.0,237.0,146.0,324.0,152.0,315.0,155.0,329.0,156.0,344.0
W,day1,1787865852.9937594,29,149.0,397.0,168.0,389.0,179.0,370.0,169.0,348.0,155.0,329.0,199.0,320.0,215.0,289.0,225.0,270.0,232.0,253.0,179.0,313.0,185.0,275.0,188.0,252.0,191.0,232.0,160.0,317.0,157.0,284.0,156.0,261.0,154.0,242.0,143.0,329.0,149.0,320.0,153.0,334.0,154.0,348.0
W,day1,1787865853.0961916,30,149.0,401.0,169.0,393.0,180.0,373.0,168.0,353.0,153.0,334.0,197.0,322.0,212.0,291.0,222.0,272.0,229.0,254.0,176.0,315.0,181.0,277.0,185.0,254.0,188.0,233.0,157.0,320.0,154.0,287.0,153.0,264.0,151.0,245.0,140.0,333.0,146.0,325.0,150.0,339.0,151.0,354.0
W,day1,1787865853.2064443,31,143.0,402.0,161.0,389.0,166.0,366.0,142.0,352.0,119.0,341.0,175.0,317.0,185.0,283.0,190.0,262.0,193.0,243.0,153.0,313.0,154.0,274.0,152.0,250.0,151.0,230.0,135.0,320.0,124.0,288.0,116.0,267.0,109.0,250.0,122.0,336.0,118.0,329.0,122.0,342.0,126.0,355.0
W,day1,1787865853.3241725,32,141.0,406.0,158.0,393.0,162.0,370.0,138.0,357.0,114.0,347.0,168.0,319.0,173.0,283.0,176.0,261.0,177.0,241.0,145.0,317.0,140.0,277.0,136.0,253.0,133.0,233.0,126.0,326.0,110.0,295.0,100.0,275.0,91.0,258.0,114.0,343.0,112.0,337.0,119.0,350.0,125.0,363.0
W,day1,1787865853.453962,33,143.0,412.0,159.0,397.0,161.0,373.0,135.0,361.0,109.0,353.0,163.0,322.0,167.0,286.0,169.0,264.0,170.0,243.0,140.0,321.0,133.0,282.0,128.0,258.0,124.0,238.0,123.0,331.0,105.0,300.0,93.0,280.0,83.0,263.0,111.0,349.0,106.0,342.0,112.0,355.0,118.0,367.0
W,day1,1787865853.572225,34,141.0,414.0,158.0,398.0,159.0,373.0,131.0,362.0,105.0,355.0,160.0,322.0,164.0,287.0,166.0,265.0,166.0,244.0,137.0,321.0,130.0,282.0,124.0,258.0,120.0,237.0,120.0,331.0,102.0,302.0,90.0,281.0,80.0,264.0,108.0,350.0,104.0,344.0,111.0,356.0,117.0,369.0
W,day1,1787865853.6845062,35,141.0,414.0,157.0,399.0,158.0,375.0,130.0,363.0,104.0,354.0,160.0,322.0,164.0,287.0,166.0,265.0,166.0,244.0,137.0,321.0,130.0,282.0,125.0,258.0,120.0,237.0,119.0,331.0,101.0,301.0,90.0,281.0,81.0,263.0,107.0,349.0,104.0,342.0,111.0,355.0,117.0,368.0
W,day1,1787865853.8106568,36,137.0,414.0,154.0,399.0,158.0,377.0,132.0,363.0,107.0,352.0,164.0,323.0,171.0,288.0,174.0,266.0,175.0,246.0,141.0,321.0,137.0,282.0,132.0,257.0,128.0,237.0,122.0,330.0,107.0,298.0,97.0,278.0,89.0,262.0,110.0,347.0,105.0,340.0,110.0,351.0,115.0,363.0
W,day1,1787865853.9231188,37,140.0,410.0,158.0,399.0,165.0,377.0,143.0,361.0,122.0,347.0,180.0,327.0,193.0,293.0,200.0,272.0,205.0,252.0,159.0,321.0,162.0,282.0,162.0,257.0,162.0,235.0,139.0,327.0,131.0,293.0,125.0,271.0,121.0,252.0,124.0,342.0,123.0,335.0,128.0,348.0,133.0,361.0
W,day1,1787865854.0193293,38,142.0,411.0,160.0,401.0,167.0,380.0,144.0,363.0,123.0,349.0,183.0,329.0,197.0,296.0,206.0,276.0,212.0,257.0,162.0,323.0,168.0,283.0,170.0,258.0,171.0,236.0,142.0,328.0,135.0,295.0,131.0,272.0,128.0,252.0,125.0,343.0,126.0,336.0,130.0,350.0,133.0,363.0
W,day1,1787865854.1361718,39,141.0,413.0,160.0,404.0,169.0,383.0,150.0,363.0,132.0,346.0,189.0,333.0,205.0,301.0,215.0,281.0,222.0,262.0,168.0,325.0,176.0,286.0,180.0,262.0,183.0,240.0,148.0,330.0,145.0,295.0,144.0,271.0,143.0,250.0,129.0,343.0,134.0,334.0,138.0,348.0,139.0,362.0
W,day1,1787865854.237142,40,140.0,410.0,159.0,404.0,169.0,386.0,159.0,367.0,148.0,346.0,195.0,334.0,213.0,304.0,224.0,285.0,232.0,267.0,174.0,325.0,184.0,286.0,190.0,262.0,195.0,240.0,154.0,328.0,152.0,293.0,152.0,269.0,152.0,249.0,136.0,341.0,141.0,333.0,145.0,346.0,146.0,360.0
W,day1,1787865854.344449,41,141.0,408.0,159.0,404.0,171.0,386.0,162.0,366.0,151.0,345.0,199.0,335.0,219.0,306.0,231.0,288.0,240.0,270.0,179.0,325.0,192.0,287.0,199.0,264.0,205.0,242.0,158.0,327.0,159.0,292.0,161.0,269.0,161.0,250.0,139.0,337.0,145.0,329.0,149.0,343.0,150.0,357.0
W,day1,1787865854.4608722,42,139.0,409.0,158.0,404.0,171.0,387.0,162.0,365.0,151.0,343.0,201.0,338.0,222.0,310.0,235.0,292.0,246.0,274.0,181.0,327.0,196.0,289.0,204.0,265.0,211.0,245.0,161.0,327.0,164.0,293.0,166.0,269.0,167.0,250.0,141.0,337.0,149.0,330.0,152.0,344.0,152.0,359.0
W,day1,1787865854.5874999,43,138.0,409.0,158.0,405.0,172.0,388.0,161.0,366.0,147.0,345.0,201.0,338.0,223.0,311.0,237.0,293.0,248.0,275.0,182.0,326.0,197.0,289.0,206.0,265.0,213.0,245.0,161.0,326.0,164.0,292.0,167.0,268.0,169.0,249.0,141.0,336.0,149.0,329.0,152.0,345.0,151.0,360.0
W,day1,1787865854.7210412,44,137.0,411.0,156.0,405.0,170.0,390.0,166.0,372.0,162.0,351.0,199.0,336.0,219.0,307.0,231.0,289.0,242.0,270.0,178.0,326.0,191.0,287.0,198.0,263.0,205.0,242.0,157.0,328.0,158.0,292.0,158.0,268.0,158.0,248.0,138.0,339.0,145.0,331.0,147.0,346.0,146.0,361.0
W,day1,1787865854.831262,45,137.0,414.0,157.0,409.0,171.0,391.0,158.0,372.0,143.0,353.0,192.0,334.0,210.0,301.0,220.0,281.0,229.0,261.0,170.0,325.0,178.0,284.0,183.0,259.0,187.0,237.0,149.0,329.0,146.0,293.0,143.0,269.0,141.0,248.0,130.0,342.0,135.0,333.0,138.0,349.0,138.0,365.0
W,day1,1787865854.9312744,46,136.0,416.0,156.0,408.0,168.0,386.0,147.0,368.0,125.0,352.0,186.0,332.0,201.0,298.0,211.0,276.0,219.0,256.0,163.0,324.0,169.0,282.0,172.0,256.0,175.0,233.0,143.0,328.0,136.0,292.0,132.0,266.0,129.0,244.0,124.0,342.0,127.0,335.0,131.0,353.0,132.0,370.0
W,day1,1787865855.0373108,47,134.0,416.0,154.0,407.0,165.0,385.0,143.0,366.0,120.0,351.0,182.0,331.0,197.0,297.0,206.0,275.0,213.0,254.0,159.0,323.0,165.0,280.0,166.0,253.0,168.0,229.0,138.0,328.0,131.0,292.0,127.0,267.0,122.0,245.0,120.0,343.0,122.0,335.0,126.0,351.0,127.0,367.0
W,day1,1787865855.1414862,48,133.0,416.0,152.0,408.0,160.0,387.0,138.0,369.0,114.0,353.0,180.0,331.0,194.0,295.0,202.0,272.0,209.0,250.0,156.0,323.0,159.0,280.0,160.0,252.0,162.0,228.0,135.0,328.0,126.0,292.0,120.0,265.0,115.0,242.0,117.0,343.0,118.0,337.0,122.0,354.0,125.0,370.0
W,day1,1787865855.2396297,49,132.0,416.0,153.0,407.0,163.0,386.0,139.0,367.0,114.0,352.0,180.0,327.0,194.0,290.0,203.0,267.0,209.0,245.0,155.0,320.0,158.0,276.0,159.0,248.0,160.0,223.0,133.0,326.0,123.0,289.0,117.0,261.0,112.0,237.0,114.0,342.0,118.0,337.0,123.0,355.0,127.0,372.0
W,day1,1787865855.336187,50,133.0,417.0,154.0,408.0,163.0,387.0,142.0,369.0,119.0,352.0,181.0,324.0,197.0,286.0,206.0,262.0,214.0,239.0,156.0,318.0,160.0,271.0,161.0,242.0,162.0,215.0,133.0,324.0,124.0,285.0,117.0,256.0,112.0,231.0,114.0,341.0,118.0,334.0,124.0,353.0,128.0,372.0
W,day1,1787865855.432664,51,133.0,420.0,157.0,408.0,167.0,385.0,144.0,369.0,119.0,353.0,180.0,322.0,196.0,281.0,205.0,255.0,211.0,231.0,152.0,317.0,148.0,269.0,143.0,239.0,140.0,213.0,128.0,325.0,116.0,285.0,108.0,253.0,102.0,225.0,108.0,344.0,112.0,342.0,121.0,359.0,129.0,375.0
W,day1,1787865855.5482094,52,132.0,422.0,156.0,412.0,166.0,390.0,139.0,376.0,113.0,361.0,177.0,323.0,194.0,280.0,203.0,253.0,209.0,227.0,146.0,317.0,138.0,269.0,129.0,239.0,124.0,212.0,122.0,327.0,110.0,286.0,103.0,251.0,99.0,220.0,103.0,348.0,105.0,347.0,115.0,362.0,124.0,377.0
W,day1,1787865855.6536672,53,127.0,423.0,155.0,414.0,169.0,391.0,144.0,375.0,119.0,362.0,177.0,325.0,194.0,282.0,202.0,255.0,209.0,230.0,148.0,319.0,149.0,267.0,148.0,233.0,148.0,204.0,122.0,329.0,109.0,286.0,100.0,253.0,94.0,224.0,101.0,351.0,102.0,345.0,109.0,363.0,117.0,380.0
W,day1,1787865855.7955444,54,126.0,432.0,150.0,423.0,160.0,400.0,125.0,389.0,94.0,376.0,175.0,331.0,191.0,287.0,199.0,260.0,206.0,233.0,145.0,324.0,146.0,273.0,146.0,239.0,146.0,209.0,119.0,332.0,105.0,291.0,96.0,259.0,89.0,230.0,98.0,352.0,100.0,351.0,108.0,374.0,113.0,393.0
X,day1,1787865884.354432,0,170.0,382.0,205.0,375.0,231.0,359.0,244.0,343.0,230.0,334.0,218.0,297.0,226.0,262.0,245.0,252.0,258.0,257.0,198.0,296.0,232.0,309.0,228.0,332.0,216.0,336.0,183.0,304.0,217.0,325.0,212.0,343.0,201.0,343.0,172.0,318.0,201.0,337.0,197.0,350.0,185.0,349.0
X,day1,1787865884.4697418,1,171.0,379.0,205.0,373.0,231.0,357.0,244.0,341.0,232.0,330.0,220.0,295.0,228.0,259.0,245.0,249.0,258.0,253.0,201.0,293.0,235.0,306.0,231.0,330.0,220.0,334.0,186.0,301.0,221.0,320.0,217.0,340.0,205.0,340.0,175.0,315.0,205.0,332.0,202.0,347.0,190.0,348.0
X,day1,1787865884.5633388,2,176.0,374.0,211.0,369.0,236.0,351.0,249.0,334.0,237.0,323.0,223.0,289.0,230.0,255.0,247.0,245.0,260.0,248.0,204.0,287.0,240.0,299.0,237.0,323.0,226.0,327.0,191.0,295.0,227.0,314.0,222.0,333.0,210.0,333.0,181.0,309.0,211.0,327.0,207.0,341.0,195.0,341.0
X,day1,1787865884.677106,3,178.0,371.0,213.0,366.0,237.0,348.0,251.0,330.0,242.0,317.0,225.0,285.0,233.0,250.0,250.0,240.0,262.0,243.0,207.0,283.0,243.0,295.0,239.0,319.0,228.0,323.0,193.0,291.0,230.0,311.0,224.0,330.0,213.0,330.0,184.0,304.0,214.0,324.0,209.0,338.0,197.0,336.0
X,day1,1787865884.8050504,4,169.0,370.0,204.0,365.0,228.0,348.0,241.0,331.0,233.0,319.0,214.0,286.0,220.0,249.0,237.0,239.0,250.0,242.0,197.0,284.0,231.0,298.0,226.0,321.0,214.0,322.0,184.0,292.0,219.0,312.0,212.0,331.0,200.0,328.0,175.0,306.0,203.0,325.0,199.0,339.0,188.0,337.0
X,day1,1787865884.9332373,5,159.0,370.0,195.0,362.0,219.0,343.0,233.0,326.0,222.0,319.0,201.0,282.0,205.0,245.0,222.0,234.0,235.0,238.0,183.0,282.0,221.0,295.0,218.0,318.0,206.0,319.0,171.0,292.0,210.0,312.0,205.0,330.0,192.0,328.0,163.0,307.0,195.0,325.0,191.0,339.0,180.0,338.0
X,day1,1787865885.040895,6,148.0,372.0,186.0,360.0,208.0,340.0,220.0,325.0,212.0,317.0,184.0,281.0,187.0,244.0,204.0,233.0,217.0,238.0,167.0,284.0,210.0,293.0,208.0,317.0,196.0,320.0,156.0,296.0,200.0,314.0,195.0,332.0,181.0,331.0,151.0,312.0,185.0,331.0,182.0,344.0,170.0,343.0
X,day1,1787865885.1423311,7,145.0,375.0,183.0,363.0,205.0,344.0,218.0,329.0,211.0,319.0,181.0,282.0,184.0,246.0,202.0,235.0,214.0,242.0,164.0,285.0,207.0,294.0,205.0,318.0,193.0,321.0,153.0,298.0,197.0,316.0,193.0,335.0,180.0,334.0,147.0,315.0,183.0,332.0,181.0,347.0,169.0,347.0
X,day1,1787865885.2641401,8,142.0,377.0,181.0,364.0,203.0,346.0,217.0,332.0,210.0,323.0,181.0,284.0,184.0,248.0,201.0,238.0,214.0,244.0,163.0,287.0,206.0,298.0,203.0,322.0,191.0,325.0,151.0,300.0,195.0,320.0,189.0,338.0,176.0,337.0,144.0,318.0,179.0,336.0,176.0,350.0,164.0,349.0
X,day1,1787865885.3739383,9,142.0,380.0,181.0,365.0,203.0,346.0,216.0,332.0,208.0,324.0,179.0,285.0,182.0,250.0,199.0,239.0,212.0,245.0,161.0,289.0,204.0,300.0,202.0,323.0,189.0,325.0,150.0,302.0,193.0,321.0,188.0,339.0,175.0,338.0,143.0,320.0,178.0,339.0,176.0,351.0,164.0,350.0
X,day1,1787865885.4714918,10,140.0,381.0,179.0,367.0,201.0,348.0,215.0,333.0,206.0,327.0,177.0,288.0,180.0,252.0,197.0,242.0,210.0,250.0,159.0,292.0,201.0,302.0,200.0,325.0,187.0,327.0,148.0,305.0,192.0,323.0,187.0,341.0,174.0,340.0,142.0,324.0,177.0,340.0,174.0,353.0,163.0,353.0
X,day1,1787865885.587837,11,139.0,384.0,176.0,369.0,198.0,353.0,211.0,339.0,206.0,330.0,176.0,290.0,178.0,256.0,196.0,246.0,209.0,253.0,158.0,294.0,200.0,304.0,198.0,327.0,186.0,330.0,147.0,307.0,190.0,325.0,185.0,343.0,172.0,343.0,140.0,326.0,176.0,342.0,173.0,356.0,162.0,356.0
X,day1,1787865885.7004514,12,146.0,385.0,175.0,378.0,199.0,358.0,199.0,341.0,181.0,333.0,188.0,300.0,193.0,259.0,206.0,252.0,216.0,261.0,165.0,297.0,189.0,308.0,188.0,331.0,180.0,335.0,147.0,305.0,172.0,325.0,172.0,343.0,166.0,342.0,133.0,318.0,155.0,338.0,157.0,352.0,150.0,349.0
X,day1,1787865885.8423038,13,151.0,386.0,178.0,380.0,203.0,362.0,194.0,342.0,173.0,331.0,203.0,304.0,213.0,264.0,224.0,256.0,229.0,269.0,177.0,298.0,194.0,307.0,191.0,332.0,185.0,337.0,156.0,302.0,170.0,324.0,172.0,344.0,170.0,341.0,139.0,311.0,152.0,335.0,154.0,350.0,151.0,346.0
X,day1,1787865885.9504616,14,151.0,388.0,179.0,382.0,203.0,364.0,193.0,344.0,173.0,331.0,204.0,306.0,215.0,267.0,226.0,259.0,230.0,270.0,179.0,299.0,195.0,306.0,192.0,330.0,186.0,336.0,158.0,303.0,171.0,324.0,172.0,344.0,171.0,343.0,140.0,312.0,153.0,334.0,155.0,350.0,152.0,346.0
X,day1,1787865886.0488455,15,150.0,391.0,177.0,385.0,203.0,366.0,194.0,346.0,173.0,334.0,201.0,308.0,210.0,266.0,221.0,258.0,227.0,269.0,176.0,301.0,193.0,310.0,189.0,335.0,183.0,341.0,155.0,305.0,169.0,327.0,171.0,347.0,169.0,346.0,137.0,314.0,152.0,338.0,154.0,354.0,151.0,351.0
X,day1,1787865886.1319366,16,147.0,391.0,176.0,385.0,201.0,366.0,195.0,347.0,174.0,336.0,198.0,305.0,206.0,264.0,217.0,255.0,224.0,265.0,172.0,300.0,189.0,308.0,188.0,332.0,183.0,340.0,151.0,306.0,167.0,327.0,170.0,347.0,168.0,347.0,133.0,316.0,150.0,341.0,153.0,357.0,150.0,355.0
X,day1,1787865886.2376902,17,146.0,390.0,175.0,382.0,200.0,363.0,195.0,346.0,176.0,336.0,193.0,303.0,200.0,261.0,212.0,252.0,221.0,261.0,168.0,299.0,189.0,309.0,187.0,333.0,181.0,340.0,148.0,306.0,167.0,328.0,169.0,347.0,165.0,346.0,132.0,318.0,150.0,341.0,153.0,356.0,148.0,353.0
X,day1,1787865886.3627589,18,149.0,387.0,179.0,378.0,203.0,359.0,202.0,343.0,184.0,338.0,191.0,298.0,196.0,257.0,209.0,249.0,218.0,259.0,165.0,296.0,190.0,308.0,190.0,330.0,183.0,335.0,146.0,305.0,173.0,328.0,175.0,344.0,169.0,343.0,133.0,320.0,158.0,344.0,160.0,357.0,153.0,354.0
X,day1,1787865886.4492164,19,144.0,388.0,179.0,374.0,204.0,357.0,216.0,343.0,200.0,339.0,184.0,294.0,189.0,257.0,207.0,249.0,219.0,259.0,163.0,296.0,201.0,310.0,199.0,332.0,186.0,332.0,148.0,308.0,188.0,332.0,184.0,348.0,171.0,345.0,139.0,327.0,172.0,351.0,170.0,363.0,158.0,361.0
X,day1,1787865886.5538301,20,142.0,388.0,182.0,370.0,206.0,354.0,222.0,342.0,213.0,339.0,180.0,291.0,182.0,255.0,200.0,246.0,213.0,254.0,163.0,298.0,209.0,309.0,206.0,331.0,192.0,332.0,152.0,314.0,201.0,334.0,194.0,349.0,180.0,347.0,148.0,334.0,187.0,351.0,184.0,361.0,172.0,359.0
X,day1,1787865886.6633637,21,142.0,387.0,184.0,367.0,209.0,347.0,225.0,335.0,221.0,331.0,179.0,288.0,183.0,254.0,201.0,244.0,215.0,249.0,165.0,297.0,217.0,309.0,212.0,331.0,198.0,333.0,157.0,314.0,210.0,333.0,200.0,349.0,185.0,347.0,154.0,335.0,196.0,349.0,191.0,360.0,178.0,358.0
X,day1,1787865886.7690098,22,143.0,385.0,185.0,366.0,209.0,346.0,227.0,333.0,229.0,330.0,181.0,288.0,185.0,251.0,205.0,240.0,219.0,248.0,169.0,296.0,222.0,305.0,218.0,329.0,204.0,332.0,163.0,313.0,216.0,329.0,207.0,348.0,192.0,347.0,162.0,333.0,204.0,347.0,198.0,360.0,184.0,359.0
X,day1,1787865886.8819957,23,144.0,383.0,187.0,364.0,210.0,343.0,227.0,330.0,231.0,328.0,183.0,287.0,186.0,249.0,206.0,239.0,221.0,247.0,171.0,294.0,223.0,303.0,219.0,327.0,205.0,331.0,165.0,310.0,218.0,327.0,209.0,346.0,194.0,345.0,165.0,329.0,205.0,344.0,200.0,357.0,186.0,357.0
X,day1,1787865886.9878767,24,144.0,384.0,185.0,364.0,209.0,342.0,227.0,329.0,233.0,327.0,183.0,286.0,186.0,250.0,205.0,239.0,220.0,246.0,171.0,293.0,223.0,303.0,220.0,327.0,206.0,331.0,165.0,309.0,218.0,327.0,209.0,346.0,194.0,346.0,164.0,328.0,206.0,343.0,200.0,357.0,187.0,357.0
X,day1,1787865887.0988195,25,144.0,382.0,185.0,363.0,209.0,340.0,228.0,327.0,234.0,328.0,184.0,285.0,188.0,248.0,208.0,239.0,223.0,247.0,172.0,293.0,224.0,303.0,221.0,326.0,208.0,329.0,166.0,309.0,219.0,328.0,210.0,345.0,195.0,344.0,166.0,329.0,207.0,344.0,200.0,357.0,187.0,356.0
X,day1,1787865887.2114043,26,154.0,384.0,196.0,368.0,222.0,351.0,242.0,344.0,249.0,347.0,203.0,291.0,209.0,256.0,228.0,247.0,242.0,255.0,191.0,298.0,243.0,319.0,238.0,340.0,225.0,340.0,183.0,315.0,235.0,342.0,224.0,357.0,209.0,355.0,180.0,337.0,221.0,358.0,213.0,370.0,199.0,368.0
X,day1,1787865887.334776,27,156.0,382.0,197.0,369.0,224.0,352.0,247.0,345.0,262.0,347.0,214.0,293.0,225.0,257.0,245.0,250.0,259.0,258.0,202.0,299.0,252.0,320.0,243.0,343.0,228.0,345.0,194.0,315.0,242.0,344.0,229.0,360.0,214.0,358.0,190.0,335.0,226.0,358.0,217.0,370.0,205.0,369.0
X,day1,1787865887.441201,28,156.0,376.0,195.0,364.0,225.0,348.0,247.0,343.0,261.0,346.0,217.0,288.0,232.0,254.0,253.0,249.0,265.0,258.0,205.0,294.0,254.0,319.0,244.0,338.0,230.0,337.0,197.0,310.0,243.0,344.0,228.0,357.0,214.0,352.0,192.0,331.0,227.0,359.0,216.0,369.0,202.0,364.0
X,day1,1787865887.5735562,29,156.0,372.0,196.0,363.0,226.0,347.0,247.0,343.0,260.0,346.0,218.0,286.0,234.0,252.0,254.0,247.0,267.0,257.0,206.0,291.0,254.0,317.0,244.0,337.0,231.0,336.0,198.0,306.0,243.0,341.0,228.0,354.0,214.0,350.0,193.0,326.0,226.0,356.0,215.0,366.0,202.0,361.0
X,day1,1787865887.6963923,30,155.0,371.0,196.0,363.0,225.0,347.0,246.0,341.0,257.0,343.0,218.0,285.0,233.0,250.0,253.0,246.0,266.0,256.0,206.0,290.0,254.0,315.0,244.0,336.0,230.0,336.0,198.0,305.0,242.0,340.0,228.0,355.0,213.0,350.0,192.0,325.0,226.0,354.0,215.0,366.0,202.0,362.0
X,day1,1787865887.8130765,31,162.0,374.0,205.0,365.0,231.0,351.0,247.0,339.0,244.0,328.0,212.0,285.0,218.0,247.0,238.0,240.0,250.0,249.0,196.0,288.0,240.0,301.0,236.0,326.0,222.0,330.0,185.0,300.0,230.0,322.0,224.0,342.0,210.0,343.0,180.0,317.0,216.0,337.0,213.0,352.0,201.0,353.0
X,day1,1787865887.9424582,32,169.0,375.0,203.0,367.0,229.0,348.0,241.0,330.0,225.0,323.0,217.0,285.0,224.0,249.0,241.0,242.0,252.0,250.0,198.0,285.0,235.0,288.0,231.0,314.0,220.0,319.0,184.0,292.0,220.0,301.0,218.0,324.0,207.0,328.0,172.0,305.0,201.0,313.0,202.0,330.0,194.0,334.0
X,day1,1787865888.0600731,33,173.0,375.0,202.0,369.0,228.0,349.0,232.0,328.0,217.0,314.0,221.0,288.0,229.0,252.0,244.0,243.0,254.0,250.0,201.0,285.0,230.0,282.0,228.0,311.0,218.0,320.0,184.0,290.0,212.0,296.0,211.0,321.0,201.0,326.0,167.0,301.0,193.0,306.0,196.0,324.0,189.0,329.0
X,day1,1787865888.1751387,34,172.0,374.0,201.0,367.0,227.0,347.0,231.0,325.0,217.0,310.0,219.0,284.0,227.0,250.0,243.0,240.0,253.0,247.0,199.0,282.0,231.0,279.0,228.0,309.0,217.0,317.0,183.0,287.0,213.0,293.0,211.0,319.0,200.0,324.0,168.0,298.0,194.0,303.0,197.0,323.0,189.0,327.0
X,day1,1787865888.2882862,35,171.0,372.0,200.0,364.0,225.0,344.0,230.0,324.0,216.0,311.0,215.0,281.0,223.0,247.0,239.0,238.0,250.0,243.0,194.0,279.0,228.0,278.0,226.0,307.0,216.0,315.0,178.0,285.0,210.0,292.0,209.0,317.0,199.0,321.0,164.0,297.0,191.0,302.0,195.0,320.0,188.0,325.0
X,day1,1787865888.4140832,36,166.0,371.0,196.0,362.0,220.0,342.0,227.0,323.0,213.0,311.0,207.0,280.0,215.0,247.0,232.0,236.0,243.0,242.0,187.0,280.0,223.0,276.0,224.0,305.0,213.0,313.0,172.0,286.0,207.0,292.0,207.0,316.0,196.0,321.0,160.0,299.0,189.0,303.0,194.0,320.0,186.0,326.0
X,day1,1787865888.5240555,37,161.0,369.0,195.0,360.0,218.0,341.0,230.0,325.0,219.0,315.0,202.0,279.0,208.0,244.0,225.0,234.0,238.0,239.0,185.0,279.0,224.0,281.0,224.0,306.0,213.0,311.0,174.0,288.0,212.0,297.0,211.0,318.0,199.0,320.0,166.0,302.0,199.0,312.0,198.0,328.0,187.0,330.0
X,day1,1787865888.632165,38,156.0,369.0,196.0,359.0,218.0,340.0,233.0,326.0,227.0,316.0,197.0,277.0,201.0,242.0,220.0,232.0,233.0,238.0,182.0,280.0,229.0,284.0,228.0,308.0,216.0,312.0,174.0,290.0,221.0,301.0,217.0,322.0,205.0,324.0,171.0,306.0,209.0,317.0,207.0,333.0,195.0,335.0
X,day1,1787865888.7624123,39,158.0,370.0,198.0,360.0,221.0,340.0,236.0,325.0,228.0,316.0,199.0,278.0,202.0,242.0,220.0,233.0,233.0,239.0,184.0,281.0,229.0,286.0,228.0,310.0,217.0,314.0,175.0,291.0,221.0,304.0,217.0,324.0,205.0,325.0,172.0,307.0,209.0,319.0,206.0,334.0,195.0,336.0
X,day1,1787865888.8651788,40,159.0,372.0,199.0,362.0,222.0,343.0,237.0,328.0,228.0,319.0,200.0,279.0,204.0,244.0,222.0,234.0,234.0,240.0,185.0,282.0,231.0,287.0,230.0,312.0,219.0,315.0,176.0,293.0,222.0,304.0,219.0,325.0,207.0,326.0,171.0,309.0,209.0,320.0,208.0,335.0,197.0,338.0
X,day1,1787865888.974095,41,157.0,373.0,198.0,363.0,221.0,344.0,236.0,329.0,227.0,320.0,199.0,280.0,203.0,245.0,221.0,234.0,233.0,240.0,184.0,284.0,228.0,287.0,228.0,312.0,217.0,316.0,175.0,294.0,220.0,305.0,218.0,325.0,205.0,327.0,170.0,310.0,208.0,322.0,207.0,337.0,195.0,339.0
X,day1,1787865889.065182,42,158.0,374.0,197.0,365.0,219.0,347.0,233.0,333.0,227.0,321.0,199.0,283.0,202.0,247.0,220.0,237.0,231.0,244.0,183.0,286.0,227.0,290.0,228.0,314.0,216.0,318.0,174.0,297.0,220.0,308.0,218.0,328.0,204.0,330.0,169.0,314.0,207.0,325.0,206.0,340.0,193.0,343.0
X,day1,1787865889.1915374,43,155.0,377.0,198.0,369.0,223.0,354.0,241.0,343.0,236.0,335.0,204.0,288.0,209.0,254.0,228.0,244.0,240.0,249.0,189.0,291.0,235.0,300.0,233.0,323.0,220.0,326.0,180.0,303.0,227.0,316.0,222.0,335.0,208.0,336.0,177.0,321.0,214.0,334.0,210.0,348.0,197.0,348.0
X,day1,1787865889.291595,44,163.0,379.0,205.0,373.0,231.0,359.0,251.0,351.0,252.0,344.0,217.0,293.0,226.0,258.0,246.0,250.0,258.0,258.0,203.0,297.0,252.0,310.0,247.0,332.0,233.0,335.0,195.0,310.0,244.0,328.0,236.0,346.0,221.0,346.0,192.0,328.0,231.0,344.0,226.0,357.0,213.0,358.0
X,day1,1787865889.416461,45,169.0,374.0,212.0,369.0,240.0,354.0,260.0,345.0,259.0,337.0,226.0,289.0,237.0,253.0,256.0,246.0,268.0,256.0,213.0,292.0,260.0,306.0,255.0,328.0,242.0,333.0,205.0,305.0,251.0,326.0,243.0,344.0,229.0,345.0,201.0,323.0,239.0,342.0,233.0,356.0,221.0,357.0
X,day1,1787865889.5381348,46,174.0,374.0,214.0,361.0,238.0,339.0,255.0,323.0,248.0,314.0,210.0,280.0,213.0,245.0,231.0,235.0,244.0,241.0,195.0,285.0,241.0,285.0,241.0,309.0,230.0,314.0,189.0,296.0,235.0,302.0,231.0,321.0,218.0,325.0,187.0,312.0,226.0,318.0,222.0,331.0,208.0,334.0
X,day1,1787865889.6422284,47,176.0,373.0,214.0,359.0,234.0,335.0,248.0,317.0,238.0,309.0,203.0,278.0,203.0,244.0,219.0,233.0,232.0,238.0,189.0,283.0,234.0,279.0,236.0,304.0,225.0,310.0,182.0,294.0,228.0,297.0,228.0,319.0,215.0,322.0,181.0,309.0,218.0,314.0,218.0,329.0,206.0,333.0
X,day1,1787865889.744923,48,173.0,375.0,211.0,363.0,232.0,339.0,246.0,320.0,238.0,311.0,203.0,281.0,203.0,246.0,219.0,234.0,232.0,239.0,189.0,285.0,233.0,282.0,235.0,306.0,224.0,311.0,182.0,295.0,227.0,300.0,227.0,322.0,214.0,324.0,181.0,311.0,218.0,317.0,217.0,333.0,204.0,337.0
X,day1,1787865889.846314,49,170.0,377.0,208.0,362.0,229.0,340.0,243.0,323.0,234.0,314.0,196.0,283.0,197.0,248.0,214.0,236.0,227.0,241.0,182.0,288.0,228.0,284.0,231.0,310.0,220.0,316.0,175.0,300.0,222.0,302.0,222.0,323.0,210.0,328.0,173.0,316.0,212.0,317.0,213.0,333.0,201.0,337.0
X,day1,1787865889.956863,50,164.0,381.0,200.0,364.0,220.0,341.0,234.0,323.0,224.0,314.0,188.0,284.0,187.0,251.0,204.0,238.0,217.0,242.0,174.0,290.0,217.0,285.0,220.0,310.0,210.0,316.0,167.0,301.0,211.0,303.0,212.0,324.0,200.0,328.0,165.0,317.0,202.0,319.0,202.0,333.0,191.0,337.0
X,day1,1787865890.0630085,51,152.0,384.0,187.0,364.0,206.0,340.0,218.0,321.0,206.0,315.0,170.0,286.0,170.0,253.0,186.0,240.0,201.0,243.0,156.0,293.0,200.0,287.0,207.0,312.0,198.0,319.0,149.0,305.0,194.0,304.0,197.0,325.0,186.0,331.0,147.0,321.0,183.0,319.0,185.0,334.0,176.0,340.0
X,day1,1787865890.1925435,52,138.0,391.0,170.0,372.0,190.0,347.0,201.0,326.0,186.0,323.0,156.0,292.0,154.0,258.0,170.0,246.0,183.0,249.0,140.0,298.0,180.0,290.0,186.0,316.0,175.0,323.0,130.0,311.0,172.0,308.0,176.0,330.0,166.0,336.0,126.0,328.0,161.0,326.0,164.0,341.0,154.0,347.0
X,day1,1787865890.2860475,53,129.0,402.0,160.0,382.0,179.0,359.0,185.0,340.0,170.0,335.0,147.0,299.0,142.0,262.0,156.0,249.0,169.0,254.0,127.0,305.0,164.0,303.0,170.0,328.0,159.0,335.0,115.0,319.0,156.0,324.0,159.0,345.0,149.0,348.0,109.0,338.0,145.0,343.0,148.0,358.0,137.0,361.0
X,day1,1787865890.3822482,54,126.0,410.0,161.0,388.0,181.0,364.0,189.0,345.0,173.0,342.0,147.0,304.0,145.0,265.0,163.0,253.0,179.0,259.0,126.0,310.0,167.0,308.0,173.0,333.0,161.0,339.0,115.0,325.0,160.0,331.0,163.0,352.0,150.0,356.0,111.0,344.0,150.0,353.0,152.0,368.0,140.0,372.0
X,day1,1787865890.4827461,55,127.0,410.0,168.0,389.0,188.0,363.0,199.0,344.0,184.0,342.0,154.0,303.0,155.0,263.0,174.0,250.0,187.0,256.0,135.0,310.0,180.0,307.0,186.0,333.0,173.0,340.0,126.0,325.0,174.0,333.0,175.0,354.0,161.0,357.0,123.0,345.0,164.0,356.0,164.0,371.0,150.0,374.0
X,day1,1787865890.5778186,56,133.0,416.0,178.0,395.0,203.0,370.0,217.0,352.0,203.0,349.0,166.0,303.0,167.0,264.0,187.0,250.0,203.0,255.0,148.0,310.0,199.0,308.0,202.0,335.0,189.0,343.0,139.0,325.0,192.0,331.0,191.0,355.0,176.0,360.0,136.0,346.0,181.0,353.0,180.0,371.0,166.0,376.0
Y,day1,1787865920.245386,0,160.0,399.0,197.0,384.0,226.0,354.0,250.0,329.0,271.0,316.0,190.0,319.0,191.0,298.0,189.0,323.0,189.0,339.0,165.0,318.0,168.0,305.0,170.0,337.0,171.0,353.0,143.0,319.0,141.0,296.0,148.0,321.0,153.0,338.0,123.0,322.0,114.0,292.0,108.0,274.0,103.0,253.0
Y,day1,1787865920.3366575,1,160.0,399.0,197.0,383.0,227.0,354.0,251.0,330.0,271.0,317.0,191.0,320.0,192.0,298.0,189.0,322.0,189.0,339.0,166.0,319.0,169.0,305.0,171.0,337.0,172.0,354.0,144.0,320.0,142.0,296.0,148.0,320.0,153.0,338.0,123.0,323.0,114.0,293.0,108.0,275.0,103.0,255.0
Y,day1,1787865920.4402258,2,158.0,398.0,195.0,381.0,225.0,353.0,248.0,328.0,267.0,314.0,187.0,317.0,188.0,295.0,186.0,320.0,185.0,340.0,163.0,316.0,163.0,301.0,166.0,332.0,168.0,352.0,141.0,317.0,138.0,294.0,144.0,318.0,149.0,338.0,121.0,321.0,112.0,290.0,105.0,271.0,99.0,252.0
Y,day1,1787865920.5436885,3,154.0,396.0,190.0,378.0,220.0,349.0,242.0,325.0,262.0,312.0,182.0,315.0,182.0,292.0,181.0,316.0,181.0,334.0,157.0,314.0,158.0,300.0,161.0,332.0,163.0,348.0,136.0,315.0,133.0,292.0,138.0,317.0,142.0,335.0,116.0,318.0,107.0,287.0,100.0,268.0,94.0,249.0
Y,day1,1787865920.6537247,4,147.0,394.0,184.0,376.0,215.0,346.0,239.0,321.0,260.0,309.0,178.0,308.0,176.0,292.0,174.0,319.0,174.0,335.0,153.0,306.0,152.0,297.0,153.0,330.0,156.0,346.0,130.0,308.0,126.0,287.0,130.0,314.0,133.0,332.0,110.0,313.0,101.0,282.0,93.0,265.0,87.0,246.0
Y,day1,1787865920.7490554,5,142.0,393.0,180.0,376.0,211.0,346.0,236.0,320.0,258.0,307.0,173.0,306.0,169.0,291.0,166.0,318.0,168.0,335.0,147.0,305.0,146.0,296.0,146.0,329.0,148.0,346.0,124.0,308.0,120.0,287.0,122.0,312.0,124.0,328.0,104.0,312.0,93.0,280.0,85.0,262.0,78.0,244.0
Y,day1,1787865920.864737,6,138.0,397.0,177.0,380.0,208.0,348.0,233.0,321.0,257.0,308.0,170.0,308.0,166.0,289.0,161.0,318.0,161.0,335.0,142.0,307.0,140.0,297.0,140.0,331.0,142.0,348.0,118.0,309.0,113.0,288.0,116.0,314.0,120.0,333.0,98.0,313.0,87.0,281.0,77.0,262.0,68.0,242.0
Y,day1,1787865920.9740963,7,134.0,401.0,173.0,381.0,205.0,348.0,232.0,320.0,256.0,306.0,166.0,303.0,160.0,289.0,157.0,320.0,159.0,337.0,136.0,302.0,134.0,296.0,136.0,333.0,139.0,350.0,111.0,306.0,105.0,285.0,109.0,314.0,113.0,332.0,90.0,311.0,76.0,278.0,66.0,260.0,57.0,240.0
Y,day1,1787865921.0967088,8,129.0,402.0,169.0,381.0,202.0,347.0,228.0,318.0,254.0,303.0,160.0,302.0,152.0,283.0,150.0,314.0,152.0,333.0,129.0,302.0,126.0,294.0,129.0,332.0,133.0,351.0,103.0,306.0,96.0,284.0,101.0,313.0,107.0,334.0,81.0,311.0,67.0,276.0,55.0,257.0,45.0,237.0
Y,day1,1787865921.1775966,9,128.0,403.0,168.0,383.0,203.0,348.0,231.0,319.0,257.0,304.0,162.0,302.0,153.0,285.0,149.0,317.0,150.0,338.0,130.0,302.0,123.0,296.0,126.0,335.0,130.0,356.0,102.0,306.0,93.0,286.0,100.0,318.0,108.0,341.0,79.0,311.0,65.0,276.0,53.0,257.0,44.0,237.0
Y,day1,1787865921.2661514,10,131.0,409.0,173.0,389.0,208.0,354.0,236.0,324.0,263.0,309.0,169.0,309.0,159.0,289.0,154.0,323.0,156.0,344.0,135.0,308.0,128.0,299.0,130.0,339.0,135.0,360.0,107.0,311.0,97.0,289.0,104.0,320.0,113.0,343.0,83.0,315.0,70.0,279.0,58.0,260.0,49.0,239.0
Y,day1,1787865921.3532324,11,133.0,415.0,175.0,394.0,210.0,358.0,238.0,328.0,264.0,311.0,169.0,311.0,162.0,290.0,156.0,323.0,157.0,347.0,137.0,310.0,131.0,301.0,133.0,342.0,138.0,365.0,109.0,313.0,99.0,290.0,105.0,321.0,113.0,345.0,85.0,318.0,70.0,281.0,58.0,261.0,48.0,240.0
Y,day1,1787865921.446621,12,133.0,416.0,175.0,396.0,211.0,360.0,239.0,330.0,266.0,312.0,170.0,310.0,163.0,291.0,157.0,326.0,157.0,350.0,137.0,309.0,132.0,303.0,133.0,344.0,137.0,367.0,109.0,312.0,100.0,292.0,106.0,325.0,114.0,349.0,84.0,317.0,70.0,281.0,58.0,261.0,48.0,240.0
Y,day1,1787865921.566504,13,134.0,417.0,177.0,395.0,213.0,359.0,243.0,330.0,270.0,312.0,173.0,307.0,165.0,294.0,159.0,328.0,159.0,349.0,140.0,306.0,136.0,303.0,137.0,343.0,140.0,365.0,112.0,310.0,105.0,291.0,109.0,321.0,116.0,343.0,88.0,315.0,74.0,279.0,62.0,259.0,52.0,238.0
Y,day1,1787865921.662034,14,137.0,412.0,181.0,392.0,218.0,356.0,247.0,327.0,274.0,311.0,176.0,305.0,169.0,291.0,161.0,325.0,161.0,346.0,144.0,304.0,138.0,300.0,137.0,340.0,140.0,361.0,116.0,307.0,107.0,289.0,110.0,319.0,117.0,340.0,92.0,312.0,78.0,277.0,65.0,256.0,56.0,235.0
Y,day1,1787865921.7888775,15,138.0,412.0,182.0,392.0,220.0,356.0,250.0,326.0,278.0,311.0,179.0,306.0,173.0,292.0,166.0,326.0,165.0,347.0,147.0,304.0,143.0,298.0,142.0,338.0,144.0,361.0,119.0,307.0,112.0,286.0,116.0,317.0,122.0,340.0,95.0,311.0,82.0,275.0,70.0,254.0,60.0,233.0
Y,day1,1787865921.8819904,16,140.0,411.0,183.0,391.0,220.0,355.0,250.0,326.0,278.0,311.0,180.0,305.0,175.0,290.0,169.0,324.0,168.0,345.0,148.0,304.0,146.0,297.0,145.0,338.0,147.0,360.0,120.0,306.0,115.0,286.0,118.0,316.0,122.0,337.0,96.0,310.0,83.0,274.0,72.0,253.0,62.0,233.0
Y,day1,1787865922.005601,17,143.0,403.0,185.0,385.0,222.0,352.0,251.0,324.0,278.0,309.0,181.0,304.0,178.0,289.0,172.0,321.0,171.0,341.0,152.0,302.0,151.0,294.0,151.0,332.0,151.0,354.0,125.0,304.0,121.0,284.0,123.0,312.0,125.0,333.0,101.0,308.0,89.0,272.0,79.0,252.0,71.0,231.0
Y,day1,1787865922.1048033,18,147.0,400.0,188.0,382.0,223.0,350.0,251.0,323.0,276.0,310.0,183.0,303.0,182.0,289.0,176.0,319.0,173.0,339.0,155.0,302.0,156.0,294.0,154.0,330.0,154.0,351.0,130.0,303.0,127.0,282.0,130.0,309.0,132.0,329.0,107.0,307.0,97.0,273.0,88.0,253.0,81.0,234.0
Y,day1,1787865922.211775,19,151.0,395.0,191.0,380.0,224.0,351.0,251.0,325.0,275.0,311.0,188.0,307.0,186.0,291.0,180.0,320.0,178.0,337.0,160.0,304.0,160.0,298.0,158.0,331.0,160.0,346.0,137.0,306.0,133.0,288.0,136.0,312.0,139.0,326.0,116.0,308.0,106.0,277.0,98.0,259.0,92.0,239.0
Y,day1,1787865922.3371606,20,157.0,394.0,196.0,378.0,229.0,349.0,254.0,325.0,276.0,312.0,193.0,307.0,192.0,292.0,188.0,320.0,187.0,338.0,167.0,305.0,167.0,296.0,167.0,330.0,169.0,347.0,143.0,306.0,141.0,288.0,145.0,314.0,149.0,331.0,123.0,309.0,113.0,279.0,106.0,260.0,101.0,241.0
Y,day1,1787865922.4330587,21,164.0,390.0,201.0,373.0,231.0,344.0,254.0,320.0,274.0,307.0,195.0,307.0,197.0,291.0,194.0,317.0,192.0,336.0,170.0,306.0,173.0,295.0,173.0,326.0,173.0,346.0,147.0,308.0,146.0,288.0,151.0,311.0,155.0,330.0,126.0,312.0,116.0,281.0,109.0,262.0,104.0,243.0
Y,day1,1787865922.542626,22,167.0,386.0,202.0,370.0,229.0,339.0,250.0,314.0,270.0,300.0,194.0,305.0,196.0,290.0,195.0,316.0,194.0,335.0,170.0,306.0,173.0,294.0,177.0,326.0,177.0,345.0,148.0,309.0,147.0,290.0,157.0,314.0,162.0,333.0,128.0,315.0,115.0,286.0,108.0,268.0,102.0,248.0
Y,day1,1787865922.638077,23,171.0,387.0,204.0,369.0,229.0,338.0,248.0,312.0,267.0,298.0,194.0,307.0,198.0,290.0,197.0,315.0,196.0,334.0,172.0,308.0,176.0,296.0,180.0,325.0,182.0,345.0,151.0,312.0,150.0,292.0,160.0,316.0,167.0,335.0,130.0,318.0,116.0,290.0,108.0,272.0,102.0,253.0
Y,day1,1787865922.728516,24,175.0,387.0,208.0,368.0,232.0,336.0,251.0,310.0,270.0,297.0,198.0,305.0,203.0,289.0,203.0,316.0,201.0,336.0,176.0,307.0,183.0,294.0,186.0,325.0,186.0,346.0,155.0,311.0,158.0,291.0,170.0,315.0,176.0,334.0,135.0,318.0,120.0,291.0,113.0,273.0,107.0,255.0
Y,day1,1787865922.844976,25,180.0,386.0,213.0,367.0,236.0,334.0,254.0,309.0,272.0,296.0,204.0,305.0,208.0,288.0,209.0,314.0,208.0,333.0,182.0,306.0,188.0,293.0,193.0,324.0,194.0,343.0,162.0,310.0,164.0,291.0,175.0,315.0,182.0,334.0,142.0,317.0,127.0,291.0,119.0,274.0,112.0,256.0
Y,day1,1787865922.9621203,26,181.0,381.0,213.0,366.0,238.0,335.0,257.0,311.0,276.0,298.0,205.0,304.0,210.0,286.0,210.0,310.0,210.0,328.0,183.0,304.0,189.0,291.0,194.0,319.0,196.0,338.0,163.0,307.0,163.0,285.0,175.0,311.0,182.0,331.0,143.0,313.0,129.0,286.0,122.0,269.0,116.0,250.0
Y,day1,1787865923.0824282,27,177.0,380.0,212.0,368.0,241.0,340.0,264.0,317.0,284.0,307.0,209.0,305.0,211.0,286.0,209.0,309.0,209.0,326.0,187.0,302.0,190.0,291.0,191.0,319.0,193.0,336.0,166.0,303.0,164.0,281.0,170.0,306.0,175.0,325.0,146.0,306.0,134.0,278.0,127.0,260.0,121.0,240.0
Y,day1,1787865923.2015138,28,176.0,377.0,212.0,367.0,242.0,342.0,269.0,321.0,291.0,312.0,212.0,303.0,214.0,285.0,210.0,306.0,209.0,321.0,189.0,300.0,193.0,287.0,191.0,316.0,191.0,334.0,168.0,298.0,168.0,275.0,171.0,299.0,173.0,318.0,148.0,299.0,139.0,270.0,132.0,252.0,127.0,232.0
Y,day1,1787865923.3091197,29,174.0,377.0,211.0,368.0,243.0,344.0,270.0,323.0,294.0,314.0,213.0,304.0,216.0,283.0,210.0,306.0,209.0,322.0,190.0,300.0,194.0,286.0,191.0,317.0,191.0,335.0,169.0,298.0,170.0,273.0,172.0,298.0,174.0,316.0,150.0,298.0,141.0,268.0,134.0,250.0,130.0,231.0
Y,day1,1787865923.4254305,30,173.0,378.0,210.0,369.0,242.0,346.0,269.0,325.0,292.0,316.0,212.0,305.0,214.0,284.0,207.0,306.0,205.0,324.0,189.0,300.0,193.0,287.0,188.0,317.0,186.0,335.0,168.0,298.0,169.0,273.0,168.0,296.0,168.0,315.0,149.0,298.0,140.0,268.0,133.0,250.0,128.0,232.0
Y,day1,1787865923.5381486,31,171.0,379.0,208.0,370.0,240.0,348.0,267.0,328.0,290.0,318.0,210.0,305.0,211.0,287.0,202.0,311.0,199.0,327.0,187.0,301.0,189.0,289.0,183.0,319.0,182.0,337.0,166.0,299.0,166.0,276.0,164.0,298.0,163.0,316.0,146.0,300.0,138.0,270.0,130.0,253.0,125.0,236.0
Y,day1,1787865923.6492586,32,168.0,383.0,204.0,373.0,237.0,350.0,264.0,331.0,286.0,321.0,207.0,306.0,208.0,290.0,200.0,315.0,196.0,331.0,183.0,301.0,184.0,292.0,180.0,322.0,179.0,339.0,161.0,300.0,161.0,280.0,160.0,303.0,160.0,321.0,142.0,302.0,134.0,272.0,126.0,255.0,120.0,237.0
Y,day1,1787865923.7664168,33,163.0,387.0,199.0,374.0,231.0,349.0,256.0,326.0,278.0,315.0,198.0,304.0,194.0,290.0,187.0,317.0,186.0,333.0,172.0,300.0,170.0,292.0,168.0,324.0,169.0,342.0,149.0,302.0,145.0,281.0,146.0,307.0,149.0,328.0,129.0,305.0,117.0,276.0,108.0,260.0,101.0,242.0
Y,day1,1787865923.8639872,34,161.0,386.0,198.0,370.0,227.0,342.0,251.0,317.0,274.0,304.0,193.0,301.0,187.0,283.0,182.0,310.0,183.0,326.0,166.0,298.0,161.0,289.0,162.0,321.0,167.0,336.0,143.0,301.0,136.0,279.0,139.0,305.0,144.0,324.0,123.0,304.0,111.0,276.0,101.0,259.0,93.0,240.0
Y,day1,1787865923.9807572,35,156.0,384.0,193.0,366.0,223.0,335.0,248.0,309.0,271.0,296.0,186.0,294.0,177.0,272.0,173.0,299.0,174.0,319.0,158.0,294.0,151.0,281.0,152.0,314.0,156.0,335.0,134.0,296.0,124.0,273.0,126.0,299.0,131.0,319.0,114.0,301.0,100.0,270.0,88.0,252.0,79.0,235.0
Y,day1,1787865924.077163,36,151.0,383.0,189.0,366.0,220.0,333.0,246.0,305.0,270.0,291.0,181.0,289.0,172.0,269.0,170.0,297.0,172.0,316.0,152.0,288.0,147.0,278.0,149.0,313.0,153.0,333.0,127.0,292.0,118.0,268.0,123.0,297.0,128.0,318.0,105.0,297.0,90.0,265.0,77.0,247.0,67.0,228.0
Y,day1,1787865924.1892765,37,142.0,386.0,182.0,367.0,216.0,332.0,242.0,303.0,267.0,288.0,174.0,284.0,161.0,269.0,156.0,299.0,158.0,319.0,143.0,284.0,135.0,276.0,134.0,311.0,138.0,333.0,116.0,288.0,106.0,268.0,107.0,296.0,112.0,318.0,93.0,295.0,77.0,262.0,63.0,242.0,52.0,223.0
Y,day1,1787865924.284948,38,137.0,392.0,178.0,371.0,211.0,335.0,239.0,304.0,265.0,287.0,169.0,286.0,154.0,272.0,148.0,304.0,151.0,324.0,137.0,286.0,128.0,279.0,129.0,318.0,133.0,340.0,109.0,292.0,97.0,271.0,101.0,303.0,108.0,327.0,85.0,299.0,67.0,263.0,52.0,243.0,39.0,224.0
Y,day1,1787865924.38704,39,135.0,396.0,176.0,375.0,209.0,339.0,237.0,308.0,264.0,291.0,169.0,288.0,153.0,274.0,147.0,308.0,150.0,329.0,134.0,288.0,124.0,283.0,126.0,325.0,132.0,348.0,105.0,294.0,93.0,273.0,98.0,306.0,107.0,330.0,81.0,300.0,65.0,265.0,50.0,245.0,38.0,225.0
Y,day1,1787865924.5125027,40,136.0,405.0,177.0,383.0,211.0,345.0,239.0,313.0,267.0,296.0,171.0,294.0,154.0,280.0,149.0,315.0,153.0,335.0,136.0,294.0,125.0,289.0,128.0,331.0,135.0,355.0,106.0,299.0,93.0,279.0,100.0,313.0,109.0,338.0,82.0,307.0,64.0,270.0,49.0,250.0,37.0,230.0
Y,day1,1787865924.622409,41,137.0,411.0,180.0,386.0,214.0,346.0,241.0,314.0,269.0,297.0,170.0,298.0,157.0,285.0,154.0,320.0,158.0,340.0,135.0,299.0,126.0,296.0,132.0,337.0,139.0,359.0,105.0,306.0,92.0,286.0,103.0,321.0,114.0,346.0,79.0,314.0,61.0,279.0,45.0,259.0,32.0,237.0
Y,day1,1787865924.7482285,42,152.0,418.0,193.0,390.0,223.0,347.0,248.0,315.0,274.0,297.0,174.0,306.0,174.0,291.0,175.0,324.0,176.0,350.0,142.0,310.0,145.0,301.0,152.0,341.0,155.0,368.0,113.0,318.0,108.0,299.0,122.0,330.0,132.0,355.0,87.0,328.0,65.0,293.0,49.0,272.0,35.0,250.0
Y,day1,1787865924.858061,43,158.0,417.0,199.0,389.0,230.0,347.0,255.0,314.0,278.0,296.0,180.0,302.0,181.0,292.0,182.0,326.0,183.0,348.0,148.0,307.0,154.0,302.0,159.0,342.0,161.0,365.0,119.0,316.0,117.0,299.0,130.0,328.0,138.0,351.0,94.0,328.0,72.0,293.0,58.0,272.0,44.0,250.0
Y,day1,1787865924.9761512,44,161.0,416.0,202.0,389.0,233.0,347.0,258.0,315.0,281.0,295.0,183.0,303.0,184.0,291.0,186.0,323.0,188.0,346.0,152.0,307.0,156.0,301.0,164.0,340.0,167.0,364.0,123.0,315.0,120.0,297.0,135.0,328.0,145.0,352.0,98.0,326.0,77.0,292.0,62.0,271.0,48.0,248.0
Y,day1,1787865925.100022,45,161.0,417.0,202.0,389.0,234.0,348.0,259.0,316.0,282.0,295.0,184.0,308.0,185.0,290.0,188.0,321.0,189.0,344.0,153.0,312.0,157.0,301.0,164.0,340.0,167.0,365.0,125.0,319.0,120.0,296.0,135.0,327.0,145.0,352.0,99.0,328.0,77.0,294.0,63.0,272.0,49.0,250.0
Y,day1,1787865925.228332,46,160.0,417.0,201.0,389.0,232.0,347.0,258.0,316.0,280.0,296.0,183.0,308.0,184.0,290.0,187.0,321.0,189.0,344.0,152.0,312.0,156.0,302.0,164.0,340.0,168.0,366.0,124.0,319.0,120.0,297.0,135.0,329.0,146.0,354.0,99.0,329.0,77.0,294.0,62.0,273.0,48.0,250.0
Y,day1,1787865925.3366773,47,159.0,408.0,199.0,383.0,230.0,346.0,256.0,316.0,279.0,297.0,184.0,299.0,186.0,289.0,186.0,321.0,187.0,343.0,153.0,302.0,160.0,296.0,164.0,335.0,165.0,360.0,125.0,309.0,124.0,291.0,135.0,323.0,143.0,348.0,100.0,320.0,80.0,287.0,67.0,265.0,55.0,242.0
Y,day1,1787865925.4428477,48,160.0,397.0,200.0,376.0,232.0,342.0,256.0,314.0,278.0,298.0,189.0,301.0,191.0,288.0,190.0,317.0,189.0,338.0,160.0,303.0,165.0,290.0,167.0,327.0,168.0,351.0,134.0,307.0,132.0,285.0,140.0,314.0,145.0,337.0,110.0,314.0,92.0,281.0,82.0,260.0,72.0,237.0
Y,day1,1787865925.5509164,49,162.0,395.0,200.0,375.0,230.0,341.0,255.0,314.0,276.0,298.0,189.0,304.0,191.0,286.0,190.0,314.0,189.0,335.0,163.0,304.0,168.0,292.0,169.0,326.0,169.0,348.0,138.0,308.0,137.0,285.0,142.0,310.0,147.0,331.0,116.0,314.0,100.0,282.0,89.0,261.0,80.0,240.0
Y,day1,1787865925.6742256,50,167.0,391.0,204.0,373.0,233.0,341.0,256.0,315.0,277.0,301.0,196.0,304.0,198.0,287.0,196.0,313.0,195.0,332.0,171.0,304.0,175.0,290.0,175.0,323.0,175.0,343.0,148.0,307.0,146.0,283.0,152.0,308.0,155.0,327.0,126.0,312.0,112.0,281.0,104.0,261.0,96.0,241.0
Y,day1,1787865925.7928214,51,171.0,389.0,207.0,372.0,235.0,341.0,258.0,316.0,278.0,302.0,200.0,305.0,201.0,287.0,200.0,312.0,199.0,332.0,175.0,305.0,178.0,292.0,180.0,323.0,180.0,342.0,153.0,307.0,151.0,284.0,157.0,307.0,161.0,327.0,132.0,312.0,119.0,283.0,111.0,264.0,105.0,245.0
Y,day1,1787865925.9220335,52,173.0,387.0,209.0,371.0,237.0,341.0,259.0,316.0,279.0,304.0,202.0,307.0,204.0,289.0,202.0,312.0,202.0,330.0,179.0,306.0,182.0,294.0,184.0,323.0,185.0,342.0,157.0,308.0,155.0,287.0,162.0,310.0,167.0,328.0,136.0,313.0,124.0,284.0,116.0,265.0,110.0,246.0
Y,day1,1787865926.0722227,53,178.0,388.0,212.0,373.0,239.0,343.0,261.0,319.0,280.0,307.0,206.0,310.0,209.0,289.0,207.0,311.0,206.0,328.0,185.0,309.0,188.0,295.0,189.0,324.0,190.0,343.0,164.0,310.0,163.0,287.0,169.0,309.0,173.0,326.0,144.0,314.0,133.0,285.0,126.0,268.0,121.0,249.0
Z,day1,1787865968.0000665,0,153.0,386.0,189.0,383.0,224.0,360.0,253.0,343.0,279.0,335.0,208.0,302.0,219.0,264.0,226.0,237.0,231.0,215.0,185.0,298.0,176.0,296.0,169.0,330.0,166.0,352.0,161.0,302.0,149.0,300.0,151.0,332.0,155.0,350.0,138.0,307.0,132.0,278.0,127.0,260.0,125.0,239.0
Z,day1,1787865968.1151927,1,154.0,386.0,189.0,382.0,224.0,359.0,253.0,341.0,278.0,331.0,208.0,301.0,220.0,263.0,226.0,237.0,232.0,215.0,185.0,298.0,176.0,292.0,168.0,328.0,168.0,348.0,162.0,301.0,149.0,298.0,150.0,329.0,155.0,347.0,139.0,306.0,133.0,276.0,128.0,258.0,125.0,237.0
Z,day1,1787865968.2177765,2,156.0,381.0,190.0,378.0,226.0,356.0,254.0,337.0,279.0,328.0,210.0,297.0,223.0,260.0,231.0,233.0,237.0,212.0,187.0,293.0,178.0,288.0,170.0,323.0,168.0,346.0,164.0,295.0,151.0,294.0,151.0,326.0,155.0,345.0,142.0,300.0,136.0,271.0,131.0,253.0,128.0,233.0
Z,day1,1787865968.3501914,3,157.0,379.0,192.0,376.0,227.0,353.0,254.0,334.0,279.0,325.0,210.0,295.0,224.0,257.0,231.0,231.0,237.0,209.0,188.0,291.0,179.0,285.0,171.0,320.0,170.0,342.0,165.0,293.0,153.0,289.0,153.0,321.0,158.0,341.0,143.0,297.0,137.0,268.0,132.0,250.0,129.0,230.0
Z,day1,1787865968.4645417,4,155.0,376.0,191.0,372.0,226.0,351.0,252.0,331.0,276.0,320.0,207.0,291.0,220.0,254.0,227.0,227.0,232.0,205.0,184.0,287.0,175.0,283.0,168.0,317.0,167.0,338.0,161.0,289.0,148.0,287.0,149.0,318.0,154.0,337.0,139.0,293.0,131.0,263.0,126.0,246.0,123.0,226.0
Z,day1,1787865968.5884986,5,149.0,373.0,184.0,369.0,220.0,349.0,244.0,329.0,268.0,317.0,199.0,290.0,211.0,252.0,219.0,225.0,224.0,203.0,177.0,286.0,168.0,281.0,161.0,315.0,159.0,335.0,154.0,289.0,141.0,285.0,141.0,315.0,145.0,332.0,131.0,293.0,123.0,263.0,118.0,245.0,114.0,225.0
Z,day1,1787865968.7019434,6,138.0,375.0,172.0,369.0,206.0,346.0,231.0,325.0,254.0,316.0,186.0,289.0,197.0,251.0,204.0,225.0,209.0,202.0,163.0,285.0,151.0,282.0,146.0,316.0,144.0,337.0,140.0,287.0,124.0,284.0,125.0,315.0,129.0,333.0,117.0,292.0,109.0,261.0,104.0,244.0,100.0,224.0
Z,day1,1787865968.816992,7,128.0,376.0,162.0,371.0,195.0,347.0,220.0,326.0,244.0,316.0,175.0,289.0,186.0,252.0,192.0,225.0,198.0,203.0,153.0,285.0,138.0,281.0,130.0,315.0,129.0,337.0,130.0,288.0,111.0,285.0,110.0,316.0,115.0,336.0,108.0,294.0,98.0,264.0,90.0,246.0,86.0,226.0
Z,day1,1787865968.9171257,8,127.0,376.0,161.0,372.0,194.0,348.0,219.0,329.0,243.0,317.0,175.0,290.0,186.0,253.0,192.0,226.0,196.0,203.0,152.0,287.0,135.0,281.0,128.0,316.0,129.0,337.0,129.0,290.0,110.0,286.0,109.0,318.0,115.0,338.0,107.0,296.0,97.0,266.0,88.0,248.0,83.0,227.0
Z,day1,1787865969.0650115,9,133.0,378.0,166.0,373.0,201.0,350.0,226.0,331.0,252.0,321.0,182.0,292.0,193.0,254.0,199.0,228.0,204.0,206.0,160.0,288.0,143.0,284.0,137.0,319.0,139.0,339.0,137.0,291.0,116.0,287.0,117.0,318.0,124.0,337.0,114.0,297.0,104.0,267.0,96.0,249.0,90.0,228.0
Z,day1,1787865969.1843581,10,150.0,383.0,186.0,380.0,223.0,356.0,252.0,336.0,278.0,328.0,205.0,297.0,217.0,258.0,224.0,230.0,230.0,207.0,182.0,293.0,169.0,287.0,161.0,323.0,161.0,345.0,159.0,296.0,141.0,291.0,141.0,323.0,147.0,342.0,135.0,301.0,127.0,270.0,120.0,251.0,116.0,229.0
Z,day1,1787865969.2751734,11,155.0,387.0,193.0,383.0,231.0,357.0,261.0,337.0,289.0,329.0,212.0,296.0,226.0,255.0,233.0,226.0,239.0,202.0,187.0,292.0,177.0,284.0,168.0,322.0,167.0,345.0,162.0,294.0,148.0,289.0,148.0,322.0,153.0,342.0,138.0,299.0,129.0,267.0,123.0,248.0,121.0,227.0
Z,day1,1787865969.399869,12,156.0,391.0,195.0,387.0,234.0,359.0,266.0,336.0,296.0,325.0,215.0,294.0,229.0,251.0,237.0,221.0,243.0,196.0,189.0,290.0,180.0,281.0,171.0,322.0,169.0,346.0,162.0,292.0,149.0,286.0,149.0,322.0,154.0,344.0,137.0,297.0,129.0,263.0,122.0,244.0,119.0,220.0
Z,day1,1787865969.5038323,13,150.0,394.0,192.0,391.0,234.0,362.0,267.0,338.0,299.0,326.0,215.0,293.0,230.0,248.0,239.0,216.0,246.0,189.0,187.0,287.0,176.0,279.0,167.0,321.0,166.0,346.0,159.0,289.0,143.0,282.0,144.0,320.0,150.0,341.0,132.0,294.0,124.0,257.0,118.0,237.0,115.0,212.0
Z,day1,1787865969.613179,14,141.0,397.0,186.0,393.0,231.0,363.0,266.0,337.0,299.0,324.0,209.0,291.0,225.0,243.0,234.0,209.0,241.0,180.0,179.0,285.0,168.0,276.0,158.0,319.0,157.0,346.0,150.0,287.0,134.0,281.0,133.0,321.0,139.0,344.0,121.0,292.0,113.0,253.0,106.0,231.0,103.0,205.0
Z,day1,1787865969.7261117,15,134.0,399.0,180.0,395.0,226.0,364.0,262.0,338.0,294.0,325.0,202.0,290.0,218.0,240.0,228.0,205.0,235.0,176.0,172.0,283.0,159.0,277.0,148.0,321.0,144.0,349.0,141.0,286.0,124.0,280.0,122.0,321.0,127.0,346.0,112.0,291.0,103.0,252.0,95.0,229.0,91.0,202.0
Z,day1,1787865969.817028,16,124.0,405.0,170.0,400.0,216.0,370.0,252.0,344.0,284.0,331.0,192.0,292.0,209.0,240.0,219.0,202.0,226.0,171.0,161.0,286.0,147.0,281.0,136.0,326.0,133.0,355.0,130.0,288.0,110.0,284.0,109.0,326.0,114.0,352.0,100.0,294.0,90.0,254.0,82.0,231.0,77.0,204.0
Z,day1,1787865969.93326,17,120.0,410.0,166.0,404.0,211.0,373.0,245.0,347.0,276.0,333.0,187.0,294.0,201.0,243.0,209.0,207.0,215.0,176.0,156.0,288.0,139.0,282.0,129.0,330.0,127.0,360.0,124.0,292.0,102.0,286.0,101.0,329.0,108.0,356.0,93.0,299.0,82.0,258.0,71.0,234.0,64.0,207.0
Z,day1,1787865970.0338092,18,118.0,409.0,164.0,403.0,208.0,372.0,243.0,345.0,276.0,333.0,184.0,296.0,198.0,245.0,206.0,208.0,211.0,177.0,154.0,291.0,133.0,283.0,124.0,329.0,125.0,357.0,123.0,295.0,98.0,287.0,98.0,330.0,107.0,357.0,93.0,301.0,81.0,261.0,70.0,235.0,63.0,207.0
Z,day1,1787865970.1870275,19,117.0,396.0,160.0,391.0,202.0,363.0,235.0,339.0,264.0,325.0,182.0,290.0,197.0,240.0,205.0,206.0,211.0,176.0,152.0,284.0,135.0,275.0,126.0,318.0,127.0,344.0,122.0,286.0,102.0,278.0,100.0,320.0,106.0,347.0,93.0,291.0,84.0,253.0,76.0,229.0,71.0,201.0
Z,day1,1787865970.3124065,20,121.0,389.0,163.0,384.0,205.0,358.0,236.0,334.0,265.0,322.0,185.0,287.0,200.0,240.0,207.0,206.0,213.0,178.0,157.0,281.0,141.0,273.0,129.0,313.0,126.0,341.0,129.0,283.0,108.0,275.0,105.0,313.0,109.0,338.0,101.0,287.0,93.0,251.0,84.0,228.0,79.0,203.0
Z,day1,1787865970.4332423,21,135.0,388.0,175.0,380.0,216.0,353.0,246.0,330.0,272.0,319.0,195.0,288.0,208.0,243.0,214.0,213.0,218.0,187.0,169.0,283.0,155.0,275.0,149.0,315.0,150.0,338.0,142.0,286.0,124.0,277.0,125.0,313.0,133.0,335.0,114.0,291.0,106.0,256.0,99.0,236.0,95.0,212.0
Z,day1,1787865970.5388813,22,143.0,387.0,184.0,379.0,223.0,354.0,253.0,332.0,279.0,320.0,203.0,289.0,215.0,246.0,221.0,218.0,225.0,193.0,176.0,286.0,167.0,276.0,161.0,314.0,162.0,334.0,150.0,290.0,137.0,282.0,138.0,316.0,145.0,334.0,124.0,295.0,115.0,262.0,110.0,243.0,107.0,219.0
Z,day1,1787865970.6481032,23,159.0,385.0,197.0,377.0,235.0,347.0,264.0,325.0,289.0,314.0,213.0,292.0,225.0,249.0,230.0,223.0,234.0,200.0,188.0,289.0,188.0,279.0,182.0,315.0,179.0,336.0,164.0,293.0,160.0,284.0,161.0,318.0,164.0,337.0,139.0,298.0,132.0,265.0,131.0,247.0,131.0,225.0
Z,day1,1787865970.756069,24,163.0,383.0,202.0,375.0,240.0,346.0,269.0,324.0,293.0,311.0,218.0,293.0,229.0,250.0,234.0,224.0,239.0,202.0,195.0,290.0,202.0,280.0,196.0,315.0,191.0,336.0,172.0,293.0,175.0,284.0,174.0,317.0,174.0,335.0,148.0,297.0,144.0,264.0,144.0,246.0,146.0,226.0
Z,day1,1787865970.8599975,25,171.0,383.0,208.0,377.0,245.0,347.0,274.0,324.0,297.0,311.0,223.0,296.0,233.0,252.0,239.0,226.0,244.0,205.0,203.0,294.0,213.0,281.0,211.0,314.0,207.0,336.0,182.0,296.0,190.0,282.0,190.0,315.0,190.0,334.0,161.0,299.0,162.0,266.0,165.0,248.0,169.0,227.0
Z,day1,1787865970.9734628,26,178.0,381.0,215.0,375.0,250.0,343.0,277.0,320.0,300.0,309.0,228.0,296.0,238.0,251.0,243.0,226.0,248.0,204.0,209.0,294.0,222.0,278.0,219.0,313.0,214.0,336.0,189.0,296.0,200.0,279.0,200.0,311.0,199.0,331.0,169.0,298.0,172.0,265.0,176.0,246.0,181.0,224.0
Z,day1,1787865971.0873516,27,180.0,380.0,217.0,375.0,252.0,341.0,279.0,318.0,302.0,307.0,230.0,294.0,239.0,250.0,245.0,226.0,250.0,203.0,210.0,292.0,223.0,277.0,219.0,311.0,215.0,335.0,190.0,295.0,200.0,278.0,202.0,310.0,201.0,330.0,170.0,297.0,174.0,264.0,179.0,245.0,184.0,224.0
Z,day1,1787865971.1919272,28,179.0,378.0,215.0,373.0,252.0,341.0,279.0,319.0,302.0,308.0,229.0,292.0,241.0,248.0,247.0,224.0,252.0,202.0,209.0,290.0,223.0,277.0,219.0,311.0,214.0,334.0,188.0,293.0,200.0,280.0,200.0,313.0,197.0,333.0,167.0,296.0,170.0,263.0,175.0,245.0,181.0,223.0
Z,day1,1787865971.307707,29,171.0,377.0,209.0,372.0,249.0,344.0,278.0,323.0,303.0,312.0,229.0,292.0,242.0,250.0,250.0,224.0,256.0,203.0,207.0,289.0,217.0,277.0,209.0,311.0,203.0,330.0,185.0,290.0,192.0,278.0,190.0,309.0,189.0,326.0,162.0,292.0,164.0,259.0,168.0,242.0,173.0,221.0
Z,day1,1787865971.4212081,30,164.0,372.0,203.0,368.0,244.0,343.0,275.0,324.0,302.0,314.0,225.0,287.0,240.0,246.0,248.0,220.0,254.0,199.0,201.0,282.0,204.0,273.0,195.0,307.0,191.0,328.0,176.0,283.0,177.0,275.0,175.0,306.0,176.0,324.0,152.0,286.0,152.0,253.0,153.0,235.0,155.0,215.0
Z,day1,1787865971.542915,31,159.0,373.0,199.0,369.0,238.0,345.0,270.0,326.0,297.0,316.0,220.0,286.0,236.0,246.0,245.0,219.0,251.0,197.0,196.0,282.0,196.0,271.0,187.0,307.0,183.0,329.0,171.0,283.0,168.0,273.0,166.0,305.0,167.0,324.0,146.0,286.0,144.0,252.0,144.0,233.0,146.0,212.0
Z,day1,1787865971.6638448,32,159.0,375.0,199.0,372.0,240.0,349.0,273.0,330.0,300.0,319.0,223.0,289.0,239.0,247.0,248.0,220.0,255.0,198.0,199.0,283.0,195.0,273.0,186.0,309.0,181.0,332.0,174.0,283.0,167.0,275.0,165.0,308.0,168.0,329.0,149.0,286.0,147.0,253.0,146.0,234.0,147.0,212.0
Z,day1,1787865971.7627249,33,162.0,370.0,203.0,368.0,244.0,343.0,276.0,323.0,304.0,314.0,228.0,281.0,244.0,240.0,253.0,211.0,259.0,188.0,203.0,275.0,199.0,264.0,190.0,302.0,187.0,324.0,177.0,276.0,170.0,267.0,168.0,302.0,171.0,322.0,151.0,279.0,149.0,244.0,147.0,225.0,148.0,202.0
Z,day1,1787865971.884107,34,159.0,366.0,201.0,365.0,243.0,340.0,276.0,318.0,304.0,310.0,225.0,274.0,242.0,232.0,251.0,203.0,258.0,179.0,200.0,268.0,196.0,258.0,186.0,295.0,183.0,317.0,173.0,268.0,164.0,259.0,163.0,293.0,166.0,312.0,147.0,271.0,143.0,235.0,140.0,215.0,141.0,192.0
Z,day1,1787865972.0062592,35,154.0,366.0,196.0,365.0,240.0,340.0,273.0,317.0,302.0,308.0,221.0,273.0,237.0,229.0,246.0,199.0,253.0,174.0,195.0,266.0,187.0,255.0,178.0,293.0,175.0,318.0,168.0,266.0,157.0,257.0,156.0,291.0,160.0,313.0,142.0,269.0,138.0,233.0,135.0,212.0,135.0,187.0
Z,day1,1787865972.1145618,36,147.0,368.0,191.0,367.0,234.0,342.0,270.0,320.0,300.0,310.0,216.0,273.0,232.0,227.0,242.0,195.0,249.0,169.0,190.0,265.0,181.0,257.0,169.0,298.0,165.0,323.0,162.0,266.0,148.0,257.0,146.0,294.0,150.0,317.0,135.0,269.0,130.0,232.0,125.0,210.0,123.0,185.0
Z,day1,1787865972.2355542,37,140.0,373.0,185.0,372.0,231.0,345.0,267.0,321.0,299.0,311.0,211.0,272.0,227.0,224.0,236.0,191.0,244.0,164.0,183.0,265.0,169.0,257.0,157.0,299.0,155.0,325.0,154.0,265.0,135.0,258.0,134.0,296.0,139.0,320.0,125.0,269.0,119.0,230.0,113.0,206.0,109.0,180.0
Z,day1,1787865972.3554163,38,131.0,383.0,176.0,380.0,224.0,351.0,260.0,327.0,294.0,317.0,200.0,276.0,215.0,226.0,224.0,192.0,232.0,162.0,171.0,269.0,155.0,262.0,142.0,307.0,139.0,335.0,140.0,270.0,120.0,261.0,117.0,302.0,122.0,329.0,110.0,275.0,103.0,234.0,95.0,210.0,91.0,183.0
Z,day1,1787865972.449832,39,132.0,386.0,176.0,383.0,222.0,355.0,258.0,331.0,293.0,322.0,202.0,282.0,217.0,230.0,225.0,195.0,232.0,165.0,173.0,274.0,159.0,266.0,149.0,312.0,147.0,338.0,142.0,274.0,124.0,266.0,123.0,307.0,129.0,332.0,113.0,278.0,105.0,240.0,97.0,217.0,92.0,190.0
Z,day1,1787865972.5710356,40,143.0,378.0,185.0,375.0,230.0,350.0,266.0,329.0,299.0,319.0,212.0,279.0,228.0,232.0,236.0,200.0,243.0,174.0,184.0,272.0,174.0,263.0,163.0,304.0,161.0,329.0,156.0,273.0,140.0,266.0,138.0,303.0,143.0,325.0,127.0,276.0,121.0,240.0,116.0,217.0,113.0,191.0
Z,day1,1787865972.6937518,41,147.0,371.0,189.0,369.0,232.0,344.0,267.0,324.0,297.0,314.0,215.0,276.0,231.0,232.0,240.0,202.0,247.0,177.0,188.0,269.0,181.0,261.0,169.0,301.0,166.0,325.0,161.0,270.0,149.0,262.0,147.0,298.0,150.0,319.0,134.0,273.0,130.0,238.0,125.0,217.0,124.0,192.0
Z,day1,1787865972.8252733,42,150.0,363.0,191.0,362.0,231.0,337.0,263.0,316.0,290.0,306.0,216.0,273.0,232.0,230.0,241.0,202.0,247.0,178.0,190.0,266.0,185.0,256.0,175.0,293.0,171.0,316.0,164.0,267.0,155.0,257.0,152.0,292.0,155.0,312.0,139.0,269.0,136.0,235.0,133.0,215.0,133.0,192.0
Z,day1,1787865972.9415507,43,152.0,360.0,192.0,358.0,230.0,331.0,260.0,310.0,287.0,302.0,214.0,272.0,229.0,231.0,237.0,204.0,243.0,181.0,190.0,266.0,186.0,254.0,176.0,288.0,170.0,312.0,165.0,266.0,158.0,256.0,156.0,288.0,157.0,308.0,141.0,268.0,138.0,235.0,136.0,216.0,137.0,195.0
Z,day1,1787865973.0634828,44,164.0,368.0,201.0,366.0,237.0,345.0,264.0,325.0,287.0,315.0,220.0,288.0,235.0,251.0,242.0,227.0,248.0,207.0,199.0,284.0,198.0,272.0,190.0,303.0,186.0,324.0,177.0,284.0,172.0,273.0,171.0,301.0,172.0,318.0,155.0,286.0,152.0,255.0,151.0,238.0,152.0,218.0
Z,day1,1787865973.1669428,45,168.0,372.0,203.0,369.0,238.0,348.0,264.0,331.0,287.0,323.0,223.0,295.0,237.0,260.0,244.0,237.0,250.0,218.0,202.0,290.0,202.0,281.0,194.0,311.0,189.0,331.0,181.0,290.0,178.0,282.0,176.0,310.0,177.0,327.0,160.0,292.0,158.0,263.0,158.0,247.0,159.0,229.0
Z,day1,1787865973.2779205,46,171.0,375.0,205.0,372.0,239.0,352.0,265.0,336.0,287.0,328.0,225.0,302.0,239.0,267.0,246.0,245.0,251.0,225.0,205.0,297.0,203.0,286.0,194.0,316.0,190.0,335.0,184.0,297.0,180.0,287.0,178.0,315.0,180.0,332.0,163.0,299.0,162.0,271.0,160.0,256.0,162.0,238.0
Z,day1,1787865973.4112275,47,172.0,380.0,206.0,377.0,238.0,357.0,263.0,341.0,286.0,332.0,225.0,306.0,238.0,272.0,245.0,250.0,250.0,231.0,204.0,302.0,204.0,292.0,195.0,322.0,191.0,342.0,183.0,302.0,182.0,293.0,180.0,321.0,180.0,338.0,163.0,304.0,162.0,276.0,161.0,261.0,163.0,244.0
Z,day1,1787865973.52234,48,172.0,380.0,205.0,377.0,237.0,357.0,262.0,340.0,285.0,333.0,224.0,306.0,236.0,272.0,243.0,249.0,248.0,230.0,203.0,302.0,202.0,292.0,193.0,323.0,189.0,343.0,182.0,302.0,179.0,293.0,178.0,321.0,179.0,338.0,161.0,304.0,160.0,277.0,159.0,262.0,160.0,244.0
Z,day1,1787865973.6166046,49,170.0,380.0,203.0,377.0,235.0,355.0,260.0,339.0,282.0,331.0,221.0,307.0,232.0,272.0,239.0,249.0,244.0,231.0,200.0,303.0,200.0,293.0,192.0,323.0,187.0,344.0,179.0,303.0,177.0,294.0,175.0,321.0,176.0,339.0,159.0,305.0,156.0,277.0,155.0,262.0,156.0,245.0
Z,day1,1787865973.7288818,50,166.0,380.0,199.0,375.0,230.0,352.0,254.0,333.0,275.0,323.0,213.0,303.0,222.0,268.0,228.0,246.0,232.0,227.0,191.0,301.0,190.0,291.0,186.0,321.0,183.0,342.0,171.0,304.0,166.0,294.0,168.0,320.0,170.0,336.0,151.0,308.0,146.0,280.0,145.0,265.0,144.0,247.0
Z,day1,1787865973.8237846,51,160.0,385.0,195.0,378.0,225.0,352.0,247.0,331.0,268.0,319.0,202.0,303.0,209.0,267.0,212.0,243.0,213.0,224.0,180.0,302.0,177.0,295.0,174.0,325.0,172.0,346.0,159.0,307.0,154.0,300.0,158.0,327.0,162.0,345.0,139.0,313.0,132.0,286.0,128.0,270.0,125.0,252.0
Z,day1,1787865973.9356496,52,160.0,390.0,195.0,381.0,224.0,354.0,247.0,332.0,268.0,320.0,200.0,306.0,206.0,269.0,208.0,245.0,209.0,225.0,178.0,306.0,175.0,297.0,172.0,329.0,172.0,349.0,157.0,312.0,151.0,304.0,155.0,331.0,160.0,348.0,137.0,319.0,128.0,290.0,123.0,274.0,120.0,255.0
Z,day1,1787865974.0564952,53,162.0,392.0,196.0,382.0,226.0,354.0,248.0,332.0,269.0,319.0,202.0,305.0,208.0,268.0,209.0,244.0,210.0,224.0,179.0,305.0,176.0,298.0,173.0,330.0,173.0,350.0,158.0,310.0,152.0,304.0,157.0,332.0,162.0,348.0,137.0,316.0,128.0,289.0,123.0,274.0,120.0,257.0
Z,day1,1787865974.199656,54,163.0,389.0,197.0,380.0,227.0,354.0,250.0,333.0,271.0,320.0,205.0,304.0,211.0,267.0,213.0,243.0,215.0,223.0,183.0,304.0,178.0,296.0,175.0,328.0,175.0,349.0,161.0,309.0,154.0,302.0,158.0,330.0,163.0,347.0,140.0,315.0,131.0,288.0,127.0,273.0,125.0,254.0
A,day2,1790743558.1220336,0,159.0,328.0,196.0,316.0,222.0,283.0,235.0,251.0,245.0,227.0,215.0,252.0,223.0,222.0,217.0,249.0,212.0,264.0,194.0,251.0,200.0,228.0,196.0,261.0,192.0,270.0,172.0,253.0,177.0,237.0,176.0,268.0,174.0,276.0,149.0,258.0,157.0,243.0,158.0,265.0,156.0,274.0
A,day2,1790743560.6377888,1,134.0,307.0,171.0,300.0,206.0,268.0,228.0,237.0,249.0,219.0,203.0,238.0,214.0,210.0,200.0,238.0,195.0,247.0,180.0,233.0,189.0,211.0,178.0,246.0,177.0,248.0,157.0,230.0,164.0,214.0,157.0,248.0,158.0,249.0,134.0,228.0,141.0,219.0,138.0,241.0,137.0,245.0
A,day2,1790743561.4134133,2,141.0,308.0,182.0,302.0,221.0,267.0,245.0,232.0,266.0,213.0,219.0,236.0,232.0,204.0,216.0,235.0,209.0,245.0,195.0,230.0,204.0,205.0,192.0,243.0,190.0,246.0,170.0,227.0,177.0,209.0,168.0,245.0,168.0,248.0,145.0,225.0,152.0,212.0,148.0,237.0,147.0,242.0
A,day2,1790743562.073938,3,143.0,303.0,182.0,289.0,210.0,251.0,223.0,217.0,236.0,195.0,198.0,222.0,206.0,196.0,199.0,224.0,194.0,235.0,177.0,221.0,183.0,199.0,178.0,234.0,175.0,241.0,155.0,224.0,161.0,208.0,158.0,241.0,156.0,247.0,132.0,227.0,140.0,216.0,140.0,239.0,138.0,245.0
A,day2,1790743562.5358708,4,122.0,295.0,157.0,281.0,178.0,245.0,185.0,212.0,194.0,191.0,161.0,221.0,165.0,194.0,164.0,219.0,162.0,230.0,141.0,223.0,142.0,200.0,145.0,232.0,143.0,239.0,121.0,228.0,124.0,212.0,128.0,242.0,126.0,248.0,99.0,235.0,106.0,222.0,110.0,242.0,107.0,249.0
A,day2,1790743562.848784,5,125.0,303.0,159.0,287.0,181.0,252.0,193.0,222.0,203.0,201.0,166.0,228.0,174.0,205.0,173.0,229.0,169.0,239.0,148.0,228.0,154.0,209.0,155.0,237.0,153.0,244.0,129.0,231.0,136.0,217.0,138.0,243.0,136.0,251.0,108.0,237.0,118.0,227.0,121.0,244.0,118.0,250.0
A,day2,1790743563.359403,6,158.0,272.0,193.0,273.0,229.0,257.0,255.0,237.0,275.0,223.0,233.0,230.0,250.0,210.0,234.0,228.0,224.0,237.0,216.0,221.0,228.0,204.0,211.0,227.0,207.0,234.0,198.0,214.0,207.0,203.0,194.0,225.0,190.0,232.0,178.0,208.0,188.0,201.0,181.0,217.0,176.0,223.0
A,day2,1790743563.390374,7,163.0,273.0,198.0,278.0,237.0,263.0,264.0,245.0,286.0,234.0,244.0,237.0,261.0,218.0,242.0,234.0,232.0,243.0,227.0,225.0,239.0,209.0,219.0,231.0,215.0,238.0,208.0,216.0,217.0,206.0,200.0,228.0,198.0,234.0,188.0,209.0,198.0,201.0,187.0,219.0,184.0,225.0
A,day2,1790743563.4352646,8,165.0,273.0,197.0,279.0,237.0,264.0,267.0,247.0,290.0,238.0,245.0,238.0,265.0,218.0,243.0,236.0,235.0,243.0,229.0,226.0,243.0,210.0,221.0,234.0,219.0,238.0,211.0,217.0,221.0,206.0,203.0,230.0,202.0,233.0,192.0,209.0,201.0,202.0,191.0,219.0,188.0,223.0
A,day2,1790743563.4823906,9,165.0,272.0,199.0,277.0,238.0,263.0,267.0,245.0,289.0,235.0,247.0,237.0,265.0,218.0,244.0,235.0,237.0,241.0,231.0,225.0,243.0,209.0,223.0,234.0,221.0,237.0,212.0,216.0,222.0,205.0,204.0,229.0,203.0,233.0,194.0,209.0,202.0,202.0,193.0,219.0,190.0,223.0
A,day2,1790743563.5535939,10,167.0,271.0,203.0,273.0,239.0,256.0,265.0,239.0,287.0,227.0,244.0,230.0,262.0,212.0,246.0,230.0,235.0,238.0,228.0,220.0,240.0,204.0,224.0,227.0,218.0,234.0,209.0,213.0,219.0,202.0,206.0,225.0,202.0,232.0,190.0,207.0,201.0,200.0,195.0,217.0,190.0,224.0
A,day2,1790743563.6017454,11,164.0,267.0,200.0,269.0,236.0,252.0,261.0,232.0,281.0,220.0,238.0,225.0,258.0,207.0,242.0,225.0,231.0,233.0,222.0,216.0,236.0,199.0,220.0,222.0,213.0,230.0,204.0,210.0,215.0,198.0,202.0,220.0,197.0,228.0,185.0,205.0,196.0,196.0,190.0,212.0,186.0,220.0
A,day2,1790743563.6550326,12,163.0,268.0,197.0,267.0,232.0,247.0,256.0,225.0,274.0,210.0,231.0,218.0,249.0,201.0,235.0,223.0,228.0,230.0,216.0,211.0,228.0,196.0,215.0,222.0,211.0,227.0,197.0,206.0,208.0,195.0,198.0,221.0,194.0,226.0,177.0,202.0,189.0,195.0,184.0,213.0,179.0,218.0
A,day2,1790743563.7146637,13,160.0,268.0,195.0,265.0,227.0,242.0,249.0,218.0,265.0,202.0,224.0,213.0,239.0,195.0,228.0,218.0,221.0,225.0,207.0,207.0,218.0,191.0,208.0,219.0,202.0,225.0,188.0,204.0,198.0,193.0,190.0,219.0,185.0,225.0,167.0,202.0,179.0,195.0,175.0,213.0,170.0,219.0
A,day2,1790743563.738211,14,158.0,268.0,193.0,266.0,227.0,243.0,248.0,219.0,266.0,204.0,224.0,213.0,239.0,195.0,227.0,217.0,220.0,224.0,207.0,207.0,218.0,192.0,206.0,219.0,202.0,224.0,188.0,203.0,198.0,193.0,188.0,219.0,184.0,224.0,168.0,201.0,178.0,195.0,174.0,213.0,170.0,218.0
A,day2,1790743563.7680736,15,157.0,269.0,193.0,266.0,225.0,241.0,242.0,214.0,257.0,196.0,217.0,212.0,230.0,192.0,221.0,214.0,214.0,224.0,198.0,207.0,206.0,189.0,199.0,215.0,194.0,224.0,179.0,206.0,187.0,192.0,182.0,218.0,178.0,227.0,157.0,206.0,167.0,196.0,166.0,215.0,162.0,223.0
A,day2,1790743563.7901638,16,154.0,274.0,189.0,270.0,220.0,241.0,235.0,211.0,249.0,193.0,209.0,211.0,220.0,190.0,213.0,214.0,208.0,224.0,190.0,208.0,197.0,189.0,192.0,218.0,187.0,227.0,170.0,209.0,176.0,195.0,175.0,223.0,172.0,231.0,148.0,211.0,157.0,201.0,158.0,221.0,156.0,228.0
A,day2,1790743563.8225374,17,153.0,276.0,189.0,269.0,218.0,240.0,234.0,212.0,248.0,194.0,209.0,212.0,220.0,190.0,212.0,214.0,207.0,224.0,190.0,208.0,197.0,190.0,192.0,218.0,188.0,227.0,170.0,209.0,177.0,195.0,174.0,223.0,171.0,231.0,149.0,211.0,157.0,201.0,158.0,221.0,155.0,228.0
A,day2,1790743563.8519943,18,150.0,279.0,186.0,271.0,215.0,242.0,227.0,210.0,240.0,190.0,203.0,213.0,211.0,191.0,205.0,215.0,200.0,228.0,182.0,211.0,187.0,191.0,183.0,220.0,180.0,233.0,162.0,213.0,166.0,199.0,166.0,227.0,164.0,237.0,140.0,217.0,147.0,206.0,148.0,226.0,147.0,235.0
A,day2,1790743563.8851442,19,148.0,286.0,183.0,277.0,210.0,243.0,221.0,210.0,231.0,189.0,195.0,215.0,203.0,192.0,198.0,218.0,194.0,230.0,174.0,215.0,179.0,194.0,177.0,225.0,174.0,236.0,153.0,218.0,159.0,203.0,160.0,232.0,158.0,242.0,132.0,223.0,140.0,212.0,143.0,232.0,141.0,240.0
A,day2,1790743563.9211977,20,145.0,289.0,180.0,280.0,204.0,243.0,213.0,209.0,223.0,188.0,189.0,216.0,195.0,192.0,193.0,218.0,190.0,230.0,168.0,217.0,172.0,197.0,172.0,227.0,170.0,238.0,147.0,222.0,152.0,206.0,156.0,235.0,154.0,246.0,125.0,228.0,133.0,216.0,137.0,236.0,136.0,245.0
A,day2,1790743563.952502,21,144.0,291.0,180.0,280.0,204.0,243.0,213.0,210.0,223.0,190.0,187.0,217.0,194.0,193.0,192.0,218.0,189.0,230.0,167.0,218.0,172.0,198.0,171.0,228.0,169.0,238.0,147.0,223.0,151.0,207.0,153.0,236.0,152.0,246.0,125.0,228.0,132.0,216.0,136.0,236.0,134.0,244.0
A,day2,1790743563.9849565,22,142.0,295.0,177.0,283.0,198.0,242.0,206.0,208.0,214.0,186.0,181.0,217.0,187.0,193.0,187.0,220.0,183.0,232.0,160.0,219.0,164.0,199.0,167.0,230.0,164.0,241.0,139.0,225.0,145.0,210.0,150.0,240.0,148.0,249.0,117.0,232.0,127.0,220.0,132.0,241.0,129.0,249.0
A,day2,1790743564.0213132,23,136.0,295.0,170.0,285.0,192.0,243.0,199.0,208.0,205.0,185.0,172.0,217.0,177.0,192.0,178.0,218.0,176.0,229.0,152.0,220.0,155.0,199.0,159.0,230.0,157.0,240.0,131.0,227.0,136.0,210.0,142.0,241.0,140.0,250.0,109.0,234.0,118.0,221.0,123.0,242.0,121.0,250.0
A,day2,1790743564.0547829,24,136.0,298.0,170.0,285.0,192.0,243.0,198.0,208.0,206.0,186.0,171.0,218.0,177.0,192.0,178.0,219.0,175.0,229.0,151.0,221.0,156.0,199.0,158.0,232.0,155.0,240.0,131.0,227.0,137.0,211.0,141.0,242.0,138.0,250.0,109.0,234.0,118.0,222.0,123.0,243.0,120.0,250.0
A,day2,1790743564.0851715,25,132.0,297.0,166.0,286.0,187.0,243.0,192.0,206.0,198.0,183.0,165.0,217.0,168.0,190.0,169.0,216.0,167.0,229.0,144.0,221.0,145.0,199.0,151.0,231.0,149.0,241.0,123.0,229.0,126.0,211.0,134.0,242.0,134.0,251.0,101.0,237.0,108.0,223.0,116.0,244.0,115.0,253.0
A,day2,1790743564.118026,26,130.0,299.0,165.0,287.0,186.0,244.0,191.0,207.0,198.0,184.0,164.0,218.0,167.0,190.0,169.0,218.0,168.0,230.0,143.0,222.0,146.0,200.0,151.0,233.0,149.0,242.0,123.0,229.0,126.0,212.0,133.0,244.0,132.0,252.0,101.0,237.0,108.0,223.0,115.0,245.0,113.0,253.0
A,day2,1790743564.14039,27,126.0,300.0,161.0,285.0,182.0,240.0,185.0,203.0,193.0,181.0,158.0,218.0,161.0,189.0,162.0,216.0,160.0,231.0,135.0,223.0,137.0,199.0,142.0,232.0,141.0,244.0,114.0,230.0,118.0,211.0,125.0,242.0,125.0,253.0,92.0,239.0,100.0,222.0,107.0,244.0,106.0,254.0
A,day2,1790743564.1852386,28,118.0,302.0,153.0,289.0,178.0,245.0,183.0,206.0,193.0,183.0,155.0,219.0,156.0,190.0,155.0,219.0,154.0,233.0,132.0,223.0,131.0,200.0,135.0,235.0,135.0,245.0,109.0,230.0,109.0,212.0,117.0,245.0,119.0,254.0,87.0,239.0,90.0,225.0,98.0,248.0,99.0,256.0
A,day2,1790743564.221751,29,117.0,304.0,152.0,289.0,177.0,245.0,183.0,207.0,193.0,182.0,154.0,220.0,156.0,189.0,155.0,219.0,154.0,233.0,131.0,223.0,130.0,200.0,134.0,236.0,134.0,244.0,109.0,230.0,109.0,213.0,116.0,247.0,117.0,254.0,86.0,238.0,90.0,225.0,97.0,248.0,97.0,256.0
A,day2,1790743564.2403457,30,111.0,308.0,147.0,292.0,174.0,250.0,183.0,211.0,196.0,187.0,155.0,221.0,155.0,191.0,153.0,224.0,152.0,236.0,130.0,223.0,128.0,201.0,131.0,239.0,133.0,244.0,107.0,229.0,105.0,214.0,112.0,250.0,115.0,254.0,84.0,236.0,85.0,226.0,92.0,251.0,94.0,256.0
A,day2,1790743564.2731938,31,108.0,308.0,144.0,293.0,172.0,254.0,185.0,217.0,197.0,192.0,156.0,223.0,158.0,192.0,154.0,224.0,151.0,237.0,131.0,224.0,130.0,200.0,132.0,238.0,132.0,244.0,107.0,229.0,106.0,213.0,111.0,248.0,113.0,253.0,83.0,235.0,85.0,224.0,91.0,249.0,92.0,255.0
A,day2,1790743564.9763265,32,130.0,299.0,167.0,300.0,210.0,274.0,239.0,245.0,262.0,227.0,210.0,237.0,226.0,213.0,207.0,240.0,199.0,249.0,189.0,226.0,197.0,210.0,178.0,244.0,177.0,246.0,165.0,219.0,170.0,209.0,156.0,241.0,157.0,243.0,143.0,213.0,150.0,207.0,141.0,231.0,139.0,235.0
A,day2,1790743565.4258687,33,131.0,305.0,173.0,305.0,222.0,274.0,254.0,240.0,280.0,221.0,221.0,235.0,238.0,208.0,215.0,239.0,207.0,248.0,197.0,222.0,202.0,204.0,182.0,243.0,183.0,246.0,171.0,214.0,171.0,202.0,157.0,239.0,162.0,242.0,146.0,206.0,147.0,201.0,138.0,228.0,139.0,233.0
A,day2,1790743565.9270656,34,148.0,312.0,191.0,306.0,233.0,269.0,260.0,234.0,284.0,212.0,230.0,232.0,245.0,202.0,229.0,238.0,221.0,248.0,205.0,224.0,214.0,204.0,200.0,245.0,196.0,248.0,178.0,221.0,184.0,207.0,174.0,248.0,173.0,252.0,151.0,219.0,158.0,209.0,154.0,239.0,151.0,245.0
A,day2,1790743565.9554436,35,150.0,308.0,192.0,300.0,232.0,264.0,258.0,230.0,280.0,209.0,229.0,229.0,243.0,200.0,227.0,233.0,219.0,243.0,204.0,222.0,213.0,202.0,200.0,241.0,197.0,245.0,178.0,219.0,184.0,205.0,175.0,243.0,174.0,249.0,152.0,217.0,160.0,207.0,156.0,234.0,153.0,240.0
A,day2,1790743565.9848397,36,150.0,306.0,192.0,300.0,231.0,263.0,258.0,230.0,279.0,208.0,229.0,229.0,243.0,199.0,227.0,231.0,219.0,244.0,204.0,222.0,213.0,201.0,200.0,239.0,196.0,246.0,178.0,219.0,185.0,205.0,175.0,243.0,173.0,251.0,152.0,218.0,160.0,206.0,155.0,234.0,153.0,242.0
A,day2,1790743566.4031575,37,145.0,310.0,184.0,298.0,212.0,263.0,227.0,230.0,242.0,210.0,204.0,236.0,212.0,209.0,203.0,237.0,198.0,247.0,183.0,234.0,186.0,213.0,180.0,246.0,178.0,252.0,160.0,235.0,164.0,219.0,160.0,252.0,159.0,258.0,136.0,237.0,143.0,226.0,143.0,248.0,141.0,255.0
A,day2,1790743566.7642806,38,137.0,320.0,172.0,303.0,192.0,262.0,198.0,226.0,207.0,203.0,176.0,238.0,177.0,209.0,177.0,238.0,175.0,249.0,154.0,241.0,153.0,218.0,158.0,251.0,157.0,258.0,132.0,248.0,133.0,230.0,140.0,263.0,139.0,268.0,109.0,255.0,115.0,242.0,121.0,264.0,119.0,270.0
A,day2,1790743567.1226826,39,137.0,322.0,174.0,311.0,203.0,278.0,221.0,246.0,237.0,226.0,198.0,252.0,207.0,223.0,197.0,247.0,191.0,260.0,175.0,249.0,180.0,226.0,173.0,256.0,172.0,265.0,152.0,249.0,156.0,234.0,152.0,264.0,152.0,271.0,129.0,252.0,137.0,239.0,136.0,260.0,134.0,268.0
A,day2,1790743567.452829,40,133.0,317.0,168.0,315.0,205.0,286.0,230.0,257.0,251.0,239.0,205.0,254.0,218.0,228.0,202.0,254.0,195.0,264.0,184.0,246.0,190.0,228.0,177.0,262.0,177.0,265.0,162.0,242.0,165.0,230.0,156.0,263.0,158.0,266.0,140.0,238.0,144.0,233.0,140.0,257.0,139.0,261.0
A,day2,1790743567.9561033,41,161.0,303.0,198.0,306.0,243.0,281.0,273.0,254.0,297.0,239.0,248.0,249.0,267.0,224.0,245.0,250.0,235.0,259.0,228.0,237.0,240.0,219.0,219.0,251.0,215.0,256.0,206.0,229.0,214.0,217.0,198.0,249.0,196.0,255.0,183.0,222.0,194.0,214.0,183.0,238.0,178.0,244.0
A,day2,1790743567.985563,42,163.0,304.0,200.0,305.0,244.0,279.0,274.0,252.0,296.0,234.0,248.0,245.0,266.0,221.0,246.0,248.0,236.0,256.0,226.0,234.0,239.0,217.0,220.0,251.0,216.0,253.0,202.0,227.0,212.0,216.0,198.0,250.0,196.0,253.0,179.0,222.0,189.0,215.0,182.0,239.0,178.0,244.0
A,day2,1790743568.0151396,43,163.0,305.0,201.0,304.0,242.0,276.0,271.0,248.0,294.0,230.0,246.0,243.0,264.0,219.0,246.0,245.0,235.0,256.0,225.0,233.0,236.0,217.0,219.0,250.0,215.0,254.0,201.0,227.0,210.0,216.0,198.0,249.0,194.0,254.0,176.0,222.0,188.0,216.0,182.0,240.0,177.0,245.0
A,day2,1790743568.0437543,44,162.0,305.0,201.0,304.0,241.0,277.0,270.0,249.0,293.0,231.0,246.0,244.0,263.0,219.0,245.0,244.0,235.0,255.0,225.0,234.0,236.0,216.0,219.0,249.0,215.0,255.0,201.0,227.0,210.0,216.0,197.0,249.0,194.0,254.0,177.0,223.0,189.0,216.0,181.0,239.0,177.0,246.0
A,day2,1790743568.073975,45,161.0,306.0,202.0,303.0,242.0,271.0,268.0,243.0,288.0,223.0,238.0,239.0,256.0,216.0,240.0,243.0,231.0,254.0,217.0,231.0,229.0,213.0,215.0,245.0,208.0,254.0,193.0,227.0,205.0,215.0,195.0,246.0,189.0,254.0,169.0,223.0,184.0,215.0,178.0,238.0,172.0,245.0
A,day2,1790743568.3588188,46,148.0,316.0,188.0,300.0,220.0,255.0,237.0,219.0,252.0,195.0,209.0,225.0,218.0,194.0,209.0,228.0,204.0,239.0,184.0,223.0,190.0,200.0,186.0,239.0,183.0,244.0,158.0,225.0,164.0,210.0,162.0,248.0,161.0,251.0,133.0,229.0,140.0,218.0,141.0,244.0,138.0,249.0
A,day2,1790743568.7653892,47,151.0,319.0,196.0,299.0,225.0,243.0,236.0,198.0,251.0,169.0,201.0,207.0,211.0,171.0,208.0,212.0,200.0,223.0,173.0,210.0,183.0,181.0,185.0,230.0,178.0,232.0,145.0,217.0,153.0,199.0,160.0,244.0,155.0,244.0,117.0,226.0,128.0,214.0,137.0,245.0,132.0,249.0
A,day2,1790743569.127569,48,163.0,308.0,209.0,295.0,246.0,250.0,266.0,209.0,282.0,179.0,232.0,209.0,245.0,180.0,236.0,216.0,229.0,229.0,206.0,206.0,214.0,185.0,208.0,227.0,204.0,235.0,179.0,208.0,187.0,195.0,184.0,235.0,182.0,242.0,151.0,212.0,162.0,203.0,162.0,231.0,159.0,238.0
A,day2,1790743569.6290438,49,166.0,291.0,206.0,290.0,245.0,267.0,271.0,244.0,293.0,230.0,247.0,238.0,263.0,217.0,246.0,239.0,237.0,248.0,228.0,229.0,239.0,212.0,223.0,240.0,218.0,247.0,207.0,223.0,217.0,211.0,203.0,239.0,200.0,246.0,186.0,218.0,197.0,210.0,190.0,229.0,185.0,236.0
A,day2,1790743569.6575458,50,163.0,291.0,203.0,290.0,240.0,267.0,265.0,243.0,287.0,230.0,242.0,239.0,259.0,218.0,241.0,240.0,232.0,248.0,224.0,230.0,234.0,213.0,218.0,240.0,212.0,247.0,203.0,224.0,211.0,213.0,198.0,240.0,194.0,246.0,182.0,219.0,192.0,211.0,185.0,230.0,181.0,236.0
A,day2,1790743569.6916142,51,160.0,292.0,197.0,291.0,233.0,269.0,258.0,245.0,279.0,231.0,237.0,241.0,254.0,221.0,236.0,240.0,225.0,250.0,218.0,232.0,229.0,216.0,211.0,241.0,206.0,249.0,198.0,226.0,207.0,216.0,193.0,241.0,189.0,248.0,177.0,222.0,188.0,215.0,181.0,234.0,177.0,241.0
A,day2,1790743569.767786,52,155.0,294.0,192.0,293.0,227.0,271.0,252.0,248.0,273.0,233.0,231.0,243.0,248.0,223.0,231.0,242.0,220.0,252.0,214.0,234.0,224.0,219.0,207.0,243.0,201.0,251.0,194.0,229.0,204.0,219.0,190.0,243.0,185.0,250.0,174.0,224.0,186.0,218.0,177.0,236.0,172.0,243.0
A,day2,1790743569.8022842,53,153.0,296.0,190.0,294.0,223.0,272.0,246.0,248.0,266.0,233.0,224.0,244.0,241.0,224.0,226.0,242.0,214.0,253.0,206.0,236.0,217.0,221.0,202.0,244.0,195.0,254.0,187.0,231.0,197.0,221.0,185.0,244.0,180.0,253.0,167.0,227.0,179.0,220.0,173.0,237.0,168.0,245.0
A,day2,1790743570.0548947,54,139.0,305.0,172.0,300.0,201.0,276.0,218.0,250.0,234.0,232.0,197.0,251.0,208.0,229.0,197.0,247.0,188.0,259.0,178.0,246.0,185.0,229.0,175.0,252.0,171.0,262.0,159.0,245.0,165.0,233.0,159.0,256.0,157.0,264.0,140.0,245.0,148.0,236.0,145.0,253.0,144.0,260.0
A,day2,1790743570.9293597,55,145.0,332.0,176.0,320.0,198.0,286.0,209.0,256.0,220.0,237.0,189.0,264.0,194.0,239.0,188.0,264.0,184.0,275.0,169.0,264.0,174.0,244.0,171.0,275.0,168.0,280.0,150.0,267.0,154.0,252.0,154.0,282.0,153.0,287.0,130.0,270.0,137.0,260.0,138.0,281.0,137.0,286.0
A,day2,1790743571.1678603,56,144.0,328.0,175.0,315.0,198.0,281.0,210.0,251.0,222.0,232.0,189.0,259.0,193.0,232.0,188.0,258.0,185.0,269.0,170.0,259.0,171.0,239.0,170.0,269.0,169.0,276.0,150.0,261.0,151.0,247.0,152.0,278.0,153.0,285.0,129.0,265.0,132.0,255.0,135.0,276.0,135.0,284.0
B,day2,1790743655.0896668,0,106.0,372.0,130.0,354.0,139.0,324.0,121.0,299.0,100.0,287.0,140.0,274.0,141.0,238.0,139.0,215.0,135.0,195.0,120.0,270.0,119.0,230.0,117.0,204.0,115.0,182.0,101.0,276.0,99.0,239.0,98.0,215.0,96.0,195.0,82.0,289.0,82.0,258.0,83.0,238.0,83.0,219.0
B,day2,1790743657.1349957,1,111.0,370.0,135.0,355.0,146.0,328.0,131.0,304.0,114.0,289.0,150.0,275.0,153.0,239.0,152.0,216.0,150.0,196.0,130.0,270.0,132.0,230.0,131.0,204.0,129.0,182.0,111.0,275.0,111.0,238.0,111.0,215.0,111.0,195.0,92.0,287.0,93.0,257.0,94.0,237.0,95.0,218.0
B,day2,1790743657.2866917,2,111.0,370.0,135.0,355.0,146.0,325.0,128.0,300.0,110.0,285.0,151.0,275.0,153.0,239.0,152.0,216.0,149.0,196.0,130.0,270.0,131.0,230.0,130.0,205.0,129.0,182.0,111.0,275.0,111.0,238.0,111.0,215.0,111.0,195.0,92.0,287.0,93.0,256.0,94.0,237.0,95.0,218.0
B,day2,1790743657.4274433,3,113.0,368.0,138.0,355.0,151.0,328.0,132.0,304.0,113.0,289.0,160.0,277.0,167.0,242.0,168.0,219.0,168.0,199.0,140.0,270.0,145.0,231.0,146.0,207.0,146.0,184.0,120.0,273.0,125.0,236.0,127.0,213.0,128.0,193.0,100.0,283.0,105.0,253.0,108.0,234.0,112.0,216.0
B,day2,1790743657.5794587,4,121.0,368.0,145.0,355.0,156.0,329.0,140.0,305.0,125.0,288.0,171.0,281.0,178.0,246.0,181.0,224.0,183.0,204.0,151.0,273.0,158.0,234.0,161.0,209.0,164.0,188.0,132.0,274.0,138.0,237.0,142.0,214.0,145.0,194.0,111.0,283.0,117.0,253.0,121.0,234.0,126.0,216.0
B,day2,1790743657.7092366,5,129.0,368.0,155.0,358.0,172.0,333.0,156.0,307.0,138.0,289.0,185.0,285.0,195.0,249.0,199.0,227.0,201.0,206.0,166.0,276.0,175.0,236.0,180.0,212.0,183.0,190.0,147.0,276.0,154.0,239.0,159.0,217.0,164.0,198.0,126.0,283.0,133.0,253.0,138.0,235.0,144.0,217.0
B,day2,1790743657.8366024,6,131.0,370.0,157.0,359.0,174.0,332.0,157.0,303.0,138.0,285.0,187.0,285.0,195.0,248.0,199.0,226.0,200.0,205.0,167.0,276.0,176.0,236.0,181.0,211.0,185.0,188.0,148.0,277.0,155.0,240.0,160.0,218.0,163.0,198.0,127.0,285.0,134.0,255.0,140.0,236.0,145.0,218.0
B,day2,1790743657.9763284,7,131.0,372.0,157.0,361.0,174.0,333.0,158.0,305.0,139.0,287.0,187.0,285.0,196.0,248.0,199.0,225.0,201.0,204.0,167.0,276.0,176.0,236.0,180.0,211.0,184.0,188.0,148.0,278.0,155.0,240.0,160.0,218.0,164.0,198.0,127.0,286.0,134.0,255.0,140.0,236.0,145.0,218.0
B,day2,1790743658.1071723,8,124.0,374.0,151.0,361.0,166.0,334.0,150.0,308.0,132.0,290.0,175.0,282.0,183.0,245.0,184.0,221.0,183.0,200.0,155.0,275.0,161.0,235.0,163.0,208.0,164.0,185.0,135.0,278.0,141.0,239.0,143.0,215.0,145.0,195.0,112.0,288.0,117.0,257.0,122.0,237.0,128.0,219.0
B,day2,1790743658.2150784,9,119.0,373.0,144.0,358.0,157.0,331.0,138.0,306.0,118.0,289.0,163.0,277.0,167.0,240.0,167.0,215.0,164.0,194.0,142.0,271.0,145.0,230.0,144.0,204.0,143.0,180.0,122.0,274.0,125.0,235.0,126.0,211.0,126.0,191.0,101.0,284.0,104.0,253.0,107.0,233.0,111.0,214.0
B,day2,1790743658.3426297,10,116.0,373.0,140.0,356.0,150.0,326.0,130.0,300.0,111.0,286.0,152.0,273.0,153.0,236.0,150.0,213.0,145.0,192.0,130.0,269.0,130.0,228.0,126.0,202.0,123.0,179.0,110.0,275.0,110.0,236.0,108.0,212.0,105.0,192.0,90.0,288.0,89.0,258.0,90.0,237.0,92.0,217.0
B,day2,1790743658.4783626,11,116.0,376.0,139.0,357.0,147.0,325.0,123.0,301.0,99.0,291.0,146.0,273.0,143.0,235.0,139.0,211.0,134.0,190.0,123.0,270.0,119.0,227.0,115.0,201.0,112.0,178.0,103.0,276.0,98.0,238.0,95.0,213.0,93.0,192.0,84.0,291.0,82.0,259.0,81.0,238.0,81.0,218.0
B,day2,1790743658.5860841,12,114.0,377.0,136.0,364.0,143.0,334.0,124.0,307.0,105.0,291.0,155.0,281.0,158.0,242.0,157.0,218.0,154.0,197.0,134.0,274.0,136.0,232.0,134.0,205.0,133.0,182.0,115.0,277.0,115.0,238.0,115.0,214.0,115.0,193.0,94.0,288.0,94.0,257.0,96.0,238.0,98.0,219.0
B,day2,1790743658.7001846,13,115.0,378.0,138.0,364.0,148.0,336.0,126.0,310.0,105.0,294.0,162.0,284.0,167.0,245.0,168.0,221.0,168.0,199.0,141.0,276.0,147.0,234.0,150.0,209.0,154.0,184.0,120.0,278.0,125.0,239.0,129.0,215.0,133.0,193.0,99.0,288.0,102.0,256.0,106.0,236.0,111.0,216.0
B,day2,1790743658.833122,14,111.0,373.0,136.0,362.0,149.0,336.0,129.0,311.0,110.0,293.0,163.0,283.0,170.0,245.0,172.0,221.0,173.0,198.0,143.0,274.0,151.0,232.0,155.0,207.0,160.0,182.0,123.0,275.0,129.0,236.0,134.0,212.0,139.0,190.0,101.0,283.0,106.0,251.0,111.0,232.0,117.0,212.0
B,day2,1790743658.9576094,15,111.0,373.0,136.0,361.0,148.0,335.0,129.0,308.0,111.0,290.0,164.0,281.0,170.0,243.0,173.0,219.0,174.0,196.0,144.0,272.0,152.0,230.0,157.0,204.0,162.0,179.0,123.0,273.0,130.0,234.0,135.0,209.0,140.0,187.0,101.0,281.0,107.0,249.0,111.0,228.0,118.0,209.0
B,day2,1790743659.0882802,16,98.0,390.0,124.0,372.0,136.0,340.0,123.0,311.0,111.0,291.0,132.0,281.0,131.0,240.0,126.0,215.0,120.0,193.0,110.0,279.0,110.0,234.0,105.0,205.0,99.0,178.0,91.0,287.0,89.0,243.0,87.0,216.0,83.0,193.0,70.0,302.0,70.0,268.0,70.0,246.0,68.0,225.0
B,day2,1790743659.234226,17,94.0,397.0,122.0,378.0,132.0,345.0,116.0,319.0,102.0,300.0,126.0,283.0,123.0,242.0,117.0,217.0,108.0,194.0,104.0,281.0,101.0,235.0,96.0,206.0,89.0,179.0,83.0,290.0,80.0,247.0,77.0,220.0,71.0,196.0,63.0,308.0,63.0,272.0,61.0,249.0,59.0,227.0
B,day2,1790743659.3364754,18,97.0,397.0,126.0,377.0,137.0,343.0,118.0,316.0,101.0,300.0,129.0,283.0,125.0,241.0,118.0,217.0,109.0,194.0,106.0,281.0,103.0,235.0,97.0,206.0,90.0,179.0,86.0,291.0,82.0,247.0,79.0,220.0,73.0,197.0,66.0,308.0,65.0,273.0,64.0,249.0,62.0,227.0
B,day2,1790743659.4598818,19,98.0,395.0,125.0,377.0,136.0,346.0,128.0,319.0,125.0,297.0,134.0,280.0,134.0,240.0,129.0,216.0,122.0,193.0,112.0,277.0,113.0,232.0,108.0,204.0,102.0,178.0,92.0,284.0,91.0,242.0,89.0,215.0,85.0,193.0,71.0,300.0,72.0,266.0,72.0,243.0,71.0,223.0
B,day2,1790743659.60053,20,104.0,379.0,132.0,365.0,148.0,337.0,141.0,309.0,132.0,291.0,155.0,278.0,162.0,240.0,162.0,215.0,159.0,193.0,135.0,271.0,143.0,227.0,143.0,200.0,141.0,175.0,115.0,273.0,121.0,232.0,123.0,208.0,124.0,186.0,93.0,284.0,99.0,252.0,103.0,232.0,106.0,213.0
B,day2,1790743660.9746935,21,124.0,358.0,149.0,344.0,166.0,311.0,151.0,282.0,130.0,268.0,166.0,261.0,169.0,225.0,167.0,203.0,162.0,183.0,147.0,256.0,151.0,216.0,150.0,191.0,148.0,168.0,130.0,260.0,132.0,222.0,133.0,198.0,132.0,177.0,111.0,271.0,115.0,240.0,117.0,220.0,118.0,201.0
B,day2,1790743661.6268072,22,141.0,352.0,169.0,342.0,187.0,318.0,182.0,290.0,173.0,272.0,205.0,269.0,217.0,237.0,222.0,216.0,225.0,196.0,188.0,260.0,202.0,224.0,208.0,201.0,214.0,179.0,169.0,260.0,182.0,224.0,189.0,203.0,195.0,183.0,147.0,266.0,158.0,237.0,166.0,219.0,175.0,201.0
B,day2,1790743662.4038727,23,97.0,358.0,121.0,343.0,133.0,314.0,120.0,289.0,106.0,274.0,142.0,264.0,148.0,230.0,147.0,208.0,145.0,189.0,123.0,257.0,130.0,219.0,129.0,194.0,127.0,172.0,104.0,259.0,110.0,223.0,112.0,200.0,113.0,182.0,83.0,269.0,88.0,239.0,92.0,221.0,96.0,203.0
B,day2,1790743664.1133854,24,87.0,352.0,114.0,337.0,127.0,307.0,107.0,280.0,86.0,263.0,142.0,256.0,148.0,216.0,148.0,191.0,147.0,169.0,120.0,247.0,127.0,203.0,129.0,176.0,131.0,150.0,99.0,249.0,104.0,208.0,107.0,183.0,109.0,161.0,78.0,258.0,83.0,226.0,87.0,205.0,91.0,186.0
B,day2,1790743664.839516,25,91.0,351.0,119.0,337.0,135.0,311.0,118.0,287.0,98.0,271.0,148.0,256.0,156.0,217.0,157.0,193.0,156.0,171.0,127.0,248.0,136.0,205.0,137.0,178.0,139.0,153.0,106.0,249.0,113.0,209.0,116.0,185.0,118.0,163.0,84.0,258.0,91.0,227.0,95.0,207.0,99.0,187.0
B,day2,1790743665.4641361,26,125.0,357.0,147.0,348.0,161.0,323.0,149.0,297.0,136.0,278.0,177.0,276.0,185.0,242.0,185.0,220.0,184.0,201.0,161.0,267.0,169.0,231.0,171.0,208.0,173.0,186.0,143.0,268.0,150.0,234.0,153.0,213.0,155.0,194.0,125.0,275.0,132.0,248.0,136.0,231.0,140.0,214.0
B,day2,1790743665.8617089,27,129.0,357.0,151.0,347.0,164.0,322.0,151.0,296.0,137.0,276.0,181.0,275.0,188.0,241.0,188.0,219.0,187.0,200.0,164.0,267.0,171.0,230.0,173.0,207.0,175.0,185.0,146.0,269.0,153.0,234.0,156.0,213.0,157.0,193.0,127.0,276.0,134.0,249.0,138.0,232.0,142.0,215.0
B,day2,1790743666.2398465,28,125.0,364.0,146.0,356.0,158.0,334.0,153.0,311.0,152.0,290.0,172.0,278.0,179.0,245.0,179.0,224.0,178.0,205.0,156.0,272.0,163.0,235.0,164.0,211.0,165.0,188.0,138.0,274.0,144.0,239.0,147.0,217.0,148.0,198.0,119.0,282.0,125.0,254.0,128.0,236.0,132.0,219.0
B,day2,1790743666.656668,29,107.0,356.0,129.0,344.0,140.0,319.0,125.0,295.0,108.0,281.0,153.0,276.0,158.0,244.0,158.0,224.0,157.0,206.0,136.0,269.0,141.0,234.0,143.0,212.0,144.0,191.0,119.0,271.0,123.0,238.0,125.0,218.0,126.0,200.0,101.0,279.0,106.0,253.0,109.0,237.0,112.0,220.0
B,day2,1790743666.8591318,30,106.0,355.0,127.0,344.0,138.0,321.0,123.0,299.0,107.0,283.0,151.0,278.0,156.0,246.0,156.0,226.0,155.0,207.0,134.0,271.0,140.0,236.0,141.0,214.0,142.0,193.0,118.0,273.0,122.0,240.0,124.0,220.0,125.0,202.0,100.0,281.0,104.0,256.0,107.0,239.0,110.0,222.0
B,day2,1790743667.3460734,31,110.0,358.0,133.0,348.0,147.0,325.0,134.0,301.0,120.0,284.0,163.0,276.0,169.0,242.0,170.0,220.0,171.0,200.0,144.0,268.0,152.0,230.0,155.0,206.0,158.0,184.0,126.0,269.0,132.0,233.0,135.0,211.0,138.0,191.0,106.0,277.0,112.0,248.0,117.0,231.0,121.0,214.0
B,day2,1790743667.3760002,32,109.0,358.0,132.0,348.0,146.0,325.0,132.0,300.0,116.0,282.0,162.0,276.0,168.0,240.0,170.0,218.0,169.0,197.0,144.0,268.0,151.0,229.0,154.0,205.0,156.0,182.0,126.0,269.0,132.0,232.0,135.0,210.0,137.0,189.0,106.0,276.0,112.0,247.0,116.0,228.0,121.0,210.0
B,day2,1790743667.420549,33,109.0,360.0,133.0,350.0,146.0,326.0,134.0,302.0,119.0,283.0,162.0,276.0,169.0,240.0,170.0,217.0,169.0,196.0,144.0,268.0,151.0,229.0,154.0,204.0,156.0,180.0,125.0,269.0,131.0,232.0,134.0,209.0,137.0,188.0,105.0,277.0,111.0,248.0,115.0,229.0,120.0,210.0
B,day2,1790743667.4427767,34,109.0,360.0,132.0,350.0,146.0,327.0,134.0,303.0,120.0,284.0,162.0,276.0,169.0,240.0,170.0,217.0,170.0,196.0,144.0,268.0,152.0,228.0,154.0,203.0,157.0,180.0,125.0,269.0,131.0,232.0,134.0,209.0,137.0,188.0,105.0,277.0,111.0,248.0,115.0,229.0,119.0,211.0
B,day2,1790743667.5029402,35,109.0,363.0,134.0,351.0,148.0,325.0,132.0,300.0,114.0,283.0,162.0,275.0,168.0,239.0,170.0,216.0,170.0,195.0,143.0,267.0,150.0,228.0,153.0,203.0,156.0,179.0,124.0,269.0,130.0,232.0,134.0,209.0,136.0,187.0,103.0,278.0,110.0,248.0,114.0,229.0,119.0,210.0
B,day2,1790743667.5371876,36,109.0,364.0,134.0,352.0,149.0,325.0,132.0,301.0,113.0,285.0,162.0,276.0,169.0,239.0,170.0,216.0,170.0,195.0,143.0,268.0,151.0,228.0,154.0,202.0,156.0,179.0,124.0,270.0,130.0,232.0,133.0,209.0,135.0,188.0,103.0,279.0,110.0,249.0,114.0,230.0,118.0,211.0
B,day2,1790743667.5700464,37,109.0,365.0,134.0,354.0,149.0,328.0,133.0,303.0,115.0,286.0,162.0,276.0,169.0,239.0,171.0,216.0,171.0,195.0,143.0,268.0,151.0,228.0,154.0,202.0,157.0,178.0,124.0,270.0,130.0,232.0,134.0,208.0,136.0,186.0,103.0,279.0,110.0,249.0,114.0,230.0,119.0,211.0
B,day2,1790743667.635972,38,111.0,369.0,136.0,358.0,150.0,332.0,133.0,306.0,116.0,287.0,166.0,277.0,174.0,239.0,176.0,216.0,176.0,194.0,146.0,268.0,154.0,227.0,158.0,201.0,161.0,176.0,126.0,270.0,133.0,231.0,137.0,206.0,141.0,184.0,105.0,279.0,112.0,247.0,117.0,228.0,123.0,208.0
B,day2,1790743667.7102258,39,112.0,368.0,137.0,359.0,152.0,334.0,142.0,309.0,129.0,289.0,169.0,276.0,177.0,238.0,179.0,214.0,180.0,192.0,149.0,267.0,158.0,226.0,161.0,199.0,164.0,174.0,128.0,269.0,136.0,229.0,141.0,204.0,145.0,182.0,106.0,277.0,114.0,245.0,119.0,225.0,126.0,205.0
B,day2,1790743667.901636,40,115.0,366.0,141.0,356.0,158.0,333.0,147.0,309.0,133.0,289.0,175.0,271.0,182.0,232.0,183.0,207.0,183.0,184.0,154.0,263.0,162.0,220.0,165.0,192.0,169.0,167.0,133.0,264.0,140.0,225.0,144.0,199.0,147.0,176.0,110.0,274.0,117.0,242.0,123.0,220.0,129.0,200.0
B,day2,1790743668.1780715,41,115.0,370.0,144.0,361.0,163.0,334.0,146.0,304.0,126.0,281.0,180.0,273.0,188.0,231.0,189.0,204.0,190.0,180.0,157.0,263.0,167.0,217.0,170.0,188.0,174.0,162.0,135.0,264.0,143.0,221.0,148.0,194.0,152.0,169.0,110.0,274.0,119.0,240.0,125.0,218.0,132.0,197.0
B,day2,1790743668.496667,42,113.0,373.0,143.0,362.0,162.0,335.0,146.0,306.0,128.0,283.0,178.0,272.0,186.0,229.0,187.0,202.0,188.0,177.0,155.0,263.0,164.0,217.0,167.0,187.0,171.0,159.0,132.0,265.0,140.0,222.0,145.0,194.0,150.0,168.0,106.0,275.0,115.0,241.0,121.0,218.0,129.0,195.0
B,day2,1790743669.4048233,43,97.0,380.0,125.0,360.0,135.0,322.0,105.0,294.0,76.0,280.0,135.0,261.0,131.0,217.0,123.0,190.0,114.0,166.0,109.0,257.0,105.0,207.0,98.0,176.0,92.0,148.0,87.0,265.0,82.0,217.0,79.0,188.0,74.0,161.0,65.0,282.0,63.0,243.0,63.0,219.0,62.0,195.0
B,day2,1790743669.8748972,44,96.0,382.0,122.0,360.0,129.0,323.0,97.0,298.0,68.0,284.0,129.0,263.0,122.0,219.0,112.0,193.0,103.0,169.0,102.0,260.0,95.0,210.0,88.0,179.0,81.0,149.0,79.0,268.0,72.0,222.0,67.0,193.0,62.0,167.0,58.0,285.0,55.0,248.0,53.0,224.0,51.0,201.0
B,day2,1790743671.34041,45,188.0,398.0,216.0,379.0,230.0,346.0,211.0,322.0,192.0,303.0,220.0,281.0,217.0,237.0,210.0,211.0,203.0,187.0,197.0,279.0,193.0,229.0,188.0,198.0,183.0,170.0,177.0,288.0,173.0,241.0,169.0,212.0,165.0,186.0,158.0,305.0,157.0,268.0,156.0,245.0,156.0,221.0
B,day2,1790743671.664821,46,180.0,407.0,209.0,387.0,223.0,352.0,208.0,325.0,193.0,302.0,212.0,288.0,209.0,244.0,202.0,217.0,195.0,191.0,190.0,286.0,186.0,236.0,180.0,205.0,174.0,175.0,170.0,294.0,165.0,247.0,161.0,218.0,156.0,191.0,150.0,311.0,148.0,273.0,147.0,248.0,146.0,223.0
B,day2,1790743672.1969333,47,169.0,395.0,194.0,378.0,207.0,344.0,190.0,314.0,171.0,293.0,204.0,280.0,201.0,237.0,195.0,211.0,188.0,187.0,183.0,276.0,179.0,229.0,174.0,200.0,169.0,172.0,163.0,283.0,159.0,239.0,156.0,211.0,152.0,186.0,143.0,299.0,143.0,262.0,143.0,239.0,143.0,216.0
B,day2,1790743672.4137647,48,175.0,383.0,198.0,365.0,210.0,333.0,189.0,307.0,169.0,292.0,207.0,277.0,204.0,238.0,198.0,215.0,192.0,194.0,187.0,273.0,184.0,231.0,180.0,204.0,176.0,178.0,169.0,280.0,167.0,239.0,164.0,215.0,160.0,193.0,151.0,294.0,151.0,262.0,151.0,241.0,150.0,220.0
B,day2,1790743672.9427433,49,175.0,374.0,196.0,360.0,207.0,332.0,192.0,309.0,175.0,295.0,209.0,285.0,208.0,252.0,204.0,231.0,200.0,213.0,192.0,281.0,191.0,245.0,189.0,222.0,188.0,200.0,176.0,286.0,175.0,251.0,175.0,230.0,174.0,211.0,161.0,297.0,163.0,269.0,164.0,251.0,165.0,234.0
B,day2,1790743672.9738111,50,175.0,373.0,196.0,360.0,207.0,332.0,191.0,308.0,175.0,294.0,209.0,285.0,207.0,252.0,204.0,231.0,200.0,212.0,192.0,281.0,191.0,245.0,189.0,222.0,188.0,200.0,176.0,285.0,175.0,251.0,175.0,230.0,174.0,211.0,161.0,297.0,162.0,269.0,163.0,251.0,164.0,234.0
B,day2,1790743673.048405,51,176.0,372.0,197.0,358.0,208.0,331.0,192.0,309.0,175.0,295.0,210.0,285.0,209.0,252.0,206.0,232.0,201.0,214.0,193.0,281.0,193.0,246.0,191.0,223.0,189.0,201.0,178.0,286.0,178.0,252.0,177.0,232.0,174.0,213.0,163.0,297.0,165.0,270.0,165.0,252.0,166.0,235.0
B,day2,1790743673.3278964,52,173.0,371.0,194.0,358.0,204.0,332.0,191.0,310.0,176.0,296.0,207.0,287.0,206.0,255.0,203.0,236.0,199.0,218.0,191.0,283.0,191.0,248.0,189.0,226.0,187.0,206.0,176.0,288.0,176.0,255.0,175.0,235.0,173.0,217.0,161.0,299.0,163.0,273.0,164.0,255.0,164.0,239.0
B,day2,1790743673.7949576,53,148.0,353.0,171.0,348.0,189.0,329.0,183.0,302.0,174.0,280.0,212.0,288.0,226.0,257.0,231.0,238.0,234.0,219.0,197.0,277.0,212.0,244.0,220.0,222.0,226.0,202.0,181.0,274.0,194.0,243.0,202.0,224.0,208.0,207.0,162.0,277.0,174.0,254.0,182.0,238.0,190.0,223.0
B,day2,1790743674.0416074,54,148.0,354.0,172.0,350.0,190.0,331.0,184.0,306.0,176.0,285.0,211.0,286.0,224.0,255.0,229.0,236.0,233.0,217.0,197.0,276.0,211.0,242.0,218.0,221.0,225.0,200.0,180.0,274.0,193.0,243.0,201.0,224.0,207.0,206.0,161.0,278.0,173.0,254.0,181.0,238.0,189.0,222.0
B,day2,1790743674.2662418,55,128.0,372.0,149.0,363.0,162.0,341.0,163.0,323.0,169.0,310.0,173.0,286.0,180.0,253.0,181.0,231.0,179.0,211.0,156.0,282.0,163.0,246.0,164.0,221.0,164.0,198.0,137.0,286.0,143.0,250.0,146.0,228.0,148.0,208.0,117.0,295.0,123.0,267.0,128.0,249.0,132.0,232.0
C,day2,1790743702.8127341,0,185.0,325.0,220.0,317.0,248.0,303.0,269.0,296.0,284.0,287.0,228.0,251.0,244.0,224.0,264.0,220.0,280.0,223.0,219.0,250.0,237.0,215.0,262.0,213.0,279.0,222.0,212.0,252.0,230.0,218.0,256.0,216.0,274.0,224.0,209.0,259.0,227.0,235.0,247.0,229.0,262.0,232.0
C,day2,1790743702.9180567,1,184.0,321.0,221.0,312.0,248.0,300.0,268.0,293.0,285.0,285.0,226.0,248.0,243.0,222.0,264.0,217.0,280.0,220.0,217.0,246.0,238.0,212.0,263.0,210.0,280.0,220.0,211.0,248.0,232.0,214.0,258.0,212.0,276.0,220.0,209.0,255.0,229.0,231.0,249.0,226.0,265.0,228.0
C,day2,1790743703.0288174,2,183.0,320.0,220.0,311.0,248.0,297.0,268.0,289.0,285.0,281.0,224.0,244.0,242.0,217.0,263.0,213.0,280.0,216.0,215.0,242.0,236.0,208.0,261.0,206.0,279.0,215.0,210.0,244.0,231.0,210.0,256.0,208.0,275.0,216.0,208.0,252.0,229.0,227.0,249.0,221.0,264.0,223.0
C,day2,1790743703.1454465,3,181.0,319.0,220.0,309.0,248.0,295.0,269.0,287.0,286.0,280.0,217.0,242.0,239.0,214.0,262.0,210.0,280.0,212.0,209.0,240.0,237.0,206.0,264.0,205.0,282.0,213.0,207.0,244.0,234.0,210.0,262.0,207.0,281.0,214.0,211.0,253.0,233.0,227.0,253.0,220.0,269.0,220.0
C,day2,1790743703.2550814,4,183.0,316.0,224.0,305.0,250.0,287.0,272.0,278.0,290.0,272.0,212.0,235.0,237.0,207.0,263.0,203.0,281.0,207.0,205.0,235.0,239.0,199.0,267.0,199.0,285.0,209.0,206.0,240.0,237.0,204.0,265.0,202.0,283.0,210.0,214.0,250.0,239.0,223.0,260.0,215.0,275.0,215.0
C,day2,1790743703.3529131,5,184.0,315.0,228.0,301.0,254.0,281.0,277.0,270.0,296.0,266.0,209.0,231.0,237.0,200.0,263.0,197.0,283.0,201.0,204.0,232.0,240.0,192.0,269.0,191.0,288.0,201.0,206.0,238.0,239.0,198.0,268.0,195.0,287.0,203.0,217.0,248.0,243.0,218.0,264.0,210.0,280.0,209.0
C,day2,1790743703.4694583,6,188.0,320.0,230.0,302.0,256.0,281.0,278.0,270.0,299.0,266.0,210.0,231.0,240.0,200.0,268.0,195.0,289.0,199.0,206.0,233.0,244.0,191.0,274.0,190.0,294.0,200.0,208.0,239.0,242.0,197.0,272.0,193.0,292.0,200.0,219.0,250.0,246.0,218.0,268.0,208.0,285.0,205.0
C,day2,1790743703.5953698,7,185.0,327.0,228.0,307.0,255.0,282.0,277.0,270.0,298.0,266.0,205.0,232.0,236.0,194.0,266.0,190.0,290.0,195.0,201.0,236.0,244.0,189.0,276.0,189.0,296.0,202.0,205.0,243.0,242.0,197.0,274.0,192.0,295.0,200.0,220.0,255.0,247.0,220.0,270.0,208.0,287.0,205.0
C,day2,1790743703.7241726,8,178.0,332.0,227.0,310.0,256.0,286.0,280.0,274.0,304.0,268.0,203.0,232.0,236.0,196.0,265.0,191.0,288.0,194.0,197.0,235.0,240.0,188.0,274.0,186.0,296.0,197.0,201.0,242.0,240.0,197.0,273.0,193.0,295.0,200.0,214.0,254.0,244.0,220.0,267.0,208.0,286.0,206.0
C,day2,1790743703.8518546,9,170.0,333.0,219.0,314.0,251.0,293.0,279.0,282.0,304.0,274.0,204.0,235.0,235.0,200.0,264.0,195.0,286.0,197.0,196.0,235.0,235.0,188.0,269.0,185.0,292.0,195.0,196.0,241.0,234.0,195.0,268.0,192.0,291.0,199.0,205.0,252.0,235.0,219.0,261.0,209.0,281.0,207.0
C,day2,1790743703.9536595,10,162.0,335.0,210.0,318.0,246.0,298.0,275.0,289.0,300.0,281.0,206.0,234.0,234.0,199.0,263.0,198.0,285.0,204.0,196.0,234.0,232.0,190.0,266.0,189.0,288.0,203.0,193.0,239.0,227.0,194.0,263.0,194.0,286.0,205.0,196.0,251.0,227.0,220.0,255.0,212.0,276.0,213.0
C,day2,1790743704.0691233,11,158.0,336.0,205.0,321.0,240.0,302.0,266.0,294.0,288.0,289.0,211.0,237.0,234.0,201.0,260.0,199.0,281.0,207.0,199.0,237.0,227.0,193.0,259.0,194.0,281.0,207.0,191.0,243.0,219.0,199.0,252.0,199.0,276.0,209.0,188.0,255.0,215.0,226.0,240.0,217.0,261.0,217.0
C,day2,1790743704.1678634,12,157.0,334.0,201.0,322.0,238.0,305.0,263.0,298.0,285.0,291.0,215.0,238.0,235.0,204.0,261.0,203.0,281.0,210.0,203.0,237.0,228.0,195.0,258.0,196.0,279.0,209.0,193.0,241.0,218.0,199.0,250.0,200.0,273.0,211.0,186.0,252.0,211.0,225.0,236.0,219.0,257.0,220.0
C,day2,1790743704.2935288,13,153.0,330.0,198.0,317.0,233.0,303.0,257.0,297.0,277.0,291.0,214.0,240.0,230.0,204.0,254.0,200.0,275.0,206.0,202.0,239.0,222.0,194.0,252.0,193.0,273.0,206.0,191.0,242.0,212.0,198.0,243.0,197.0,266.0,208.0,183.0,252.0,202.0,223.0,225.0,215.0,246.0,217.0
C,day2,1790743704.4289145,14,153.0,325.0,193.0,317.0,227.0,303.0,252.0,299.0,270.0,292.0,216.0,239.0,231.0,203.0,253.0,199.0,273.0,205.0,203.0,237.0,219.0,191.0,247.0,192.0,268.0,205.0,189.0,240.0,205.0,196.0,234.0,196.0,257.0,207.0,176.0,251.0,192.0,220.0,216.0,212.0,237.0,214.0
C,day2,1790743704.5417037,15,154.0,320.0,191.0,316.0,225.0,304.0,249.0,299.0,268.0,292.0,220.0,241.0,237.0,207.0,257.0,205.0,274.0,212.0,208.0,238.0,225.0,196.0,251.0,198.0,268.0,212.0,194.0,240.0,211.0,200.0,237.0,203.0,255.0,216.0,181.0,248.0,197.0,220.0,220.0,215.0,238.0,219.0
C,day2,1790743704.6362154,16,158.0,319.0,195.0,315.0,229.0,304.0,252.0,301.0,270.0,294.0,224.0,244.0,240.0,212.0,259.0,210.0,276.0,217.0,212.0,241.0,228.0,201.0,253.0,202.0,270.0,215.0,199.0,243.0,215.0,206.0,240.0,207.0,258.0,219.0,187.0,250.0,203.0,224.0,224.0,219.0,241.0,223.0
C,day2,1790743704.7641509,17,163.0,318.0,199.0,314.0,232.0,305.0,255.0,302.0,273.0,296.0,228.0,247.0,243.0,216.0,263.0,214.0,279.0,220.0,217.0,244.0,234.0,205.0,259.0,207.0,276.0,220.0,205.0,246.0,222.0,209.0,248.0,212.0,266.0,223.0,194.0,253.0,210.0,227.0,232.0,223.0,249.0,228.0
C,day2,1790743704.89542,18,168.0,315.0,205.0,310.0,237.0,301.0,259.0,298.0,277.0,293.0,227.0,243.0,244.0,215.0,264.0,214.0,280.0,221.0,217.0,240.0,238.0,206.0,262.0,209.0,278.0,222.0,207.0,242.0,229.0,207.0,255.0,210.0,272.0,222.0,199.0,249.0,220.0,227.0,242.0,224.0,259.0,228.0
C,day2,1790743705.027248,19,170.0,315.0,210.0,307.0,240.0,294.0,260.0,289.0,279.0,284.0,219.0,240.0,241.0,213.0,263.0,214.0,279.0,222.0,210.0,239.0,238.0,207.0,263.0,210.0,279.0,221.0,205.0,243.0,232.0,210.0,258.0,213.0,275.0,223.0,204.0,253.0,228.0,232.0,249.0,228.0,265.0,230.0
C,day2,1790743705.1649501,20,170.0,315.0,210.0,306.0,238.0,292.0,259.0,287.0,278.0,285.0,216.0,240.0,238.0,215.0,259.0,217.0,275.0,225.0,207.0,240.0,236.0,211.0,261.0,215.0,277.0,225.0,202.0,246.0,231.0,216.0,256.0,219.0,272.0,229.0,202.0,256.0,225.0,236.0,245.0,233.0,261.0,235.0
C,day2,1790743705.2707171,21,165.0,311.0,207.0,303.0,234.0,289.0,255.0,285.0,274.0,284.0,205.0,238.0,232.0,213.0,255.0,217.0,272.0,227.0,198.0,240.0,237.0,211.0,263.0,218.0,278.0,229.0,197.0,247.0,231.0,220.0,257.0,224.0,273.0,235.0,201.0,260.0,224.0,240.0,245.0,236.0,261.0,238.0
C,day2,1790743705.4127586,22,161.0,306.0,204.0,299.0,233.0,287.0,255.0,283.0,270.0,284.0,201.0,233.0,231.0,211.0,255.0,215.0,274.0,225.0,196.0,237.0,240.0,209.0,264.0,217.0,278.0,231.0,196.0,245.0,231.0,220.0,257.0,224.0,272.0,236.0,201.0,258.0,225.0,239.0,245.0,235.0,260.0,238.0
C,day2,1790743705.5289817,23,164.0,302.0,205.0,297.0,234.0,288.0,255.0,285.0,273.0,284.0,213.0,233.0,242.0,213.0,263.0,218.0,279.0,228.0,206.0,234.0,244.0,209.0,268.0,216.0,283.0,229.0,203.0,240.0,238.0,217.0,263.0,222.0,279.0,234.0,204.0,252.0,229.0,235.0,250.0,233.0,267.0,236.0
C,day2,1790743705.6619666,24,170.0,305.0,209.0,301.0,238.0,292.0,258.0,290.0,276.0,288.0,220.0,238.0,247.0,215.0,269.0,220.0,284.0,230.0,213.0,238.0,247.0,210.0,272.0,217.0,287.0,229.0,208.0,243.0,241.0,216.0,266.0,221.0,281.0,232.0,208.0,253.0,233.0,235.0,254.0,233.0,270.0,236.0
C,day2,1790743705.7935154,25,172.0,309.0,211.0,303.0,240.0,294.0,260.0,291.0,278.0,288.0,224.0,240.0,249.0,217.0,270.0,221.0,285.0,229.0,215.0,239.0,247.0,210.0,271.0,216.0,286.0,228.0,210.0,243.0,240.0,215.0,265.0,220.0,280.0,231.0,208.0,253.0,233.0,235.0,254.0,232.0,270.0,235.0
C,day2,1790743705.920411,26,171.0,315.0,211.0,309.0,239.0,299.0,260.0,296.0,278.0,293.0,215.0,244.0,243.0,223.0,265.0,225.0,281.0,232.0,208.0,243.0,244.0,215.0,270.0,219.0,285.0,230.0,206.0,247.0,241.0,219.0,266.0,223.0,282.0,233.0,210.0,258.0,238.0,239.0,259.0,235.0,274.0,238.0
C,day2,1790743706.0451176,27,167.0,318.0,208.0,310.0,235.0,299.0,257.0,294.0,276.0,291.0,209.0,246.0,238.0,224.0,260.0,225.0,277.0,231.0,203.0,245.0,239.0,216.0,264.0,218.0,280.0,229.0,201.0,250.0,236.0,220.0,261.0,222.0,277.0,231.0,206.0,260.0,234.0,239.0,255.0,235.0,270.0,237.0
C,day2,1790743706.1551735,28,165.0,319.0,206.0,309.0,232.0,295.0,252.0,289.0,270.0,287.0,200.0,242.0,230.0,218.0,254.0,219.0,271.0,227.0,195.0,244.0,235.0,213.0,261.0,216.0,276.0,228.0,196.0,250.0,231.0,220.0,257.0,221.0,273.0,231.0,204.0,262.0,230.0,239.0,251.0,234.0,266.0,235.0
C,day2,1790743706.2926202,29,163.0,320.0,205.0,308.0,229.0,292.0,249.0,285.0,267.0,281.0,196.0,242.0,225.0,216.0,249.0,216.0,267.0,223.0,191.0,243.0,229.0,210.0,255.0,212.0,271.0,223.0,193.0,250.0,227.0,216.0,253.0,217.0,270.0,225.0,202.0,261.0,228.0,236.0,248.0,230.0,264.0,231.0
C,day2,1790743706.408758,30,161.0,325.0,201.0,310.0,226.0,291.0,246.0,282.0,265.0,279.0,190.0,242.0,222.0,214.0,247.0,214.0,265.0,220.0,187.0,244.0,227.0,208.0,254.0,211.0,271.0,222.0,189.0,251.0,225.0,214.0,252.0,214.0,269.0,222.0,199.0,262.0,226.0,235.0,246.0,227.0,262.0,226.0
C,day2,1790743706.5422826,31,163.0,327.0,203.0,313.0,230.0,296.0,250.0,288.0,270.0,283.0,193.0,243.0,226.0,213.0,254.0,214.0,272.0,222.0,189.0,245.0,231.0,209.0,260.0,211.0,276.0,223.0,191.0,252.0,229.0,216.0,257.0,215.0,275.0,225.0,202.0,263.0,230.0,236.0,252.0,229.0,268.0,229.0
C,day2,1790743706.6769388,32,164.0,328.0,208.0,314.0,236.0,299.0,259.0,293.0,279.0,289.0,200.0,243.0,233.0,218.0,258.0,217.0,278.0,223.0,194.0,244.0,236.0,209.0,264.0,211.0,282.0,223.0,195.0,250.0,232.0,215.0,260.0,216.0,279.0,225.0,202.0,261.0,231.0,236.0,253.0,229.0,270.0,229.0
C,day2,1790743706.8139763,33,168.0,327.0,208.0,317.0,240.0,304.0,263.0,300.0,283.0,295.0,214.0,241.0,242.0,214.0,266.0,216.0,284.0,225.0,206.0,240.0,240.0,207.0,269.0,211.0,286.0,224.0,201.0,245.0,233.0,211.0,262.0,214.0,281.0,225.0,202.0,255.0,229.0,231.0,253.0,227.0,271.0,230.0
C,day2,1790743706.9285479,34,174.0,329.0,211.0,323.0,244.0,313.0,266.0,310.0,285.0,303.0,236.0,251.0,254.0,221.0,275.0,221.0,292.0,228.0,225.0,247.0,246.0,210.0,271.0,211.0,289.0,224.0,213.0,248.0,234.0,211.0,261.0,213.0,280.0,224.0,202.0,255.0,223.0,231.0,246.0,229.0,264.0,233.0
C,day2,1790743707.0665803,35,174.0,329.0,209.0,325.0,241.0,316.0,263.0,314.0,282.0,308.0,237.0,254.0,256.0,223.0,276.0,223.0,293.0,230.0,226.0,250.0,246.0,211.0,272.0,214.0,289.0,227.0,213.0,251.0,232.0,213.0,258.0,214.0,277.0,224.0,199.0,258.0,217.0,234.0,240.0,228.0,258.0,230.0
C,day2,1790743707.192611,36,171.0,328.0,206.0,324.0,238.0,315.0,261.0,313.0,281.0,307.0,234.0,252.0,253.0,220.0,274.0,220.0,292.0,228.0,222.0,249.0,243.0,208.0,270.0,212.0,287.0,227.0,209.0,250.0,230.0,211.0,257.0,214.0,277.0,226.0,195.0,258.0,214.0,232.0,237.0,227.0,256.0,231.0
C,day2,1790743707.299484,37,167.0,329.0,202.0,325.0,235.0,314.0,259.0,311.0,279.0,306.0,230.0,250.0,248.0,218.0,270.0,217.0,288.0,225.0,217.0,247.0,239.0,207.0,266.0,210.0,284.0,223.0,204.0,249.0,225.0,210.0,253.0,212.0,272.0,222.0,190.0,257.0,210.0,231.0,234.0,226.0,253.0,229.0
C,day2,1790743707.4022825,38,162.0,332.0,200.0,326.0,234.0,313.0,258.0,310.0,280.0,303.0,222.0,247.0,242.0,215.0,266.0,214.0,286.0,222.0,209.0,245.0,233.0,204.0,263.0,207.0,282.0,221.0,197.0,249.0,221.0,208.0,252.0,210.0,273.0,221.0,185.0,259.0,207.0,233.0,232.0,227.0,253.0,229.0
C,day2,1790743707.567926,39,162.0,329.0,203.0,321.0,238.0,309.0,263.0,305.0,284.0,298.0,224.0,246.0,245.0,214.0,268.0,213.0,288.0,221.0,212.0,243.0,236.0,204.0,265.0,206.0,284.0,218.0,201.0,247.0,225.0,207.0,254.0,208.0,274.0,218.0,193.0,256.0,215.0,230.0,239.0,224.0,258.0,226.0
C,day2,1790743707.6963356,40,167.0,321.0,209.0,314.0,242.0,304.0,265.0,301.0,285.0,295.0,227.0,242.0,249.0,214.0,272.0,214.0,290.0,221.0,217.0,239.0,241.0,202.0,269.0,205.0,288.0,218.0,207.0,241.0,233.0,204.0,262.0,206.0,282.0,218.0,201.0,249.0,226.0,225.0,249.0,222.0,267.0,226.0
C,day2,1790743707.8104372,41,176.0,317.0,215.0,312.0,248.0,302.0,270.0,298.0,287.0,292.0,237.0,242.0,258.0,217.0,279.0,216.0,295.0,223.0,228.0,239.0,253.0,206.0,279.0,209.0,295.0,221.0,220.0,241.0,246.0,208.0,273.0,211.0,291.0,222.0,215.0,248.0,238.0,226.0,260.0,222.0,277.0,226.0
C,day2,1790743707.9680693,42,180.0,315.0,219.0,310.0,250.0,301.0,272.0,298.0,288.0,292.0,238.0,244.0,258.0,220.0,280.0,218.0,296.0,223.0,229.0,241.0,255.0,209.0,279.0,212.0,296.0,223.0,222.0,243.0,249.0,212.0,275.0,214.0,292.0,223.0,218.0,250.0,243.0,230.0,264.0,227.0,280.0,230.0
C,day2,1790743708.0702622,43,182.0,311.0,220.0,308.0,250.0,300.0,270.0,297.0,287.0,292.0,237.0,243.0,259.0,221.0,280.0,220.0,296.0,224.0,229.0,240.0,256.0,211.0,280.0,214.0,297.0,225.0,223.0,241.0,250.0,213.0,276.0,216.0,294.0,226.0,220.0,249.0,245.0,229.0,266.0,227.0,281.0,232.0
C,day2,1790743708.2009592,44,180.0,311.0,219.0,307.0,247.0,298.0,267.0,295.0,284.0,290.0,234.0,243.0,257.0,220.0,277.0,219.0,293.0,225.0,226.0,240.0,253.0,211.0,278.0,215.0,294.0,227.0,220.0,243.0,248.0,214.0,273.0,216.0,290.0,227.0,218.0,251.0,241.0,230.0,262.0,227.0,277.0,231.0
C,day2,1790743709.35354,45,191.0,312.0,231.0,307.0,259.0,294.0,281.0,288.0,300.0,285.0,233.0,238.0,260.0,216.0,283.0,216.0,300.0,221.0,226.0,237.0,262.0,208.0,289.0,211.0,305.0,221.0,225.0,242.0,260.0,213.0,286.0,214.0,303.0,223.0,229.0,253.0,257.0,231.0,279.0,226.0,294.0,227.0
C,day2,1790743709.797487,46,191.0,290.0,232.0,281.0,257.0,268.0,278.0,263.0,296.0,259.0,225.0,215.0,255.0,191.0,279.0,189.0,297.0,194.0,221.0,214.0,258.0,182.0,285.0,184.0,302.0,195.0,222.0,219.0,256.0,187.0,284.0,187.0,301.0,194.0,230.0,230.0,257.0,205.0,277.0,199.0,292.0,199.0
C,day2,1790743710.906068,47,128.0,322.0,174.0,308.0,208.0,292.0,232.0,287.0,254.0,281.0,186.0,232.0,209.0,203.0,234.0,200.0,254.0,205.0,177.0,230.0,206.0,194.0,234.0,195.0,254.0,206.0,169.0,234.0,199.0,199.0,228.0,199.0,248.0,209.0,165.0,244.0,191.0,221.0,215.0,215.0,234.0,217.0
C,day2,1790743711.4642394,48,96.0,323.0,133.0,312.0,163.0,298.0,185.0,293.0,200.0,284.0,150.0,242.0,164.0,209.0,184.0,208.0,202.0,215.0,137.0,242.0,153.0,202.0,179.0,204.0,198.0,216.0,124.0,246.0,140.0,208.0,167.0,210.0,187.0,221.0,113.0,257.0,129.0,229.0,150.0,223.0,169.0,226.0
C,day2,1790743712.952689,49,147.0,338.0,185.0,329.0,214.0,314.0,235.0,307.0,254.0,301.0,188.0,257.0,213.0,229.0,236.0,231.0,253.0,239.0,180.0,257.0,212.0,224.0,239.0,229.0,255.0,241.0,175.0,262.0,206.0,229.0,233.0,232.0,251.0,243.0,176.0,273.0,201.0,250.0,223.0,244.0,240.0,245.0
C,day2,1790743714.4216468,50,163.0,331.0,200.0,326.0,227.0,314.0,248.0,309.0,266.0,304.0,204.0,259.0,230.0,236.0,253.0,238.0,269.0,246.0,197.0,258.0,231.0,230.0,257.0,234.0,272.0,245.0,195.0,262.0,227.0,234.0,253.0,237.0,269.0,248.0,197.0,272.0,224.0,252.0,245.0,249.0,261.0,252.0
C,day2,1790743714.6111124,51,162.0,332.0,199.0,327.0,227.0,315.0,248.0,310.0,267.0,304.0,205.0,260.0,231.0,237.0,253.0,238.0,270.0,245.0,198.0,259.0,232.0,231.0,257.0,234.0,272.0,246.0,195.0,263.0,227.0,235.0,253.0,237.0,269.0,248.0,197.0,273.0,223.0,253.0,245.0,250.0,260.0,252.0
C,day2,1790743714.81174,52,166.0,324.0,202.0,316.0,227.0,305.0,247.0,301.0,265.0,296.0,209.0,254.0,231.0,229.0,251.0,229.0,266.0,235.0,202.0,252.0,230.0,223.0,253.0,226.0,267.0,237.0,198.0,253.0,227.0,224.0,251.0,226.0,265.0,236.0,198.0,259.0,223.0,236.0,242.0,233.0,256.0,236.0
C,day2,1790743715.012291,53,159.0,301.0,190.0,293.0,219.0,277.0,242.0,268.0,258.0,256.0,201.0,223.0,213.0,193.0,231.0,187.0,246.0,189.0,193.0,220.0,207.0,187.0,229.0,182.0,246.0,189.0,185.0,221.0,200.0,187.0,223.0,181.0,242.0,187.0,178.0,226.0,192.0,201.0,208.0,190.0,223.0,189.0
C,day2,1790743715.7399023,54,125.0,321.0,170.0,314.0,202.0,303.0,225.0,302.0,243.0,302.0,178.0,240.0,210.0,217.0,235.0,226.0,254.0,240.0,168.0,242.0,215.0,213.0,242.0,226.0,257.0,244.0,163.0,250.0,203.0,225.0,232.0,234.0,249.0,249.0,161.0,266.0,190.0,248.0,214.0,246.0,232.0,250.0
C,day2,1790743716.2050936,55,159.0,346.0,193.0,334.0,223.0,312.0,243.0,300.0,256.0,283.0,195.0,257.0,201.0,224.0,218.0,213.0,234.0,212.0,183.0,256.0,188.0,216.0,210.0,206.0,231.0,213.0,172.0,258.0,178.0,218.0,201.0,208.0,222.0,212.0,165.0,266.0,176.0,235.0,193.0,222.0,210.0,221.0
C,day2,1790743716.9807627,56,164.0,351.0,194.0,346.0,225.0,331.0,245.0,319.0,258.0,303.0,216.0,272.0,228.0,239.0,244.0,231.0,257.0,232.0,203.0,267.0,217.0,231.0,235.0,224.0,250.0,230.0,189.0,267.0,202.0,231.0,221.0,223.0,238.0,228.0,174.0,271.0,188.0,243.0,204.0,232.0,220.0,230.0
D,day2,1790743780.9571471,0,209.0,417.0,232.0,412.0,262.0,379.0,250.0,341.0,228.0,320.0,262.0,316.0,273.0,282.0,282.0,252.0,288.0,230.0,233.0,310.0,253.0,303.0,249.0,344.0,238.0,357.0,211.0,316.0,227.0,311.0,230.0,347.0,221.0,359.0,187.0,328.0,204.0,322.0,210.0,348.0,204.0,357.0
D,day2,1790743781.2243462,1,219.0,418.0,243.0,412.0,276.0,378.0,271.0,341.0,253.0,320.0,271.0,314.0,282.0,283.0,290.0,253.0,296.0,232.0,241.0,309.0,266.0,306.0,260.0,347.0,247.0,360.0,220.0,315.0,240.0,312.0,242.0,349.0,230.0,361.0,196.0,327.0,217.0,323.0,222.0,349.0,215.0,357.0
D,day2,1790743781.4820366,2,219.0,415.0,245.0,411.0,279.0,373.0,279.0,333.0,266.0,311.0,270.0,311.0,280.0,279.0,287.0,250.0,291.0,228.0,242.0,307.0,264.0,301.0,258.0,343.0,245.0,356.0,221.0,313.0,240.0,308.0,240.0,347.0,228.0,360.0,197.0,325.0,218.0,321.0,221.0,348.0,213.0,357.0
D,day2,1790743781.97743,3,218.0,419.0,246.0,412.0,271.0,385.0,264.0,352.0,248.0,326.0,282.0,327.0,296.0,289.0,309.0,262.0,318.0,241.0,258.0,323.0,276.0,294.0,276.0,328.0,270.0,347.0,236.0,326.0,250.0,303.0,255.0,335.0,249.0,351.0,213.0,336.0,230.0,318.0,236.0,340.0,230.0,353.0
D,day2,1790743782.0215843,4,218.0,420.0,246.0,414.0,273.0,387.0,264.0,355.0,247.0,331.0,284.0,332.0,302.0,290.0,315.0,264.0,324.0,242.0,261.0,327.0,279.0,296.0,279.0,327.0,274.0,346.0,240.0,329.0,255.0,302.0,257.0,333.0,251.0,350.0,216.0,337.0,234.0,318.0,238.0,339.0,232.0,353.0
D,day2,1790743782.0395935,5,218.0,421.0,246.0,417.0,274.0,391.0,267.0,359.0,251.0,334.0,285.0,333.0,303.0,291.0,317.0,266.0,327.0,244.0,263.0,328.0,280.0,292.0,283.0,323.0,278.0,342.0,242.0,331.0,256.0,303.0,261.0,333.0,255.0,351.0,219.0,338.0,237.0,317.0,243.0,338.0,238.0,353.0
D,day2,1790743782.0724616,6,217.0,421.0,246.0,416.0,273.0,391.0,267.0,359.0,250.0,334.0,285.0,333.0,303.0,291.0,317.0,265.0,327.0,243.0,263.0,328.0,280.0,293.0,281.0,323.0,277.0,343.0,241.0,330.0,255.0,303.0,258.0,334.0,252.0,352.0,218.0,338.0,235.0,317.0,241.0,337.0,235.0,352.0
D,day2,1790743782.1225183,7,220.0,420.0,249.0,415.0,276.0,391.0,267.0,359.0,250.0,335.0,290.0,332.0,308.0,290.0,321.0,265.0,332.0,244.0,267.0,327.0,284.0,293.0,282.0,323.0,277.0,342.0,245.0,329.0,257.0,301.0,258.0,332.0,252.0,350.0,221.0,336.0,235.0,315.0,238.0,336.0,233.0,351.0
D,day2,1790743782.1555488,8,220.0,420.0,249.0,416.0,276.0,392.0,268.0,360.0,251.0,336.0,290.0,332.0,308.0,291.0,321.0,265.0,331.0,244.0,267.0,327.0,284.0,292.0,283.0,322.0,278.0,342.0,245.0,329.0,258.0,300.0,259.0,330.0,253.0,350.0,222.0,336.0,235.0,314.0,239.0,335.0,234.0,350.0
D,day2,1790743782.1844008,9,219.0,419.0,248.0,416.0,276.0,394.0,270.0,364.0,253.0,339.0,288.0,334.0,307.0,291.0,321.0,265.0,331.0,244.0,266.0,329.0,285.0,294.0,284.0,324.0,278.0,343.0,244.0,331.0,260.0,303.0,260.0,333.0,253.0,352.0,220.0,337.0,237.0,317.0,240.0,338.0,234.0,352.0
D,day2,1790743782.206024,10,220.0,420.0,248.0,414.0,277.0,391.0,272.0,361.0,255.0,337.0,288.0,330.0,306.0,290.0,318.0,264.0,327.0,242.0,264.0,325.0,282.0,306.0,277.0,337.0,270.0,355.0,241.0,328.0,258.0,314.0,255.0,345.0,247.0,360.0,217.0,336.0,237.0,322.0,239.0,343.0,233.0,358.0
D,day2,1790743782.2387743,11,219.0,421.0,247.0,415.0,276.0,392.0,270.0,362.0,255.0,337.0,289.0,333.0,307.0,292.0,320.0,265.0,330.0,243.0,265.0,328.0,283.0,306.0,277.0,337.0,270.0,355.0,243.0,330.0,257.0,314.0,254.0,345.0,247.0,360.0,219.0,337.0,236.0,322.0,237.0,344.0,232.0,358.0
D,day2,1790743782.3214579,12,222.0,420.0,248.0,416.0,282.0,387.0,274.0,351.0,253.0,329.0,283.0,320.0,297.0,287.0,308.0,260.0,318.0,239.0,256.0,314.0,278.0,309.0,271.0,348.0,260.0,364.0,234.0,319.0,250.0,317.0,249.0,353.0,239.0,368.0,210.0,330.0,228.0,325.0,231.0,350.0,225.0,360.0
D,day2,1790743782.6029327,13,209.0,417.0,237.0,416.0,270.0,380.0,265.0,337.0,242.0,314.0,263.0,315.0,269.0,279.0,274.0,247.0,276.0,225.0,233.0,310.0,250.0,306.0,245.0,350.0,237.0,365.0,211.0,317.0,227.0,318.0,228.0,355.0,220.0,368.0,188.0,329.0,207.0,334.0,209.0,359.0,202.0,364.0
D,day2,1790743783.2492125,14,197.0,397.0,226.0,381.0,254.0,344.0,257.0,309.0,240.0,285.0,238.0,295.0,244.0,253.0,247.0,224.0,248.0,200.0,215.0,296.0,232.0,283.0,231.0,317.0,222.0,332.0,195.0,304.0,213.0,294.0,216.0,325.0,208.0,336.0,175.0,317.0,197.0,309.0,200.0,330.0,192.0,338.0
D,day2,1790743783.616234,15,232.0,385.0,257.0,375.0,288.0,339.0,289.0,298.0,275.0,268.0,281.0,277.0,290.0,248.0,295.0,218.0,300.0,193.0,255.0,273.0,281.0,262.0,274.0,306.0,263.0,319.0,237.0,278.0,260.0,271.0,257.0,308.0,245.0,319.0,217.0,288.0,242.0,279.0,244.0,304.0,235.0,313.0
D,day2,1790743784.29375,16,158.0,405.0,187.0,389.0,208.0,353.0,191.0,323.0,167.0,308.0,196.0,298.0,195.0,252.0,193.0,224.0,188.0,199.0,170.0,303.0,180.0,286.0,184.0,317.0,181.0,330.0,148.0,315.0,156.0,303.0,164.0,331.0,163.0,341.0,127.0,330.0,137.0,316.0,146.0,336.0,146.0,346.0
D,day2,1790743784.9654744,17,153.0,424.0,181.0,414.0,201.0,387.0,186.0,361.0,173.0,339.0,214.0,332.0,232.0,286.0,244.0,258.0,251.0,233.0,188.0,330.0,195.0,297.0,197.0,322.0,196.0,342.0,165.0,335.0,171.0,306.0,179.0,330.0,180.0,348.0,143.0,347.0,155.0,327.0,164.0,343.0,168.0,358.0
D,day2,1790743785.2556462,18,162.0,420.0,190.0,412.0,212.0,387.0,198.0,357.0,181.0,334.0,230.0,331.0,250.0,288.0,264.0,261.0,272.0,238.0,205.0,326.0,215.0,297.0,211.0,326.0,206.0,346.0,181.0,329.0,191.0,306.0,193.0,335.0,189.0,352.0,159.0,339.0,173.0,322.0,178.0,343.0,176.0,356.0
D,day2,1790743785.598243,19,165.0,418.0,193.0,410.0,219.0,382.0,211.0,350.0,194.0,326.0,231.0,323.0,245.0,282.0,254.0,255.0,260.0,232.0,205.0,322.0,217.0,305.0,213.0,338.0,207.0,355.0,181.0,328.0,190.0,315.0,190.0,347.0,185.0,359.0,156.0,339.0,169.0,327.0,171.0,350.0,167.0,360.0
D,day2,1790743786.1517394,20,172.0,408.0,197.0,405.0,230.0,370.0,234.0,329.0,226.0,304.0,235.0,314.0,244.0,280.0,252.0,250.0,256.0,228.0,207.0,310.0,224.0,303.0,215.0,343.0,204.0,353.0,185.0,315.0,197.0,310.0,196.0,347.0,185.0,355.0,160.0,324.0,174.0,319.0,175.0,345.0,168.0,351.0
D,day2,1790743786.3917098,21,182.0,409.0,206.0,407.0,241.0,373.0,248.0,332.0,241.0,306.0,243.0,315.0,253.0,281.0,262.0,250.0,267.0,229.0,216.0,309.0,236.0,302.0,226.0,343.0,213.0,355.0,195.0,313.0,212.0,310.0,209.0,346.0,196.0,356.0,170.0,322.0,189.0,322.0,189.0,347.0,179.0,353.0
D,day2,1790743786.9206865,22,164.0,416.0,194.0,408.0,218.0,380.0,213.0,350.0,203.0,326.0,232.0,325.0,250.0,281.0,262.0,255.0,268.0,232.0,208.0,323.0,219.0,297.0,218.0,327.0,213.0,344.0,185.0,328.0,194.0,309.0,196.0,340.0,192.0,354.0,161.0,337.0,174.0,323.0,178.0,345.0,176.0,357.0
D,day2,1790743787.5710819,23,150.0,419.0,177.0,413.0,199.0,387.0,184.0,358.0,167.0,335.0,217.0,332.0,238.0,287.0,251.0,258.0,261.0,234.0,192.0,328.0,203.0,299.0,200.0,327.0,196.0,346.0,168.0,331.0,178.0,307.0,180.0,335.0,178.0,354.0,145.0,341.0,158.0,328.0,164.0,348.0,166.0,361.0
D,day2,1790743788.3117542,24,150.0,415.0,178.0,402.0,197.0,369.0,176.0,342.0,149.0,330.0,186.0,309.0,186.0,262.0,184.0,235.0,179.0,210.0,160.0,313.0,167.0,298.0,174.0,329.0,173.0,345.0,137.0,324.0,147.0,318.0,156.0,347.0,155.0,357.0,117.0,340.0,131.0,333.0,140.0,353.0,139.0,361.0
D,day2,1790743788.7443027,25,138.0,415.0,167.0,400.0,186.0,365.0,160.0,342.0,129.0,333.0,165.0,302.0,159.0,254.0,153.0,226.0,147.0,201.0,137.0,309.0,145.0,300.0,153.0,333.0,153.0,347.0,115.0,323.0,124.0,322.0,136.0,351.0,138.0,358.0,97.0,341.0,111.0,340.0,123.0,359.0,123.0,365.0
D,day2,1790743789.1323457,26,154.0,412.0,185.0,399.0,210.0,365.0,188.0,342.0,159.0,334.0,190.0,304.0,187.0,255.0,183.0,227.0,179.0,201.0,163.0,309.0,174.0,299.0,177.0,334.0,175.0,348.0,142.0,321.0,150.0,318.0,157.0,349.0,158.0,356.0,122.0,337.0,132.0,333.0,141.0,354.0,141.0,360.0
D,day2,1790743789.6496673,27,194.0,406.0,223.0,402.0,257.0,364.0,260.0,325.0,238.0,311.0,240.0,302.0,242.0,262.0,243.0,232.0,242.0,209.0,211.0,301.0,233.0,295.0,232.0,337.0,221.0,347.0,190.0,310.0,208.0,308.0,213.0,343.0,203.0,353.0,167.0,324.0,186.0,326.0,192.0,351.0,186.0,357.0
D,day2,1790743789.6734662,28,196.0,406.0,224.0,402.0,258.0,364.0,264.0,325.0,243.0,312.0,243.0,302.0,245.0,263.0,247.0,233.0,245.0,210.0,214.0,301.0,235.0,295.0,234.0,338.0,223.0,347.0,192.0,310.0,211.0,309.0,215.0,344.0,204.0,352.0,170.0,324.0,188.0,325.0,194.0,350.0,186.0,356.0
D,day2,1790743789.7048187,29,199.0,406.0,226.0,402.0,261.0,365.0,266.0,325.0,244.0,311.0,246.0,302.0,249.0,263.0,250.0,233.0,250.0,210.0,216.0,301.0,238.0,295.0,237.0,337.0,226.0,347.0,195.0,311.0,213.0,308.0,218.0,344.0,207.0,352.0,172.0,325.0,191.0,324.0,197.0,350.0,189.0,356.0
D,day2,1790743789.730211,30,199.0,405.0,226.0,402.0,260.0,365.0,266.0,325.0,245.0,310.0,245.0,302.0,249.0,264.0,251.0,233.0,250.0,210.0,216.0,301.0,239.0,294.0,237.0,337.0,225.0,349.0,195.0,310.0,214.0,308.0,218.0,343.0,207.0,353.0,173.0,323.0,192.0,325.0,197.0,350.0,190.0,356.0
D,day2,1790743789.756245,31,199.0,404.0,227.0,403.0,261.0,366.0,268.0,326.0,246.0,310.0,248.0,303.0,252.0,264.0,253.0,233.0,253.0,210.0,219.0,302.0,241.0,295.0,239.0,336.0,227.0,349.0,198.0,310.0,217.0,307.0,219.0,343.0,209.0,353.0,175.0,323.0,195.0,324.0,199.0,349.0,192.0,356.0
D,day2,1790743789.8138762,32,199.0,405.0,226.0,404.0,260.0,368.0,266.0,329.0,248.0,310.0,249.0,303.0,254.0,265.0,256.0,234.0,257.0,211.0,220.0,300.0,245.0,295.0,242.0,336.0,230.0,348.0,199.0,307.0,222.0,310.0,222.0,345.0,210.0,354.0,178.0,319.0,200.0,327.0,202.0,352.0,192.0,356.0
D,day2,1790743789.8403492,33,199.0,407.0,227.0,403.0,260.0,368.0,267.0,330.0,249.0,311.0,250.0,304.0,256.0,265.0,259.0,234.0,259.0,211.0,222.0,301.0,245.0,294.0,243.0,335.0,232.0,347.0,201.0,309.0,223.0,309.0,223.0,345.0,212.0,354.0,179.0,321.0,202.0,326.0,204.0,351.0,194.0,356.0
D,day2,1790743790.050394,34,200.0,407.0,228.0,405.0,261.0,369.0,258.0,332.0,238.0,315.0,252.0,303.0,259.0,267.0,265.0,237.0,268.0,214.0,223.0,299.0,248.0,295.0,244.0,335.0,232.0,347.0,201.0,307.0,224.0,308.0,225.0,343.0,212.0,352.0,180.0,320.0,202.0,326.0,204.0,351.0,195.0,354.0
D,day2,1790743790.7052891,35,171.0,412.0,201.0,401.0,224.0,372.0,213.0,344.0,193.0,327.0,230.0,313.0,244.0,269.0,253.0,241.0,259.0,218.0,205.0,313.0,217.0,293.0,218.0,323.0,212.0,341.0,182.0,320.0,194.0,305.0,198.0,334.0,194.0,349.0,159.0,332.0,174.0,318.0,181.0,338.0,181.0,350.0
D,day2,1790743791.3542898,36,144.0,406.0,171.0,394.0,190.0,363.0,171.0,336.0,147.0,318.0,190.0,304.0,196.0,257.0,199.0,229.0,200.0,204.0,163.0,306.0,170.0,287.0,173.0,317.0,171.0,334.0,140.0,316.0,148.0,304.0,156.0,334.0,155.0,346.0,117.0,330.0,129.0,317.0,138.0,338.0,139.0,347.0
D,day2,1790743791.7548757,37,144.0,401.0,173.0,395.0,200.0,357.0,184.0,322.0,157.0,309.0,184.0,296.0,184.0,259.0,184.0,229.0,182.0,207.0,153.0,298.0,171.0,288.0,172.0,331.0,163.0,343.0,131.0,309.0,143.0,302.0,152.0,339.0,145.0,351.0,108.0,324.0,121.0,317.0,131.0,342.0,126.0,350.0
D,day2,1790743792.0819392,38,147.0,400.0,176.0,393.0,204.0,353.0,199.0,313.0,180.0,294.0,189.0,297.0,190.0,260.0,189.0,228.0,187.0,205.0,159.0,299.0,174.0,285.0,175.0,328.0,167.0,341.0,137.0,309.0,149.0,300.0,157.0,336.0,149.0,348.0,114.0,324.0,126.0,315.0,136.0,340.0,131.0,348.0
D,day2,1790743792.5771923,39,156.0,394.0,184.0,388.0,213.0,346.0,214.0,305.0,198.0,285.0,198.0,295.0,201.0,256.0,203.0,225.0,202.0,203.0,170.0,297.0,186.0,283.0,186.0,325.0,176.0,336.0,149.0,307.0,162.0,297.0,167.0,332.0,157.0,341.0,126.0,320.0,141.0,311.0,148.0,337.0,140.0,344.0
D,day2,1790743792.6194365,40,158.0,396.0,186.0,389.0,215.0,347.0,215.0,306.0,199.0,285.0,199.0,296.0,203.0,257.0,205.0,227.0,204.0,204.0,171.0,297.0,187.0,283.0,187.0,326.0,177.0,336.0,151.0,306.0,163.0,298.0,169.0,334.0,159.0,341.0,128.0,320.0,142.0,311.0,149.0,337.0,142.0,343.0
D,day2,1790743792.6624463,41,159.0,396.0,186.0,388.0,216.0,347.0,216.0,305.0,199.0,286.0,199.0,295.0,203.0,257.0,205.0,226.0,204.0,203.0,171.0,296.0,188.0,284.0,187.0,326.0,177.0,337.0,151.0,306.0,164.0,297.0,169.0,333.0,158.0,342.0,128.0,320.0,142.0,310.0,150.0,336.0,142.0,343.0
D,day2,1790743792.7152758,42,159.0,396.0,187.0,389.0,216.0,348.0,216.0,307.0,200.0,286.0,200.0,296.0,204.0,257.0,206.0,226.0,205.0,203.0,172.0,297.0,188.0,284.0,188.0,326.0,178.0,337.0,152.0,307.0,165.0,298.0,170.0,334.0,159.0,342.0,128.0,321.0,143.0,311.0,151.0,338.0,143.0,344.0
D,day2,1790743792.7412014,43,159.0,396.0,187.0,388.0,216.0,347.0,216.0,307.0,201.0,286.0,200.0,296.0,204.0,257.0,206.0,226.0,205.0,203.0,172.0,297.0,188.0,284.0,188.0,326.0,178.0,336.0,151.0,307.0,165.0,298.0,170.0,334.0,160.0,342.0,128.0,321.0,143.0,312.0,151.0,338.0,143.0,345.0
D,day2,1790743792.798303,44,161.0,395.0,188.0,388.0,218.0,347.0,217.0,306.0,201.0,285.0,202.0,295.0,206.0,257.0,208.0,226.0,208.0,203.0,173.0,296.0,190.0,284.0,191.0,326.0,181.0,337.0,153.0,306.0,166.0,298.0,172.0,333.0,161.0,342.0,129.0,320.0,145.0,311.0,153.0,337.0,145.0,344.0
D,day2,1790743792.8288548,45,161.0,395.0,188.0,388.0,218.0,347.0,218.0,306.0,202.0,285.0,202.0,295.0,206.0,256.0,208.0,225.0,208.0,202.0,174.0,296.0,191.0,283.0,191.0,325.0,181.0,336.0,153.0,306.0,166.0,297.0,172.0,332.0,162.0,341.0,130.0,320.0,145.0,310.0,153.0,336.0,145.0,343.0
D,day2,1790743793.591972,46,164.0,391.0,190.0,379.0,209.0,349.0,195.0,321.0,179.0,300.0,218.0,297.0,230.0,253.0,238.0,226.0,243.0,203.0,194.0,296.0,203.0,265.0,202.0,292.0,200.0,311.0,172.0,302.0,179.0,279.0,183.0,306.0,181.0,322.0,149.0,313.0,160.0,294.0,166.0,312.0,165.0,324.0
D,day2,1790743794.328861,47,180.0,377.0,208.0,368.0,231.0,340.0,220.0,308.0,201.0,287.0,238.0,289.0,249.0,245.0,255.0,219.0,260.0,196.0,214.0,289.0,222.0,268.0,222.0,297.0,220.0,311.0,192.0,294.0,198.0,277.0,200.0,306.0,198.0,316.0,169.0,303.0,179.0,288.0,182.0,308.0,179.0,317.0
D,day2,1790743794.5665853,48,184.0,374.0,209.0,371.0,237.0,341.0,231.0,304.0,212.0,284.0,240.0,281.0,247.0,246.0,254.0,218.0,258.0,198.0,214.0,277.0,233.0,272.0,226.0,310.0,215.0,320.0,194.0,283.0,206.0,280.0,206.0,314.0,197.0,324.0,170.0,294.0,184.0,288.0,187.0,313.0,181.0,321.0
D,day2,1790743795.0821407,49,186.0,375.0,210.0,372.0,238.0,340.0,228.0,303.0,208.0,284.0,239.0,281.0,246.0,248.0,251.0,220.0,255.0,199.0,212.0,277.0,232.0,273.0,225.0,311.0,215.0,321.0,192.0,284.0,205.0,280.0,206.0,313.0,197.0,324.0,169.0,295.0,183.0,289.0,186.0,313.0,179.0,321.0
D,day2,1790743795.1117437,50,183.0,376.0,208.0,374.0,236.0,341.0,227.0,305.0,208.0,285.0,237.0,283.0,244.0,248.0,249.0,220.0,253.0,200.0,211.0,278.0,230.0,273.0,223.0,310.0,213.0,322.0,190.0,284.0,202.0,281.0,203.0,313.0,195.0,324.0,167.0,295.0,180.0,289.0,183.0,313.0,177.0,321.0
D,day2,1790743795.142224,51,184.0,375.0,209.0,372.0,237.0,341.0,227.0,305.0,209.0,287.0,237.0,283.0,244.0,247.0,250.0,219.0,254.0,198.0,211.0,280.0,229.0,273.0,223.0,309.0,213.0,321.0,190.0,286.0,202.0,281.0,204.0,313.0,196.0,324.0,167.0,297.0,180.0,289.0,183.0,313.0,177.0,322.0
D,day2,1790743795.1704233,52,181.0,376.0,207.0,374.0,235.0,341.0,224.0,303.0,202.0,283.0,235.0,282.0,242.0,248.0,247.0,220.0,251.0,199.0,208.0,278.0,227.0,274.0,220.0,312.0,211.0,323.0,188.0,285.0,200.0,281.0,202.0,315.0,194.0,326.0,164.0,296.0,177.0,289.0,181.0,314.0,176.0,322.0
D,day2,1790743795.1954403,53,180.0,379.0,206.0,376.0,234.0,342.0,224.0,302.0,203.0,282.0,233.0,282.0,239.0,249.0,245.0,220.0,248.0,200.0,205.0,279.0,226.0,273.0,220.0,313.0,210.0,326.0,185.0,285.0,198.0,280.0,201.0,315.0,192.0,328.0,162.0,297.0,176.0,288.0,181.0,314.0,175.0,324.0
D,day2,1790743795.2399626,54,181.0,379.0,206.0,375.0,234.0,341.0,223.0,303.0,202.0,283.0,233.0,283.0,238.0,248.0,243.0,220.0,246.0,199.0,205.0,279.0,224.0,273.0,219.0,313.0,209.0,326.0,185.0,286.0,197.0,282.0,199.0,316.0,191.0,329.0,162.0,298.0,175.0,290.0,179.0,315.0,173.0,324.0
D,day2,1790743795.2726223,55,181.0,379.0,206.0,375.0,234.0,341.0,223.0,303.0,202.0,283.0,233.0,283.0,238.0,248.0,243.0,220.0,246.0,199.0,205.0,280.0,224.0,273.0,219.0,313.0,209.0,326.0,185.0,286.0,197.0,282.0,199.0,316.0,191.0,328.0,162.0,298.0,175.0,290.0,179.0,315.0,173.0,324.0
D,day2,1790743795.307992,56,179.0,379.0,205.0,376.0,233.0,342.0,222.0,303.0,200.0,282.0,232.0,283.0,238.0,248.0,242.0,219.0,245.0,198.0,204.0,279.0,223.0,274.0,218.0,314.0,209.0,326.0,184.0,286.0,196.0,282.0,199.0,316.0,190.0,328.0,160.0,297.0,174.0,290.0,178.0,315.0,171.0,323.0
D,day2,1790743795.3383832,57,180.0,380.0,205.0,376.0,233.0,343.0,221.0,304.0,200.0,283.0,232.0,283.0,237.0,249.0,242.0,220.0,245.0,199.0,203.0,279.0,224.0,274.0,218.0,315.0,208.0,327.0,182.0,286.0,196.0,282.0,198.0,317.0,189.0,329.0,159.0,298.0,173.0,291.0,177.0,316.0,171.0,325.0
D,day2,1790743795.6141145,58,180.0,382.0,204.0,378.0,232.0,344.0,221.0,305.0,200.0,283.0,231.0,283.0,237.0,249.0,241.0,220.0,244.0,198.0,203.0,279.0,224.0,274.0,219.0,315.0,208.0,327.0,182.0,286.0,196.0,283.0,199.0,319.0,189.0,330.0,159.0,299.0,174.0,292.0,178.0,318.0,171.0,326.0
D,day2,1790743796.1729677,59,167.0,393.0,192.0,385.0,217.0,349.0,203.0,312.0,179.0,295.0,209.0,288.0,210.0,252.0,211.0,222.0,211.0,199.0,179.0,287.0,202.0,280.0,201.0,320.0,191.0,334.0,158.0,296.0,175.0,292.0,181.0,326.0,172.0,339.0,136.0,311.0,153.0,303.0,161.0,328.0,156.0,338.0
D,day2,1790743796.6823206,60,181.0,384.0,207.0,380.0,238.0,348.0,231.0,310.0,210.0,291.0,238.0,287.0,244.0,252.0,249.0,222.0,251.0,201.0,209.0,282.0,232.0,280.0,224.0,319.0,212.0,328.0,188.0,288.0,204.0,288.0,204.0,322.0,193.0,330.0,166.0,299.0,182.0,297.0,184.0,322.0,177.0,328.0
D,day2,1790743797.0897222,61,182.0,385.0,206.0,384.0,238.0,354.0,233.0,316.0,213.0,295.0,239.0,289.0,246.0,254.0,251.0,225.0,255.0,203.0,212.0,284.0,233.0,283.0,225.0,323.0,214.0,334.0,191.0,290.0,206.0,290.0,205.0,325.0,195.0,336.0,168.0,300.0,183.0,301.0,184.0,326.0,179.0,332.0
D,day2,1790743797.5040681,62,175.0,390.0,201.0,388.0,230.0,355.0,222.0,320.0,201.0,303.0,227.0,292.0,233.0,256.0,237.0,226.0,240.0,204.0,199.0,290.0,219.0,288.0,214.0,326.0,204.0,337.0,177.0,297.0,193.0,296.0,195.0,328.0,186.0,339.0,155.0,310.0,171.0,307.0,175.0,331.0,170.0,340.0
E,day2,1790743849.2238271,0,136.0,366.0,169.0,353.0,189.0,310.0,173.0,276.0,145.0,274.0,187.0,269.0,191.0,226.0,192.0,241.0,190.0,265.0,164.0,265.0,166.0,217.0,167.0,240.0,166.0,262.0,142.0,268.0,141.0,224.0,146.0,245.0,147.0,267.0,119.0,275.0,121.0,243.0,129.0,254.0,131.0,272.0
E,day2,1790743849.3226244,1,137.0,366.0,170.0,354.0,191.0,313.0,174.0,280.0,147.0,275.0,190.0,271.0,194.0,227.0,195.0,242.0,192.0,265.0,166.0,266.0,170.0,217.0,170.0,240.0,168.0,263.0,144.0,268.0,144.0,225.0,149.0,246.0,149.0,269.0,121.0,276.0,124.0,243.0,131.0,255.0,133.0,273.0
E,day2,1790743849.4341927,2,137.0,366.0,171.0,354.0,192.0,314.0,175.0,280.0,147.0,276.0,193.0,271.0,198.0,228.0,195.0,243.0,191.0,266.0,169.0,266.0,172.0,217.0,170.0,239.0,168.0,261.0,146.0,268.0,147.0,224.0,150.0,245.0,149.0,268.0,123.0,276.0,126.0,243.0,132.0,255.0,134.0,272.0
E,day2,1790743849.5522914,3,140.0,368.0,174.0,357.0,195.0,317.0,179.0,283.0,154.0,272.0,197.0,274.0,203.0,228.0,202.0,243.0,198.0,267.0,172.0,268.0,178.0,217.0,176.0,241.0,174.0,264.0,149.0,270.0,151.0,224.0,154.0,245.0,153.0,269.0,126.0,277.0,129.0,243.0,136.0,254.0,137.0,272.0
E,day2,1790743849.6801627,4,140.0,370.0,175.0,360.0,200.0,321.0,183.0,284.0,158.0,270.0,203.0,275.0,210.0,229.0,207.0,245.0,201.0,269.0,177.0,269.0,184.0,217.0,181.0,242.0,178.0,265.0,153.0,269.0,157.0,223.0,159.0,247.0,157.0,271.0,129.0,276.0,134.0,241.0,139.0,256.0,140.0,275.0
E,day2,1790743849.785507,5,143.0,372.0,179.0,361.0,204.0,320.0,189.0,281.0,162.0,269.0,207.0,271.0,215.0,222.0,212.0,243.0,207.0,268.0,181.0,265.0,188.0,211.0,185.0,240.0,183.0,264.0,157.0,267.0,160.0,218.0,163.0,245.0,161.0,269.0,131.0,274.0,137.0,238.0,143.0,253.0,144.0,272.0
E,day2,1790743849.9183383,6,152.0,375.0,187.0,361.0,213.0,317.0,197.0,278.0,169.0,267.0,216.0,266.0,223.0,217.0,221.0,234.0,215.0,260.0,189.0,260.0,194.0,206.0,192.0,232.0,190.0,257.0,164.0,262.0,166.0,213.0,169.0,237.0,168.0,263.0,138.0,270.0,143.0,233.0,149.0,246.0,150.0,266.0
E,day2,1790743850.0288198,7,155.0,374.0,191.0,362.0,218.0,317.0,201.0,278.0,171.0,271.0,218.0,266.0,223.0,215.0,225.0,234.0,221.0,261.0,191.0,261.0,196.0,205.0,197.0,232.0,196.0,256.0,166.0,263.0,168.0,212.0,173.0,237.0,172.0,262.0,140.0,271.0,144.0,233.0,153.0,246.0,154.0,265.0
E,day2,1790743850.1469316,8,153.0,374.0,189.0,360.0,214.0,314.0,196.0,276.0,163.0,273.0,216.0,264.0,221.0,214.0,223.0,235.0,220.0,261.0,190.0,259.0,193.0,204.0,196.0,233.0,194.0,257.0,164.0,261.0,165.0,211.0,172.0,236.0,171.0,262.0,138.0,268.0,143.0,231.0,152.0,245.0,153.0,264.0
E,day2,1790743850.258747,9,151.0,370.0,187.0,357.0,212.0,312.0,195.0,274.0,165.0,268.0,213.0,263.0,220.0,214.0,222.0,231.0,218.0,256.0,188.0,257.0,192.0,203.0,195.0,229.0,193.0,254.0,163.0,259.0,164.0,211.0,172.0,234.0,171.0,259.0,138.0,267.0,143.0,230.0,152.0,242.0,154.0,261.0
E,day2,1790743850.3806076,10,153.0,363.0,189.0,350.0,216.0,307.0,201.0,270.0,173.0,265.0,216.0,261.0,223.0,214.0,222.0,229.0,217.0,253.0,191.0,255.0,196.0,203.0,196.0,225.0,193.0,250.0,168.0,257.0,171.0,210.0,175.0,230.0,173.0,254.0,143.0,264.0,150.0,229.0,157.0,240.0,158.0,257.0
E,day2,1790743850.4886231,11,157.0,357.0,192.0,347.0,219.0,305.0,208.0,270.0,185.0,260.0,220.0,260.0,228.0,216.0,230.0,224.0,225.0,246.0,197.0,254.0,202.0,205.0,204.0,221.0,201.0,244.0,175.0,256.0,178.0,210.0,183.0,227.0,181.0,251.0,151.0,262.0,156.0,229.0,163.0,238.0,163.0,255.0
E,day2,1790743850.6246507,12,167.0,350.0,202.0,341.0,229.0,305.0,217.0,273.0,191.0,268.0,227.0,255.0,232.0,215.0,234.0,222.0,230.0,242.0,204.0,250.0,208.0,204.0,210.0,219.0,208.0,241.0,184.0,252.0,187.0,209.0,191.0,222.0,189.0,244.0,161.0,259.0,167.0,226.0,174.0,232.0,175.0,247.0
E,day2,1790743850.764961,13,173.0,344.0,208.0,335.0,234.0,300.0,220.0,271.0,194.0,269.0,232.0,254.0,237.0,216.0,242.0,222.0,238.0,240.0,210.0,249.0,214.0,204.0,219.0,217.0,217.0,239.0,191.0,251.0,194.0,208.0,201.0,220.0,199.0,241.0,169.0,257.0,175.0,224.0,183.0,228.0,185.0,240.0
E,day2,1790743850.8983924,14,177.0,335.0,210.0,329.0,236.0,298.0,234.0,267.0,220.0,254.0,234.0,250.0,241.0,214.0,246.0,218.0,242.0,235.0,215.0,245.0,219.0,201.0,223.0,217.0,220.0,238.0,197.0,245.0,201.0,205.0,206.0,219.0,203.0,240.0,176.0,249.0,181.0,218.0,189.0,225.0,188.0,240.0
E,day2,1790743851.0344172,15,180.0,325.0,212.0,321.0,237.0,289.0,237.0,258.0,226.0,242.0,236.0,244.0,243.0,210.0,250.0,212.0,247.0,227.0,218.0,238.0,223.0,195.0,229.0,209.0,226.0,229.0,200.0,238.0,205.0,197.0,212.0,211.0,209.0,231.0,180.0,241.0,186.0,211.0,194.0,217.0,194.0,231.0
E,day2,1790743851.1708653,16,182.0,322.0,214.0,319.0,239.0,286.0,233.0,255.0,214.0,246.0,236.0,241.0,243.0,205.0,250.0,212.0,246.0,231.0,218.0,236.0,223.0,193.0,229.0,210.0,226.0,230.0,201.0,236.0,205.0,196.0,213.0,211.0,209.0,231.0,181.0,240.0,188.0,211.0,196.0,218.0,195.0,233.0
E,day2,1790743851.2930238,17,182.0,321.0,215.0,318.0,240.0,283.0,231.0,252.0,207.0,248.0,239.0,241.0,246.0,206.0,252.0,213.0,248.0,232.0,220.0,235.0,226.0,194.0,231.0,209.0,228.0,230.0,203.0,236.0,207.0,197.0,215.0,210.0,212.0,231.0,183.0,239.0,190.0,211.0,198.0,218.0,198.0,232.0
E,day2,1790743851.4331062,18,181.0,319.0,211.0,313.0,234.0,283.0,225.0,255.0,201.0,253.0,235.0,241.0,241.0,207.0,246.0,215.0,243.0,231.0,217.0,236.0,223.0,196.0,228.0,211.0,224.0,231.0,200.0,237.0,205.0,198.0,212.0,212.0,209.0,231.0,181.0,240.0,187.0,211.0,195.0,217.0,195.0,231.0
E,day2,1790743851.5548506,19,177.0,318.0,208.0,309.0,229.0,277.0,219.0,249.0,194.0,252.0,229.0,240.0,234.0,208.0,238.0,211.0,235.0,225.0,211.0,234.0,215.0,196.0,220.0,207.0,216.0,225.0,194.0,235.0,197.0,198.0,204.0,209.0,201.0,228.0,175.0,238.0,180.0,210.0,187.0,216.0,188.0,231.0
E,day2,1790743851.6796896,20,175.0,318.0,205.0,309.0,225.0,275.0,214.0,247.0,189.0,252.0,222.0,237.0,226.0,205.0,229.0,211.0,227.0,225.0,204.0,233.0,208.0,196.0,212.0,207.0,209.0,224.0,188.0,234.0,190.0,199.0,197.0,211.0,194.0,229.0,170.0,239.0,173.0,211.0,180.0,218.0,181.0,232.0
E,day2,1790743851.8134549,21,167.0,326.0,197.0,314.0,215.0,278.0,202.0,252.0,179.0,257.0,205.0,237.0,205.0,205.0,212.0,212.0,212.0,227.0,188.0,236.0,187.0,197.0,195.0,211.0,193.0,229.0,172.0,240.0,171.0,203.0,180.0,218.0,179.0,236.0,154.0,248.0,156.0,219.0,165.0,228.0,166.0,242.0
E,day2,1790743851.9226828,22,164.0,329.0,196.0,318.0,214.0,277.0,199.0,251.0,173.0,260.0,199.0,238.0,200.0,205.0,209.0,214.0,209.0,232.0,182.0,238.0,179.0,197.0,190.0,213.0,189.0,235.0,165.0,242.0,163.0,205.0,175.0,220.0,176.0,241.0,148.0,250.0,151.0,221.0,162.0,229.0,164.0,243.0
E,day2,1790743852.0345466,23,163.0,332.0,194.0,318.0,211.0,279.0,197.0,253.0,173.0,262.0,195.0,241.0,195.0,205.0,206.0,217.0,205.0,235.0,178.0,241.0,175.0,198.0,187.0,214.0,186.0,235.0,162.0,246.0,158.0,206.0,172.0,222.0,173.0,242.0,145.0,254.0,146.0,223.0,159.0,231.0,161.0,246.0
E,day2,1790743852.1657543,24,161.0,333.0,193.0,319.0,209.0,279.0,194.0,254.0,169.0,261.0,191.0,240.0,189.0,203.0,201.0,213.0,202.0,232.0,175.0,241.0,169.0,198.0,184.0,215.0,185.0,237.0,159.0,247.0,153.0,208.0,170.0,222.0,172.0,243.0,142.0,255.0,143.0,224.0,157.0,232.0,161.0,247.0
E,day2,1790743852.2877934,25,161.0,335.0,194.0,320.0,209.0,279.0,195.0,253.0,170.0,265.0,191.0,240.0,189.0,203.0,203.0,216.0,203.0,236.0,175.0,241.0,169.0,198.0,185.0,217.0,186.0,238.0,160.0,247.0,154.0,208.0,171.0,225.0,174.0,245.0,144.0,256.0,144.0,224.0,158.0,233.0,162.0,249.0
E,day2,1790743852.4307659,26,165.0,340.0,197.0,325.0,214.0,286.0,200.0,259.0,176.0,266.0,196.0,246.0,195.0,206.0,208.0,218.0,210.0,237.0,180.0,247.0,177.0,202.0,193.0,220.0,193.0,241.0,165.0,253.0,160.0,212.0,178.0,227.0,181.0,248.0,148.0,262.0,149.0,229.0,164.0,237.0,168.0,253.0
E,day2,1790743852.5659041,27,166.0,343.0,199.0,330.0,220.0,292.0,207.0,262.0,180.0,265.0,212.0,251.0,213.0,213.0,221.0,220.0,220.0,239.0,193.0,248.0,194.0,205.0,202.0,219.0,199.0,241.0,175.0,250.0,175.0,209.0,184.0,224.0,183.0,245.0,156.0,257.0,159.0,226.0,168.0,234.0,168.0,250.0
E,day2,1790743852.7115817,28,169.0,343.0,202.0,337.0,227.0,301.0,215.0,269.0,188.0,267.0,229.0,257.0,234.0,219.0,235.0,224.0,231.0,243.0,207.0,250.0,211.0,206.0,212.0,221.0,209.0,241.0,187.0,250.0,190.0,209.0,194.0,224.0,191.0,245.0,165.0,256.0,171.0,225.0,176.0,233.0,176.0,249.0
E,day2,1790743852.8339064,29,169.0,347.0,203.0,341.0,229.0,308.0,222.0,273.0,200.0,262.0,230.0,261.0,237.0,222.0,239.0,226.0,235.0,244.0,209.0,254.0,215.0,208.0,215.0,222.0,213.0,242.0,189.0,254.0,194.0,211.0,196.0,226.0,193.0,248.0,166.0,259.0,172.0,227.0,177.0,234.0,177.0,250.0
E,day2,1790743852.941474,30,169.0,351.0,202.0,345.0,228.0,314.0,224.0,280.0,209.0,264.0,232.0,263.0,238.0,223.0,240.0,228.0,237.0,246.0,210.0,256.0,216.0,208.0,216.0,224.0,214.0,245.0,189.0,256.0,194.0,213.0,196.0,229.0,194.0,250.0,166.0,262.0,172.0,229.0,177.0,237.0,176.0,254.0
E,day2,1790743853.074049,31,163.0,354.0,197.0,346.0,221.0,314.0,211.0,284.0,187.0,277.0,227.0,263.0,234.0,222.0,233.0,228.0,229.0,245.0,204.0,256.0,210.0,210.0,210.0,224.0,207.0,245.0,182.0,256.0,187.0,213.0,189.0,227.0,186.0,249.0,158.0,262.0,164.0,227.0,169.0,235.0,168.0,252.0
E,day2,1790743853.202635,32,148.0,356.0,184.0,348.0,210.0,311.0,198.0,276.0,169.0,273.0,216.0,259.0,221.0,216.0,221.0,220.0,218.0,239.0,191.0,251.0,196.0,202.0,196.0,215.0,194.0,237.0,168.0,252.0,171.0,206.0,174.0,220.0,173.0,243.0,142.0,258.0,147.0,222.0,153.0,229.0,154.0,248.0
E,day2,1790743853.3318467,33,147.0,359.0,183.0,351.0,209.0,312.0,198.0,275.0,170.0,269.0,214.0,257.0,219.0,213.0,220.0,219.0,217.0,240.0,189.0,250.0,193.0,199.0,193.0,216.0,192.0,239.0,165.0,251.0,168.0,204.0,171.0,221.0,169.0,245.0,139.0,259.0,145.0,221.0,150.0,231.0,151.0,249.0
E,day2,1790743853.4620614,34,150.0,359.0,187.0,348.0,213.0,309.0,199.0,274.0,171.0,269.0,216.0,257.0,221.0,212.0,222.0,216.0,219.0,236.0,190.0,250.0,195.0,198.0,194.0,213.0,193.0,235.0,167.0,251.0,170.0,203.0,172.0,218.0,170.0,243.0,141.0,260.0,145.0,222.0,151.0,229.0,152.0,248.0
E,day2,1790743853.5824285,35,154.0,360.0,190.0,347.0,216.0,307.0,204.0,273.0,184.0,261.0,219.0,255.0,224.0,208.0,221.0,214.0,218.0,236.0,192.0,249.0,196.0,197.0,193.0,212.0,192.0,235.0,167.0,252.0,170.0,203.0,171.0,217.0,170.0,242.0,142.0,260.0,146.0,222.0,150.0,228.0,152.0,246.0
E,day2,1790743853.6881225,36,160.0,360.0,198.0,350.0,226.0,307.0,215.0,270.0,194.0,258.0,222.0,255.0,228.0,206.0,230.0,217.0,228.0,241.0,197.0,250.0,201.0,195.0,202.0,212.0,202.0,235.0,173.0,253.0,175.0,202.0,179.0,216.0,179.0,242.0,147.0,261.0,151.0,222.0,158.0,228.0,161.0,246.0
E,day2,1790743853.8390725,37,158.0,361.0,197.0,350.0,224.0,305.0,208.0,267.0,176.0,266.0,222.0,252.0,227.0,204.0,229.0,217.0,227.0,241.0,196.0,246.0,199.0,192.0,201.0,212.0,200.0,236.0,171.0,249.0,172.0,198.0,178.0,217.0,177.0,242.0,146.0,257.0,150.0,219.0,157.0,229.0,159.0,248.0
E,day2,1790743853.9752471,38,160.0,359.0,197.0,348.0,224.0,303.0,207.0,267.0,177.0,266.0,222.0,252.0,227.0,204.0,229.0,215.0,226.0,239.0,196.0,246.0,199.0,192.0,201.0,212.0,199.0,236.0,172.0,248.0,173.0,199.0,178.0,216.0,177.0,242.0,146.0,257.0,150.0,220.0,158.0,229.0,159.0,247.0
E,day2,1790743854.0933506,39,161.0,356.0,198.0,345.0,225.0,304.0,210.0,268.0,182.0,264.0,225.0,253.0,229.0,207.0,230.0,216.0,227.0,238.0,199.0,247.0,203.0,196.0,204.0,212.0,202.0,234.0,176.0,249.0,177.0,202.0,181.0,217.0,180.0,241.0,151.0,257.0,154.0,221.0,161.0,230.0,162.0,247.0
E,day2,1790743854.2167444,40,168.0,347.0,202.0,335.0,227.0,300.0,214.0,267.0,189.0,260.0,228.0,252.0,233.0,211.0,232.0,217.0,229.0,236.0,204.0,247.0,208.0,200.0,207.0,216.0,206.0,237.0,183.0,249.0,184.0,206.0,187.0,221.0,186.0,243.0,159.0,257.0,164.0,223.0,169.0,230.0,170.0,247.0
E,day2,1790743854.3652563,41,170.0,346.0,204.0,337.0,228.0,300.0,216.0,266.0,189.0,264.0,229.0,253.0,232.0,215.0,234.0,220.0,232.0,238.0,206.0,248.0,208.0,203.0,210.0,219.0,209.0,239.0,184.0,249.0,186.0,208.0,190.0,223.0,189.0,245.0,161.0,256.0,167.0,225.0,173.0,233.0,174.0,250.0
E,day2,1790743855.0641248,42,177.0,328.0,208.0,320.0,228.0,285.0,218.0,257.0,199.0,253.0,225.0,247.0,227.0,214.0,229.0,219.0,227.0,234.0,205.0,243.0,207.0,204.0,208.0,218.0,207.0,238.0,188.0,245.0,187.0,209.0,192.0,223.0,191.0,243.0,169.0,251.0,171.0,224.0,177.0,231.0,179.0,246.0
E,day2,1790743855.5671234,43,183.0,325.0,212.0,309.0,228.0,271.0,214.0,244.0,191.0,247.0,213.0,236.0,212.0,202.0,219.0,210.0,218.0,227.0,195.0,235.0,192.0,195.0,201.0,208.0,201.0,228.0,180.0,239.0,175.0,201.0,187.0,214.0,188.0,233.0,163.0,246.0,162.0,217.0,172.0,224.0,176.0,238.0
E,day2,1790743855.6417792,44,179.0,327.0,210.0,311.0,225.0,271.0,210.0,243.0,186.0,247.0,211.0,238.0,210.0,206.0,215.0,210.0,215.0,224.0,192.0,237.0,188.0,197.0,197.0,208.0,197.0,228.0,176.0,241.0,171.0,203.0,182.0,214.0,184.0,234.0,158.0,249.0,158.0,219.0,168.0,225.0,171.0,239.0
E,day2,1790743855.6940575,45,178.0,328.0,209.0,313.0,224.0,270.0,209.0,242.0,184.0,250.0,208.0,235.0,207.0,204.0,214.0,209.0,214.0,225.0,189.0,235.0,183.0,195.0,195.0,208.0,196.0,230.0,173.0,240.0,166.0,203.0,180.0,215.0,183.0,235.0,156.0,248.0,155.0,219.0,166.0,225.0,170.0,239.0
E,day2,1790743855.721746,46,178.0,329.0,210.0,313.0,224.0,269.0,208.0,242.0,183.0,251.0,208.0,235.0,207.0,202.0,214.0,210.0,213.0,228.0,189.0,235.0,182.0,195.0,194.0,209.0,195.0,231.0,173.0,240.0,165.0,203.0,179.0,215.0,182.0,235.0,155.0,248.0,154.0,219.0,165.0,225.0,169.0,239.0
E,day2,1790743856.0495832,47,175.0,329.0,205.0,312.0,219.0,270.0,202.0,243.0,178.0,250.0,202.0,235.0,199.0,200.0,207.0,210.0,208.0,228.0,183.0,235.0,174.0,194.0,187.0,210.0,190.0,231.0,166.0,241.0,157.0,204.0,172.0,217.0,177.0,237.0,149.0,251.0,146.0,221.0,158.0,227.0,164.0,241.0
E,day2,1790743856.5589478,48,177.0,334.0,211.0,320.0,231.0,282.0,218.0,252.0,193.0,252.0,222.0,245.0,225.0,211.0,226.0,212.0,224.0,224.0,202.0,241.0,202.0,202.0,207.0,209.0,206.0,226.0,184.0,244.0,182.0,205.0,191.0,215.0,192.0,234.0,165.0,250.0,166.0,221.0,174.0,226.0,177.0,240.0
E,day2,1790743856.5843444,49,178.0,333.0,210.0,319.0,230.0,281.0,217.0,251.0,191.0,252.0,223.0,245.0,225.0,213.0,227.0,213.0,224.0,222.0,203.0,241.0,202.0,202.0,207.0,209.0,205.0,226.0,185.0,243.0,182.0,206.0,190.0,215.0,190.0,233.0,165.0,250.0,166.0,220.0,173.0,225.0,175.0,239.0
E,day2,1790743856.6068563,50,180.0,333.0,213.0,322.0,235.0,285.0,224.0,254.0,199.0,251.0,227.0,244.0,230.0,209.0,234.0,217.0,232.0,235.0,208.0,241.0,207.0,200.0,215.0,214.0,215.0,235.0,190.0,243.0,189.0,205.0,200.0,220.0,200.0,239.0,171.0,249.0,174.0,220.0,183.0,229.0,184.0,245.0
E,day2,1790743856.6405687,51,180.0,333.0,212.0,322.0,234.0,285.0,222.0,254.0,198.0,252.0,227.0,247.0,230.0,211.0,233.0,218.0,230.0,234.0,208.0,242.0,208.0,201.0,215.0,215.0,213.0,236.0,191.0,244.0,189.0,206.0,198.0,220.0,198.0,239.0,171.0,250.0,173.0,221.0,182.0,229.0,184.0,243.0
E,day2,1790743856.7018971,52,182.0,335.0,215.0,329.0,239.0,296.0,229.0,265.0,205.0,258.0,236.0,254.0,241.0,217.0,243.0,225.0,240.0,243.0,216.0,249.0,220.0,207.0,223.0,223.0,220.0,243.0,198.0,249.0,200.0,212.0,205.0,227.0,204.0,247.0,178.0,254.0,183.0,225.0,189.0,232.0,190.0,247.0
E,day2,1790743856.726991,53,183.0,336.0,214.0,328.0,237.0,296.0,228.0,265.0,204.0,258.0,237.0,255.0,242.0,218.0,243.0,225.0,240.0,242.0,217.0,249.0,221.0,207.0,223.0,224.0,220.0,244.0,199.0,249.0,200.0,211.0,205.0,228.0,203.0,248.0,178.0,255.0,182.0,225.0,188.0,234.0,188.0,249.0
E,day2,1790743856.7584224,54,181.0,335.0,214.0,329.0,238.0,297.0,230.0,265.0,206.0,259.0,238.0,255.0,244.0,217.0,245.0,224.0,241.0,242.0,218.0,248.0,223.0,206.0,224.0,223.0,221.0,243.0,200.0,249.0,202.0,211.0,207.0,226.0,205.0,246.0,179.0,253.0,185.0,225.0,190.0,232.0,191.0,247.0
E,day2,1790743857.4332826,55,175.0,330.0,207.0,325.0,232.0,291.0,224.0,258.0,200.0,251.0,236.0,251.0,244.0,214.0,244.0,221.0,239.0,239.0,216.0,244.0,224.0,202.0,222.0,218.0,218.0,239.0,196.0,243.0,202.0,204.0,204.0,220.0,201.0,242.0,175.0,247.0,183.0,217.0,188.0,226.0,187.0,242.0
E,day2,1790743857.9236865,56,165.0,316.0,198.0,307.0,222.0,274.0,213.0,239.0,192.0,226.0,227.0,234.0,236.0,195.0,234.0,207.0,229.0,227.0,205.0,227.0,213.0,183.0,211.0,203.0,208.0,225.0,185.0,226.0,190.0,185.0,192.0,204.0,189.0,225.0,162.0,229.0,168.0,199.0,173.0,209.0,172.0,225.0
E,day2,1790743859.807888,57,193.0,310.0,224.0,304.0,245.0,270.0,236.0,241.0,212.0,238.0,244.0,234.0,251.0,201.0,254.0,209.0,250.0,226.0,227.0,229.0,231.0,190.0,235.0,205.0,232.0,224.0,209.0,229.0,213.0,192.0,219.0,206.0,216.0,226.0,190.0,233.0,196.0,206.0,204.0,213.0,203.0,226.0
F,day2,1790743888.4979687,0,171.0,396.0,200.0,381.0,223.0,359.0,239.0,346.0,251.0,333.0,202.0,308.0,224.0,290.0,237.0,305.0,243.0,322.0,186.0,301.0,192.0,261.0,199.0,235.0,202.0,212.0,170.0,305.0,164.0,268.0,163.0,243.0,164.0,220.0,154.0,319.0,144.0,291.0,139.0,270.0,136.0,250.0
F,day2,1790743888.5993931,1,168.0,389.0,197.0,373.0,220.0,352.0,238.0,340.0,251.0,328.0,202.0,302.0,226.0,285.0,240.0,300.0,246.0,316.0,187.0,295.0,195.0,255.0,202.0,229.0,205.0,206.0,170.0,299.0,167.0,261.0,167.0,236.0,168.0,213.0,155.0,311.0,146.0,281.0,141.0,260.0,138.0,241.0
F,day2,1790743888.7035787,2,165.0,379.0,195.0,365.0,220.0,350.0,239.0,342.0,253.0,331.0,206.0,297.0,233.0,285.0,246.0,302.0,250.0,319.0,193.0,290.0,205.0,252.0,216.0,228.0,224.0,206.0,176.0,293.0,176.0,255.0,180.0,230.0,183.0,207.0,160.0,305.0,154.0,274.0,152.0,252.0,152.0,232.0
F,day2,1790743888.80113,3,158.0,366.0,188.0,357.0,215.0,346.0,235.0,341.0,250.0,335.0,207.0,294.0,235.0,285.0,245.0,305.0,247.0,323.0,195.0,285.0,214.0,249.0,228.0,225.0,238.0,203.0,179.0,287.0,184.0,249.0,190.0,224.0,196.0,201.0,161.0,298.0,159.0,267.0,159.0,245.0,160.0,225.0
F,day2,1790743888.9200833,4,158.0,357.0,187.0,349.0,213.0,339.0,233.0,337.0,248.0,332.0,208.0,287.0,235.0,280.0,245.0,300.0,246.0,318.0,196.0,278.0,216.0,244.0,231.0,220.0,241.0,198.0,180.0,280.0,186.0,242.0,193.0,217.0,199.0,195.0,162.0,290.0,158.0,260.0,158.0,237.0,160.0,217.0
F,day2,1790743889.0408459,5,158.0,352.0,187.0,345.0,213.0,336.0,232.0,333.0,247.0,329.0,209.0,283.0,237.0,279.0,246.0,300.0,246.0,317.0,197.0,274.0,217.0,240.0,231.0,217.0,241.0,194.0,180.0,275.0,186.0,238.0,193.0,214.0,200.0,191.0,161.0,286.0,156.0,255.0,156.0,234.0,157.0,213.0
F,day2,1790743889.1514356,6,154.0,351.0,183.0,344.0,209.0,335.0,229.0,332.0,243.0,326.0,205.0,281.0,234.0,277.0,243.0,298.0,243.0,315.0,193.0,272.0,212.0,238.0,226.0,214.0,235.0,192.0,176.0,274.0,181.0,237.0,187.0,213.0,193.0,191.0,157.0,284.0,151.0,254.0,149.0,234.0,149.0,214.0
F,day2,1790743889.2598436,7,150.0,355.0,179.0,346.0,205.0,336.0,226.0,332.0,240.0,326.0,198.0,283.0,227.0,277.0,239.0,296.0,240.0,313.0,185.0,274.0,204.0,239.0,218.0,215.0,226.0,193.0,168.0,276.0,173.0,239.0,179.0,215.0,184.0,193.0,150.0,287.0,144.0,257.0,142.0,236.0,141.0,217.0
F,day2,1790743889.3601472,8,141.0,361.0,170.0,350.0,196.0,335.0,218.0,330.0,234.0,326.0,186.0,284.0,218.0,277.0,230.0,297.0,233.0,315.0,174.0,277.0,192.0,240.0,204.0,216.0,211.0,193.0,158.0,280.0,161.0,243.0,165.0,219.0,169.0,198.0,141.0,293.0,135.0,265.0,133.0,244.0,133.0,224.0
F,day2,1790743889.465853,9,131.0,364.0,163.0,348.0,190.0,330.0,211.0,323.0,222.0,318.0,174.0,283.0,205.0,273.0,220.0,294.0,225.0,315.0,162.0,279.0,175.0,241.0,186.0,216.0,192.0,194.0,148.0,286.0,147.0,249.0,149.0,224.0,152.0,202.0,136.0,301.0,128.0,273.0,125.0,253.0,125.0,233.0
F,day2,1790743889.5849931,10,130.0,368.0,161.0,349.0,187.0,327.0,208.0,318.0,222.0,312.0,168.0,284.0,197.0,271.0,213.0,291.0,222.0,311.0,158.0,282.0,168.0,243.0,178.0,217.0,184.0,193.0,146.0,291.0,143.0,253.0,144.0,227.0,145.0,204.0,135.0,308.0,128.0,281.0,124.0,260.0,123.0,239.0
F,day2,1790743889.7058716,11,139.0,365.0,168.0,353.0,193.0,339.0,212.0,330.0,222.0,323.0,178.0,286.0,206.0,276.0,218.0,296.0,219.0,314.0,163.0,279.0,178.0,241.0,187.0,216.0,191.0,192.0,146.0,283.0,145.0,246.0,147.0,220.0,149.0,197.0,128.0,297.0,117.0,268.0,111.0,248.0,108.0,228.0
F,day2,1790743889.8449628,12,144.0,364.0,171.0,355.0,196.0,342.0,216.0,334.0,223.0,322.0,189.0,289.0,215.0,279.0,222.0,297.0,220.0,314.0,174.0,279.0,190.0,242.0,200.0,218.0,206.0,195.0,154.0,279.0,158.0,240.0,161.0,216.0,164.0,194.0,132.0,288.0,122.0,258.0,117.0,239.0,114.0,220.0
F,day2,1790743889.9557698,13,146.0,362.0,174.0,355.0,199.0,344.0,217.0,337.0,225.0,326.0,194.0,289.0,220.0,279.0,226.0,297.0,222.0,314.0,179.0,277.0,196.0,241.0,207.0,216.0,214.0,194.0,159.0,276.0,165.0,238.0,170.0,213.0,174.0,191.0,136.0,284.0,128.0,254.0,123.0,234.0,121.0,215.0
F,day2,1790743890.0969093,14,149.0,361.0,176.0,355.0,201.0,345.0,219.0,338.0,224.0,328.0,199.0,289.0,225.0,279.0,229.0,297.0,224.0,314.0,184.0,276.0,201.0,240.0,212.0,216.0,219.0,193.0,163.0,275.0,170.0,237.0,174.0,212.0,178.0,190.0,140.0,282.0,132.0,252.0,127.0,232.0,125.0,213.0
F,day2,1790743890.206699,15,151.0,360.0,179.0,356.0,205.0,347.0,222.0,340.0,224.0,330.0,203.0,290.0,225.0,280.0,229.0,299.0,225.0,316.0,188.0,277.0,204.0,241.0,216.0,217.0,226.0,195.0,167.0,274.0,174.0,236.0,179.0,213.0,186.0,191.0,144.0,282.0,137.0,251.0,133.0,230.0,131.0,211.0
F,day2,1790743890.3504293,16,150.0,360.0,178.0,356.0,203.0,347.0,220.0,340.0,224.0,329.0,200.0,289.0,224.0,279.0,228.0,297.0,224.0,315.0,185.0,276.0,202.0,240.0,213.0,217.0,221.0,195.0,164.0,274.0,170.0,236.0,175.0,212.0,180.0,190.0,141.0,282.0,133.0,251.0,129.0,230.0,127.0,211.0
F,day2,1790743890.4558487,17,150.0,360.0,178.0,355.0,202.0,346.0,219.0,340.0,225.0,330.0,199.0,288.0,223.0,279.0,228.0,297.0,225.0,314.0,184.0,276.0,201.0,239.0,213.0,215.0,221.0,193.0,163.0,274.0,170.0,236.0,175.0,211.0,180.0,189.0,141.0,282.0,133.0,251.0,128.0,230.0,126.0,211.0
F,day2,1790743890.5734315,18,150.0,359.0,178.0,355.0,205.0,345.0,219.0,341.0,222.0,345.0,206.0,294.0,227.0,296.0,226.0,323.0,220.0,343.0,190.0,282.0,211.0,249.0,223.0,228.0,232.0,206.0,168.0,280.0,178.0,242.0,184.0,219.0,191.0,197.0,143.0,288.0,136.0,256.0,133.0,235.0,132.0,216.0
F,day2,1790743890.717612,19,152.0,356.0,178.0,354.0,202.0,347.0,219.0,347.0,226.0,350.0,210.0,295.0,231.0,301.0,228.0,329.0,220.0,348.0,195.0,283.0,217.0,253.0,231.0,233.0,243.0,211.0,174.0,280.0,185.0,244.0,193.0,221.0,201.0,198.0,149.0,287.0,144.0,256.0,141.0,235.0,141.0,214.0
F,day2,1790743890.8219624,20,147.0,352.0,174.0,350.0,199.0,342.0,215.0,340.0,221.0,341.0,202.0,290.0,225.0,290.0,226.0,314.0,221.0,332.0,188.0,278.0,210.0,246.0,225.0,225.0,236.0,204.0,167.0,275.0,178.0,238.0,186.0,215.0,194.0,192.0,143.0,282.0,138.0,251.0,135.0,230.0,135.0,210.0
F,day2,1790743890.940057,21,146.0,351.0,172.0,347.0,196.0,339.0,213.0,337.0,220.0,335.0,196.0,286.0,220.0,283.0,224.0,306.0,220.0,323.0,182.0,275.0,204.0,242.0,218.0,220.0,228.0,198.0,161.0,274.0,171.0,236.0,178.0,211.0,185.0,189.0,138.0,282.0,132.0,250.0,129.0,230.0,128.0,209.0
F,day2,1790743891.039589,22,140.0,353.0,167.0,348.0,191.0,338.0,209.0,335.0,220.0,331.0,191.0,285.0,216.0,281.0,220.0,304.0,216.0,322.0,175.0,273.0,196.0,238.0,209.0,216.0,218.0,193.0,155.0,272.0,163.0,234.0,169.0,209.0,174.0,186.0,132.0,281.0,125.0,250.0,122.0,230.0,120.0,210.0
F,day2,1790743891.1560254,23,139.0,359.0,167.0,349.0,192.0,337.0,211.0,331.0,222.0,325.0,184.0,283.0,213.0,274.0,222.0,296.0,221.0,315.0,169.0,274.0,187.0,238.0,200.0,214.0,206.0,191.0,150.0,276.0,153.0,238.0,157.0,213.0,161.0,190.0,129.0,289.0,120.0,258.0,116.0,238.0,113.0,219.0
F,day2,1790743891.2732675,24,135.0,370.0,165.0,356.0,191.0,339.0,210.0,332.0,224.0,327.0,174.0,288.0,205.0,278.0,220.0,299.0,223.0,319.0,160.0,283.0,177.0,244.0,187.0,218.0,193.0,194.0,144.0,289.0,143.0,249.0,145.0,224.0,147.0,200.0,128.0,306.0,117.0,278.0,112.0,257.0,109.0,237.0
F,day2,1790743891.3723478,25,132.0,374.0,162.0,360.0,188.0,342.0,209.0,334.0,223.0,331.0,169.0,292.0,200.0,282.0,215.0,304.0,218.0,324.0,154.0,287.0,167.0,247.0,177.0,220.0,181.0,195.0,137.0,294.0,134.0,255.0,134.0,228.0,135.0,204.0,122.0,312.0,108.0,286.0,101.0,265.0,96.0,245.0
F,day2,1790743891.4968762,26,134.0,375.0,164.0,359.0,190.0,341.0,212.0,333.0,228.0,327.0,170.0,291.0,204.0,279.0,221.0,300.0,227.0,319.0,157.0,287.0,171.0,247.0,181.0,219.0,185.0,192.0,141.0,296.0,137.0,255.0,137.0,228.0,137.0,201.0,126.0,314.0,113.0,286.0,107.0,264.0,103.0,243.0
F,day2,1790743891.6207755,27,135.0,373.0,165.0,357.0,191.0,338.0,212.0,331.0,227.0,327.0,172.0,287.0,204.0,276.0,221.0,297.0,229.0,317.0,158.0,284.0,170.0,243.0,180.0,214.0,184.0,187.0,142.0,294.0,137.0,252.0,137.0,224.0,137.0,198.0,127.0,313.0,112.0,285.0,105.0,263.0,101.0,241.0
F,day2,1790743891.7466595,28,136.0,366.0,167.0,351.0,193.0,334.0,214.0,327.0,228.0,324.0,176.0,282.0,208.0,270.0,223.0,291.0,227.0,311.0,161.0,275.0,177.0,234.0,187.0,207.0,192.0,182.0,143.0,281.0,141.0,240.0,142.0,212.0,143.0,187.0,125.0,298.0,110.0,269.0,104.0,247.0,100.0,225.0
F,day2,1790743891.8641458,29,141.0,348.0,171.0,338.0,198.0,325.0,220.0,321.0,234.0,320.0,190.0,271.0,223.0,264.0,233.0,286.0,233.0,306.0,174.0,262.0,194.0,224.0,205.0,198.0,211.0,175.0,155.0,266.0,159.0,224.0,161.0,197.0,164.0,173.0,134.0,279.0,125.0,247.0,121.0,225.0,119.0,204.0
F,day2,1790743891.9921165,30,143.0,312.0,175.0,307.0,203.0,300.0,225.0,301.0,239.0,301.0,203.0,250.0,234.0,250.0,241.0,273.0,239.0,292.0,191.0,239.0,215.0,205.0,232.0,183.0,244.0,161.0,172.0,240.0,182.0,201.0,189.0,176.0,197.0,152.0,151.0,249.0,146.0,218.0,146.0,196.0,147.0,175.0
F,day2,1790743892.156166,31,143.0,310.0,176.0,303.0,206.0,294.0,228.0,291.0,237.0,286.0,204.0,242.0,234.0,239.0,241.0,265.0,239.0,285.0,191.0,231.0,214.0,197.0,231.0,174.0,242.0,151.0,173.0,231.0,181.0,194.0,189.0,169.0,196.0,145.0,151.0,241.0,147.0,209.0,147.0,187.0,149.0,166.0
F,day2,1790743892.2969246,32,146.0,324.0,177.0,313.0,204.0,298.0,223.0,288.0,234.0,278.0,191.0,244.0,218.0,232.0,230.0,251.0,231.0,270.0,176.0,233.0,191.0,195.0,202.0,172.0,208.0,151.0,157.0,235.0,158.0,195.0,161.0,169.0,163.0,147.0,137.0,246.0,130.0,214.0,127.0,192.0,125.0,171.0
F,day2,1790743892.432475,33,147.0,331.0,177.0,317.0,205.0,298.0,224.0,284.0,227.0,270.0,183.0,246.0,207.0,229.0,221.0,245.0,225.0,262.0,165.0,237.0,176.0,197.0,183.0,173.0,187.0,152.0,146.0,239.0,143.0,200.0,144.0,175.0,145.0,152.0,127.0,251.0,116.0,221.0,110.0,200.0,107.0,181.0
F,day2,1790743892.55741,34,151.0,341.0,179.0,324.0,205.0,299.0,223.0,279.0,221.0,264.0,174.0,252.0,196.0,230.0,211.0,244.0,217.0,260.0,156.0,244.0,162.0,204.0,166.0,178.0,167.0,155.0,137.0,248.0,131.0,210.0,127.0,186.0,125.0,164.0,120.0,261.0,108.0,231.0,100.0,211.0,94.0,192.0
F,day2,1790743892.6565335,35,155.0,349.0,182.0,329.0,206.0,302.0,222.0,280.0,220.0,263.0,169.0,255.0,190.0,232.0,207.0,243.0,215.0,258.0,150.0,249.0,151.0,207.0,154.0,179.0,154.0,154.0,132.0,254.0,120.0,217.0,116.0,193.0,112.0,171.0,117.0,269.0,100.0,241.0,92.0,221.0,85.0,203.0
F,day2,1790743892.7723217,36,160.0,357.0,186.0,335.0,208.0,305.0,222.0,282.0,221.0,263.0,168.0,261.0,185.0,235.0,203.0,244.0,213.0,258.0,149.0,256.0,147.0,216.0,148.0,190.0,146.0,166.0,132.0,263.0,118.0,228.0,112.0,203.0,106.0,181.0,117.0,277.0,99.0,251.0,89.0,231.0,80.0,213.0
F,day2,1790743892.8737414,37,163.0,364.0,190.0,341.0,211.0,309.0,224.0,284.0,222.0,266.0,169.0,267.0,186.0,240.0,203.0,248.0,213.0,262.0,149.0,262.0,145.0,222.0,145.0,196.0,143.0,172.0,132.0,269.0,117.0,234.0,110.0,210.0,105.0,187.0,119.0,284.0,101.0,258.0,90.0,239.0,81.0,221.0
F,day2,1790743892.9901035,38,157.0,367.0,185.0,344.0,207.0,313.0,222.0,291.0,221.0,272.0,168.0,269.0,186.0,244.0,204.0,253.0,214.0,268.0,149.0,264.0,146.0,223.0,147.0,196.0,145.0,171.0,132.0,271.0,118.0,235.0,112.0,209.0,106.0,186.0,118.0,286.0,101.0,258.0,91.0,238.0,84.0,219.0
F,day2,1790743893.1079519,39,143.0,358.0,170.0,329.0,189.0,300.0,206.0,282.0,214.0,265.0,153.0,259.0,172.0,235.0,193.0,245.0,208.0,260.0,138.0,257.0,134.0,215.0,134.0,185.0,133.0,158.0,126.0,266.0,110.0,228.0,102.0,200.0,97.0,176.0,117.0,281.0,101.0,252.0,93.0,230.0,88.0,210.0
F,day2,1790743893.219403,40,140.0,356.0,167.0,327.0,185.0,298.0,203.0,280.0,213.0,263.0,149.0,258.0,170.0,233.0,191.0,244.0,206.0,259.0,135.0,255.0,131.0,213.0,131.0,183.0,130.0,157.0,123.0,264.0,107.0,225.0,100.0,198.0,95.0,174.0,115.0,279.0,100.0,250.0,93.0,228.0,90.0,208.0
F,day2,1790743893.3598506,41,137.0,355.0,165.0,327.0,184.0,297.0,203.0,279.0,212.0,262.0,148.0,256.0,170.0,232.0,191.0,243.0,205.0,259.0,135.0,254.0,132.0,212.0,133.0,182.0,131.0,156.0,124.0,263.0,109.0,224.0,102.0,196.0,97.0,171.0,116.0,279.0,102.0,250.0,96.0,227.0,91.0,206.0
F,day2,1790743893.4701397,42,140.0,354.0,168.0,325.0,188.0,298.0,207.0,280.0,213.0,265.0,153.0,256.0,175.0,233.0,196.0,244.0,208.0,261.0,138.0,253.0,137.0,209.0,140.0,180.0,139.0,154.0,126.0,261.0,112.0,222.0,106.0,194.0,102.0,169.0,116.0,277.0,102.0,247.0,95.0,224.0,91.0,203.0
F,day2,1790743893.5959291,43,137.0,357.0,168.0,337.0,195.0,313.0,215.0,296.0,217.0,280.0,165.0,262.0,189.0,240.0,205.0,256.0,211.0,274.0,148.0,254.0,155.0,212.0,161.0,184.0,163.0,159.0,129.0,258.0,124.0,217.0,123.0,190.0,123.0,166.0,111.0,271.0,100.0,239.0,94.0,217.0,90.0,196.0
F,day2,1790743893.7332206,44,138.0,357.0,169.0,340.0,197.0,318.0,218.0,300.0,217.0,283.0,172.0,264.0,197.0,244.0,209.0,262.0,211.0,281.0,154.0,255.0,166.0,213.0,173.0,186.0,176.0,161.0,134.0,256.0,133.0,216.0,133.0,190.0,134.0,166.0,114.0,268.0,105.0,235.0,100.0,214.0,97.0,194.0
F,day2,1790743893.8477564,45,139.0,353.0,170.0,340.0,199.0,321.0,219.0,305.0,222.0,289.0,179.0,265.0,202.0,245.0,213.0,262.0,215.0,280.0,162.0,254.0,175.0,213.0,183.0,186.0,188.0,160.0,142.0,255.0,143.0,214.0,144.0,189.0,146.0,166.0,120.0,266.0,112.0,234.0,107.0,212.0,104.0,192.0
F,day2,1790743893.9645267,46,141.0,348.0,171.0,337.0,199.0,321.0,220.0,307.0,224.0,291.0,184.0,263.0,208.0,246.0,217.0,263.0,218.0,281.0,167.0,252.0,181.0,212.0,191.0,186.0,197.0,161.0,147.0,252.0,149.0,212.0,152.0,186.0,155.0,163.0,125.0,262.0,117.0,230.0,113.0,208.0,110.0,188.0
F,day2,1790743894.073164,47,142.0,343.0,173.0,332.0,202.0,316.0,222.0,302.0,224.0,287.0,185.0,259.0,209.0,243.0,218.0,261.0,219.0,278.0,168.0,249.0,183.0,210.0,193.0,183.0,199.0,158.0,148.0,249.0,152.0,209.0,155.0,182.0,158.0,159.0,127.0,259.0,119.0,227.0,114.0,205.0,112.0,184.0
F,day2,1790743894.1894195,48,140.0,340.0,169.0,329.0,197.0,313.0,218.0,302.0,223.0,290.0,183.0,257.0,208.0,242.0,216.0,261.0,216.0,279.0,167.0,246.0,182.0,207.0,192.0,181.0,198.0,155.0,147.0,246.0,151.0,206.0,154.0,180.0,157.0,156.0,125.0,256.0,117.0,224.0,112.0,203.0,110.0,181.0
F,day2,1790743894.3034782,49,137.0,339.0,166.0,330.0,192.0,318.0,210.0,312.0,220.0,303.0,184.0,262.0,209.0,251.0,215.0,273.0,214.0,291.0,168.0,252.0,186.0,215.0,199.0,190.0,208.0,165.0,148.0,253.0,154.0,213.0,158.0,187.0,164.0,163.0,126.0,264.0,117.0,232.0,114.0,210.0,114.0,189.0
F,day2,1790743894.4311523,50,138.0,338.0,166.0,331.0,191.0,320.0,209.0,314.0,219.0,305.0,185.0,263.0,210.0,253.0,216.0,274.0,214.0,291.0,169.0,252.0,187.0,215.0,199.0,190.0,209.0,167.0,148.0,253.0,153.0,212.0,158.0,186.0,164.0,162.0,126.0,263.0,119.0,231.0,116.0,209.0,115.0,188.0
F,day2,1790743894.5566766,51,139.0,339.0,167.0,333.0,190.0,323.0,208.0,317.0,217.0,306.0,187.0,264.0,211.0,254.0,217.0,275.0,214.0,292.0,171.0,252.0,187.0,214.0,200.0,190.0,208.0,166.0,149.0,253.0,154.0,212.0,158.0,186.0,164.0,161.0,126.0,263.0,119.0,231.0,115.0,209.0,115.0,188.0
F,day2,1790743894.6574414,52,145.0,343.0,174.0,337.0,198.0,327.0,216.0,320.0,223.0,307.0,194.0,268.0,217.0,256.0,221.0,276.0,217.0,294.0,177.0,255.0,193.0,218.0,204.0,193.0,212.0,170.0,156.0,254.0,161.0,214.0,165.0,189.0,170.0,166.0,134.0,263.0,126.0,231.0,123.0,210.0,121.0,190.0
F,day2,1790743894.783384,53,155.0,349.0,184.0,342.0,210.0,332.0,229.0,323.0,233.0,308.0,203.0,272.0,225.0,260.0,230.0,279.0,227.0,298.0,187.0,260.0,203.0,223.0,214.0,199.0,223.0,175.0,167.0,259.0,172.0,220.0,176.0,194.0,181.0,172.0,145.0,268.0,138.0,237.0,135.0,215.0,134.0,195.0
F,day2,1790743894.9174924,54,158.0,351.0,189.0,339.0,218.0,320.0,236.0,303.0,236.0,286.0,199.0,266.0,223.0,249.0,233.0,267.0,234.0,285.0,183.0,256.0,195.0,215.0,204.0,190.0,209.0,166.0,164.0,258.0,164.0,219.0,166.0,195.0,169.0,172.0,145.0,268.0,139.0,238.0,136.0,217.0,136.0,197.0
F,day2,1790743895.045743,55,159.0,353.0,190.0,338.0,217.0,315.0,235.0,297.0,236.0,279.0,194.0,264.0,216.0,245.0,229.0,260.0,233.0,277.0,177.0,255.0,186.0,216.0,192.0,190.0,196.0,166.0,160.0,258.0,156.0,221.0,157.0,196.0,158.0,174.0,142.0,269.0,135.0,239.0,131.0,218.0,130.0,198.0
G,day2,1790743993.9073753,0,71.0,303.0,100.0,270.0,146.0,253.0,184.0,243.0,207.0,225.0,172.0,258.0,226.0,272.0,257.0,282.0,282.0,289.0,172.0,286.0,204.0,310.0,185.0,309.0,165.0,301.0,163.0,315.0,187.0,330.0,171.0,330.0,154.0,324.0,152.0,339.0,169.0,347.0,154.0,347.0,140.0,342.0
G,day2,1790743994.0469227,1,69.0,303.0,99.0,269.0,145.0,252.0,182.0,241.0,204.0,223.0,170.0,257.0,224.0,271.0,255.0,280.0,280.0,287.0,170.0,285.0,202.0,308.0,184.0,308.0,164.0,299.0,162.0,314.0,184.0,328.0,169.0,328.0,152.0,322.0,151.0,338.0,167.0,345.0,153.0,345.0,139.0,340.0
G,day2,1790743994.1795666,2,68.0,304.0,95.0,270.0,141.0,250.0,178.0,239.0,199.0,221.0,169.0,257.0,222.0,269.0,253.0,278.0,276.0,285.0,170.0,284.0,197.0,308.0,179.0,308.0,160.0,300.0,162.0,313.0,180.0,328.0,165.0,328.0,149.0,322.0,151.0,336.0,164.0,344.0,150.0,344.0,137.0,340.0
G,day2,1790743994.2918067,3,63.0,307.0,89.0,270.0,135.0,251.0,172.0,240.0,193.0,221.0,164.0,258.0,216.0,269.0,247.0,278.0,271.0,284.0,165.0,286.0,192.0,307.0,175.0,307.0,156.0,301.0,158.0,315.0,176.0,326.0,162.0,327.0,146.0,322.0,147.0,338.0,160.0,342.0,147.0,342.0,134.0,339.0
G,day2,1790743994.41461,4,60.0,308.0,86.0,273.0,132.0,253.0,170.0,242.0,192.0,224.0,160.0,261.0,213.0,271.0,244.0,280.0,268.0,287.0,160.0,288.0,189.0,311.0,172.0,310.0,153.0,302.0,152.0,315.0,173.0,330.0,159.0,330.0,143.0,324.0,141.0,338.0,157.0,346.0,144.0,346.0,130.0,341.0
G,day2,1790743994.5480385,5,75.0,310.0,102.0,275.0,146.0,256.0,184.0,243.0,205.0,224.0,170.0,261.0,226.0,271.0,258.0,278.0,283.0,284.0,170.0,289.0,208.0,308.0,191.0,308.0,170.0,301.0,163.0,317.0,192.0,329.0,178.0,329.0,160.0,323.0,153.0,342.0,175.0,346.0,162.0,345.0,147.0,341.0
G,day2,1790743994.6859531,6,87.0,316.0,109.0,276.0,153.0,253.0,190.0,238.0,208.0,216.0,182.0,258.0,238.0,263.0,271.0,267.0,296.0,270.0,185.0,288.0,217.0,304.0,199.0,304.0,180.0,299.0,180.0,318.0,206.0,327.0,191.0,326.0,174.0,322.0,171.0,343.0,191.0,345.0,178.0,344.0,164.0,341.0
G,day2,1790743994.792514,7,96.0,320.0,119.0,280.0,162.0,254.0,198.0,237.0,215.0,214.0,189.0,257.0,246.0,261.0,281.0,265.0,307.0,267.0,194.0,286.0,229.0,304.0,211.0,307.0,190.0,302.0,190.0,318.0,217.0,329.0,203.0,331.0,185.0,327.0,184.0,345.0,204.0,349.0,191.0,350.0,176.0,347.0
G,day2,1790743994.892392,8,104.0,328.0,126.0,286.0,169.0,259.0,205.0,240.0,222.0,216.0,197.0,261.0,256.0,263.0,292.0,265.0,319.0,267.0,203.0,291.0,238.0,306.0,220.0,308.0,198.0,304.0,200.0,323.0,225.0,331.0,211.0,333.0,193.0,330.0,194.0,350.0,212.0,351.0,199.0,352.0,185.0,350.0
G,day2,1790743995.016114,9,104.0,328.0,126.0,285.0,169.0,257.0,205.0,237.0,222.0,212.0,200.0,261.0,257.0,261.0,291.0,262.0,317.0,262.0,206.0,291.0,239.0,306.0,221.0,309.0,199.0,305.0,203.0,323.0,227.0,331.0,212.0,333.0,194.0,330.0,197.0,350.0,213.0,351.0,200.0,352.0,185.0,349.0
G,day2,1790743995.139703,10,97.0,316.0,122.0,274.0,166.0,247.0,199.0,227.0,215.0,203.0,193.0,252.0,252.0,253.0,287.0,255.0,315.0,257.0,199.0,283.0,233.0,297.0,216.0,300.0,195.0,297.0,197.0,315.0,220.0,322.0,205.0,324.0,188.0,322.0,191.0,343.0,208.0,344.0,195.0,345.0,181.0,342.0
G,day2,1790743995.3027246,11,90.0,314.0,115.0,274.0,159.0,249.0,195.0,231.0,211.0,208.0,184.0,255.0,242.0,258.0,276.0,262.0,303.0,265.0,189.0,286.0,226.0,299.0,209.0,299.0,190.0,296.0,186.0,316.0,213.0,324.0,199.0,323.0,181.0,320.0,180.0,343.0,200.0,344.0,188.0,343.0,173.0,340.0
G,day2,1790743995.4131727,12,82.0,313.0,107.0,273.0,152.0,250.0,188.0,233.0,204.0,211.0,179.0,255.0,234.0,261.0,266.0,267.0,292.0,271.0,182.0,286.0,217.0,300.0,200.0,299.0,180.0,294.0,176.0,316.0,206.0,325.0,191.0,323.0,173.0,319.0,168.0,342.0,190.0,345.0,178.0,343.0,163.0,340.0
G,day2,1790743995.542165,13,74.0,315.0,98.0,276.0,143.0,253.0,180.0,237.0,197.0,215.0,170.0,259.0,225.0,268.0,257.0,275.0,282.0,281.0,171.0,289.0,209.0,307.0,193.0,307.0,173.0,302.0,166.0,319.0,195.0,330.0,181.0,330.0,164.0,325.0,157.0,344.0,179.0,348.0,167.0,347.0,153.0,343.0
G,day2,1790743995.668127,14,73.0,318.0,98.0,278.0,144.0,256.0,182.0,241.0,200.0,219.0,168.0,264.0,225.0,273.0,260.0,281.0,286.0,287.0,168.0,296.0,212.0,311.0,196.0,309.0,175.0,304.0,162.0,328.0,200.0,336.0,187.0,334.0,169.0,331.0,153.0,354.0,186.0,356.0,174.0,353.0,158.0,350.0
G,day2,1790743995.7985454,15,77.0,324.0,103.0,284.0,150.0,259.0,190.0,244.0,211.0,222.0,171.0,267.0,233.0,276.0,270.0,284.0,299.0,291.0,171.0,298.0,216.0,316.0,201.0,319.0,180.0,313.0,167.0,329.0,206.0,341.0,194.0,342.0,175.0,337.0,161.0,355.0,195.0,360.0,184.0,360.0,168.0,356.0
G,day2,1790743995.931966,16,88.0,326.0,115.0,282.0,164.0,257.0,204.0,242.0,225.0,220.0,190.0,270.0,252.0,278.0,288.0,285.0,315.0,291.0,191.0,304.0,233.0,315.0,216.0,313.0,194.0,310.0,185.0,337.0,220.0,339.0,205.0,337.0,186.0,334.0,176.0,363.0,204.0,358.0,192.0,356.0,177.0,354.0
G,day2,1790743996.062396,17,96.0,320.0,123.0,275.0,172.0,250.0,214.0,235.0,236.0,212.0,205.0,262.0,269.0,271.0,307.0,277.0,336.0,282.0,207.0,297.0,244.0,311.0,224.0,309.0,201.0,305.0,199.0,331.0,228.0,335.0,212.0,334.0,192.0,331.0,189.0,359.0,211.0,355.0,196.0,353.0,179.0,351.0
G,day2,1790743996.1857908,18,92.0,315.0,121.0,272.0,172.0,247.0,213.0,232.0,236.0,209.0,203.0,258.0,268.0,268.0,306.0,275.0,335.0,281.0,205.0,292.0,241.0,310.0,221.0,310.0,199.0,305.0,197.0,326.0,226.0,336.0,209.0,336.0,190.0,331.0,186.0,355.0,207.0,356.0,193.0,354.0,177.0,350.0
G,day2,1790743996.3150527,19,85.0,312.0,114.0,269.0,165.0,246.0,207.0,232.0,231.0,209.0,197.0,258.0,262.0,269.0,299.0,276.0,327.0,281.0,198.0,293.0,235.0,309.0,215.0,307.0,193.0,301.0,189.0,326.0,219.0,334.0,204.0,333.0,184.0,329.0,179.0,354.0,204.0,354.0,190.0,352.0,174.0,348.0
G,day2,1790743996.44427,20,60.0,310.0,93.0,268.0,144.0,246.0,185.0,231.0,206.0,208.0,174.0,256.0,236.0,267.0,271.0,276.0,298.0,283.0,175.0,290.0,212.0,308.0,194.0,306.0,173.0,300.0,167.0,323.0,198.0,333.0,183.0,331.0,164.0,326.0,156.0,350.0,185.0,354.0,173.0,352.0,157.0,347.0
G,day2,1790743996.5575366,21,55.0,311.0,85.0,269.0,137.0,246.0,177.0,231.0,198.0,209.0,165.0,252.0,224.0,264.0,259.0,273.0,286.0,280.0,166.0,284.0,203.0,307.0,185.0,308.0,164.0,300.0,159.0,316.0,188.0,331.0,173.0,331.0,155.0,325.0,148.0,343.0,172.0,351.0,159.0,350.0,144.0,345.0
G,day2,1790743996.6984997,22,61.0,302.0,90.0,264.0,138.0,243.0,177.0,229.0,198.0,207.0,163.0,249.0,221.0,260.0,255.0,269.0,282.0,277.0,163.0,278.0,201.0,303.0,182.0,301.0,162.0,293.0,156.0,308.0,184.0,325.0,168.0,323.0,151.0,317.0,145.0,334.0,167.0,342.0,153.0,341.0,139.0,336.0
G,day2,1790743996.835301,23,68.0,301.0,95.0,263.0,142.0,241.0,180.0,228.0,203.0,207.0,171.0,247.0,225.0,257.0,257.0,266.0,282.0,273.0,170.0,275.0,205.0,300.0,186.0,299.0,167.0,291.0,162.0,304.0,187.0,319.0,171.0,319.0,155.0,313.0,150.0,328.0,168.0,335.0,154.0,335.0,141.0,330.0
G,day2,1790743996.969459,24,81.0,291.0,107.0,256.0,152.0,237.0,188.0,225.0,208.0,204.0,177.0,239.0,229.0,249.0,259.0,257.0,283.0,262.0,177.0,265.0,210.0,288.0,193.0,288.0,176.0,281.0,170.0,292.0,198.0,306.0,184.0,306.0,169.0,300.0,161.0,316.0,183.0,320.0,172.0,319.0,158.0,316.0
G,day2,1790743997.0723095,25,90.0,288.0,114.0,257.0,157.0,237.0,192.0,224.0,211.0,205.0,181.0,240.0,233.0,249.0,262.0,258.0,285.0,264.0,183.0,265.0,211.0,290.0,194.0,291.0,177.0,283.0,177.0,292.0,198.0,308.0,184.0,309.0,169.0,303.0,169.0,314.0,184.0,322.0,171.0,322.0,158.0,318.0
G,day2,1790743997.1753325,26,94.0,293.0,118.0,260.0,160.0,241.0,195.0,228.0,215.0,209.0,185.0,244.0,236.0,252.0,265.0,260.0,289.0,265.0,186.0,268.0,217.0,294.0,200.0,296.0,182.0,289.0,180.0,294.0,202.0,312.0,189.0,313.0,173.0,307.0,171.0,317.0,187.0,326.0,174.0,326.0,161.0,322.0
G,day2,1790743997.2749324,27,102.0,294.0,128.0,263.0,171.0,245.0,207.0,232.0,226.0,212.0,193.0,246.0,245.0,255.0,276.0,263.0,300.0,269.0,194.0,271.0,225.0,296.0,209.0,299.0,192.0,292.0,189.0,297.0,213.0,315.0,200.0,316.0,185.0,310.0,182.0,320.0,200.0,330.0,187.0,331.0,174.0,326.0
G,day2,1790743997.3909657,28,117.0,299.0,141.0,266.0,184.0,246.0,220.0,234.0,240.0,215.0,211.0,250.0,262.0,258.0,293.0,266.0,317.0,272.0,213.0,275.0,240.0,299.0,223.0,301.0,205.0,294.0,207.0,302.0,226.0,318.0,212.0,319.0,197.0,313.0,199.0,325.0,215.0,334.0,201.0,335.0,188.0,330.0
G,day2,1790743997.4924674,29,131.0,300.0,156.0,266.0,199.0,246.0,234.0,233.0,255.0,214.0,230.0,253.0,281.0,260.0,311.0,267.0,334.0,272.0,233.0,279.0,252.0,302.0,234.0,304.0,219.0,297.0,226.0,306.0,237.0,321.0,223.0,322.0,209.0,316.0,217.0,331.0,227.0,338.0,213.0,338.0,201.0,334.0
G,day2,1790743997.6326199,30,145.0,302.0,172.0,268.0,216.0,249.0,252.0,236.0,272.0,217.0,244.0,254.0,297.0,262.0,328.0,270.0,352.0,276.0,247.0,280.0,267.0,303.0,250.0,304.0,234.0,297.0,241.0,308.0,252.0,322.0,238.0,323.0,224.0,318.0,232.0,332.0,241.0,340.0,228.0,340.0,217.0,335.0
G,day2,1790743997.7257144,31,160.0,307.0,185.0,272.0,229.0,252.0,267.0,240.0,290.0,222.0,260.0,257.0,313.0,265.0,344.0,274.0,368.0,281.0,263.0,283.0,286.0,305.0,269.0,307.0,252.0,300.0,258.0,310.0,273.0,323.0,259.0,325.0,245.0,321.0,250.0,334.0,262.0,339.0,250.0,340.0,237.0,337.0
G,day2,1790743997.8662488,32,181.0,311.0,206.0,273.0,250.0,252.0,286.0,238.0,308.0,221.0,283.0,259.0,336.0,267.0,367.0,275.0,391.0,281.0,287.0,285.0,309.0,305.0,291.0,306.0,274.0,301.0,283.0,313.0,299.0,323.0,285.0,325.0,270.0,321.0,276.0,336.0,295.0,341.0,284.0,343.0,271.0,341.0
G,day2,1790743997.997064,33,188.0,310.0,214.0,274.0,258.0,253.0,294.0,240.0,317.0,223.0,291.0,260.0,343.0,268.0,375.0,277.0,399.0,284.0,295.0,286.0,313.0,305.0,296.0,306.0,279.0,301.0,290.0,314.0,303.0,325.0,289.0,326.0,273.0,322.0,283.0,338.0,297.0,344.0,285.0,346.0,272.0,343.0
G,day2,1790743998.1125534,34,195.0,312.0,222.0,275.0,266.0,255.0,301.0,241.0,325.0,225.0,298.0,259.0,349.0,269.0,380.0,278.0,405.0,284.0,303.0,286.0,319.0,304.0,302.0,305.0,285.0,300.0,299.0,314.0,310.0,325.0,296.0,327.0,281.0,323.0,292.0,339.0,304.0,345.0,292.0,347.0,279.0,345.0
G,day2,1790743998.234085,35,198.0,314.0,224.0,277.0,268.0,256.0,304.0,243.0,328.0,227.0,302.0,262.0,353.0,270.0,385.0,278.0,409.0,284.0,307.0,287.0,321.0,305.0,303.0,305.0,287.0,300.0,303.0,314.0,312.0,326.0,297.0,327.0,282.0,324.0,296.0,338.0,306.0,345.0,293.0,347.0,280.0,345.0
G,day2,1790743998.344778,36,174.0,313.0,201.0,275.0,246.0,256.0,284.0,243.0,306.0,223.0,279.0,260.0,331.0,267.0,361.0,276.0,384.0,283.0,283.0,287.0,302.0,309.0,286.0,309.0,272.0,303.0,278.0,315.0,286.0,326.0,273.0,327.0,261.0,323.0,270.0,339.0,277.0,343.0,265.0,344.0,253.0,341.0
G,day2,1790743998.4846964,37,164.0,310.0,191.0,273.0,236.0,253.0,272.0,240.0,294.0,224.0,267.0,257.0,320.0,265.0,350.0,275.0,373.0,283.0,272.0,281.0,286.0,302.0,270.0,303.0,257.0,297.0,267.0,309.0,274.0,320.0,261.0,321.0,249.0,317.0,259.0,334.0,265.0,337.0,253.0,338.0,241.0,335.0
G,day2,1790743998.6179,38,155.0,307.0,179.0,270.0,224.0,250.0,260.0,237.0,282.0,218.0,257.0,256.0,308.0,264.0,338.0,270.0,360.0,275.0,261.0,280.0,275.0,303.0,257.0,304.0,243.0,298.0,255.0,307.0,262.0,321.0,248.0,322.0,235.0,318.0,246.0,330.0,251.0,337.0,238.0,338.0,226.0,334.0
G,day2,1790743998.7081182,39,149.0,307.0,174.0,272.0,216.0,252.0,251.0,238.0,273.0,219.0,251.0,258.0,301.0,266.0,330.0,272.0,353.0,277.0,254.0,283.0,269.0,306.0,252.0,307.0,237.0,301.0,248.0,310.0,255.0,324.0,241.0,325.0,227.0,321.0,239.0,333.0,245.0,340.0,232.0,340.0,220.0,336.0
G,day2,1790743998.807772,40,147.0,311.0,169.0,275.0,212.0,254.0,248.0,241.0,270.0,222.0,247.0,259.0,299.0,268.0,328.0,275.0,350.0,281.0,251.0,283.0,267.0,309.0,248.0,310.0,233.0,303.0,244.0,311.0,251.0,328.0,236.0,329.0,223.0,323.0,234.0,334.0,240.0,343.0,226.0,344.0,213.0,339.0
G,day2,1790743998.9382849,41,149.0,306.0,172.0,272.0,213.0,252.0,247.0,239.0,268.0,222.0,245.0,257.0,297.0,265.0,325.0,272.0,347.0,277.0,248.0,280.0,267.0,306.0,249.0,309.0,234.0,302.0,241.0,307.0,252.0,326.0,238.0,327.0,224.0,321.0,232.0,330.0,241.0,341.0,227.0,342.0,215.0,337.0
G,day2,1790743999.068932,42,157.0,283.0,183.0,251.0,226.0,234.0,259.0,222.0,278.0,204.0,254.0,238.0,301.0,244.0,329.0,251.0,351.0,257.0,256.0,261.0,273.0,284.0,257.0,286.0,244.0,280.0,250.0,287.0,260.0,302.0,247.0,302.0,235.0,296.0,241.0,308.0,248.0,317.0,236.0,316.0,225.0,312.0
G,day2,1790743999.2003062,43,163.0,276.0,185.0,242.0,226.0,224.0,259.0,212.0,278.0,195.0,257.0,228.0,303.0,235.0,331.0,241.0,353.0,246.0,260.0,252.0,277.0,274.0,261.0,275.0,246.0,269.0,254.0,277.0,264.0,292.0,251.0,291.0,238.0,286.0,245.0,298.0,252.0,306.0,239.0,306.0,228.0,302.0
G,day2,1790743999.3148532,44,163.0,263.0,188.0,232.0,228.0,215.0,261.0,204.0,279.0,185.0,256.0,217.0,304.0,225.0,333.0,232.0,356.0,237.0,259.0,239.0,278.0,266.0,262.0,268.0,248.0,261.0,253.0,264.0,265.0,284.0,251.0,284.0,239.0,277.0,243.0,286.0,251.0,298.0,238.0,298.0,227.0,292.0
G,day2,1790743999.4241807,45,157.0,269.0,179.0,236.0,219.0,217.0,252.0,204.0,271.0,185.0,250.0,219.0,299.0,224.0,328.0,231.0,352.0,236.0,254.0,242.0,274.0,267.0,257.0,269.0,242.0,262.0,248.0,268.0,261.0,285.0,246.0,286.0,233.0,280.0,239.0,290.0,249.0,300.0,235.0,300.0,223.0,296.0
G,day2,1790743999.5231721,46,147.0,288.0,169.0,253.0,211.0,233.0,245.0,219.0,264.0,199.0,241.0,236.0,291.0,240.0,321.0,245.0,344.0,249.0,246.0,259.0,266.0,283.0,249.0,286.0,235.0,281.0,241.0,286.0,255.0,302.0,241.0,303.0,227.0,299.0,232.0,308.0,242.0,317.0,229.0,318.0,217.0,314.0
G,day2,1790743999.6677303,47,142.0,302.0,165.0,265.0,207.0,243.0,240.0,229.0,258.0,210.0,240.0,249.0,288.0,253.0,316.0,258.0,338.0,261.0,243.0,275.0,261.0,294.0,244.0,295.0,230.0,291.0,236.0,303.0,248.0,313.0,234.0,314.0,221.0,310.0,227.0,326.0,237.0,331.0,225.0,331.0,213.0,328.0
G,day2,1790743999.8063276,48,133.0,310.0,156.0,275.0,198.0,253.0,231.0,238.0,250.0,220.0,229.0,260.0,281.0,265.0,310.0,271.0,333.0,274.0,232.0,285.0,253.0,308.0,236.0,311.0,220.0,304.0,226.0,313.0,239.0,328.0,225.0,330.0,211.0,325.0,217.0,337.0,228.0,344.0,215.0,345.0,203.0,341.0
G,day2,1790743999.9192598,49,131.0,310.0,155.0,275.0,196.0,253.0,230.0,239.0,249.0,220.0,226.0,259.0,277.0,266.0,306.0,272.0,329.0,276.0,230.0,286.0,251.0,307.0,234.0,309.0,217.0,303.0,224.0,314.0,237.0,327.0,224.0,329.0,209.0,324.0,216.0,339.0,228.0,344.0,215.0,345.0,202.0,341.0
G,day2,1790744000.0499778,50,111.0,312.0,136.0,275.0,178.0,255.0,212.0,240.0,231.0,220.0,203.0,261.0,256.0,265.0,286.0,270.0,309.0,274.0,207.0,289.0,232.0,303.0,216.0,304.0,200.0,301.0,203.0,318.0,218.0,324.0,206.0,325.0,191.0,322.0,196.0,342.0,208.0,344.0,197.0,344.0,185.0,341.0
G,day2,1790744000.182621,51,94.0,313.0,116.0,276.0,158.0,255.0,192.0,241.0,209.0,222.0,187.0,260.0,239.0,266.0,269.0,272.0,293.0,276.0,191.0,286.0,215.0,306.0,198.0,308.0,182.0,303.0,185.0,314.0,202.0,326.0,188.0,327.0,173.0,323.0,177.0,338.0,190.0,345.0,178.0,345.0,165.0,341.0
G,day2,1790744000.3176134,52,83.0,310.0,108.0,275.0,151.0,253.0,185.0,239.0,202.0,219.0,175.0,255.0,227.0,263.0,258.0,269.0,281.0,273.0,178.0,281.0,210.0,303.0,193.0,306.0,175.0,299.0,173.0,309.0,196.0,324.0,182.0,325.0,166.0,320.0,165.0,334.0,181.0,342.0,168.0,342.0,155.0,338.0
G,day2,1790744000.4316099,53,83.0,306.0,108.0,272.0,151.0,251.0,187.0,236.0,205.0,215.0,174.0,252.0,226.0,260.0,257.0,267.0,281.0,273.0,175.0,277.0,210.0,300.0,193.0,303.0,174.0,297.0,170.0,305.0,197.0,321.0,183.0,323.0,166.0,317.0,162.0,329.0,182.0,337.0,168.0,338.0,154.0,334.0
G,day2,1790744002.2170367,54,124.0,327.0,145.0,285.0,188.0,258.0,222.0,238.0,239.0,214.0,217.0,257.0,271.0,257.0,304.0,260.0,329.0,262.0,224.0,286.0,251.0,301.0,233.0,305.0,213.0,303.0,223.0,317.0,239.0,324.0,225.0,327.0,208.0,326.0,218.0,344.0,230.0,345.0,216.0,347.0,202.0,346.0
G,day2,1790744004.9933567,55,128.0,324.0,152.0,287.0,195.0,264.0,230.0,248.0,251.0,227.0,228.0,267.0,281.0,274.0,311.0,280.0,333.0,285.0,232.0,294.0,252.0,321.0,235.0,325.0,219.0,319.0,225.0,323.0,237.0,341.0,223.0,343.0,209.0,338.0,216.0,348.0,223.0,358.0,210.0,359.0,198.0,355.0
H,day2,1790744080.902491,0,122.0,280.0,154.0,244.0,197.0,236.0,230.0,256.0,249.0,280.0,222.0,226.0,281.0,239.0,313.0,245.0,338.0,250.0,224.0,252.0,289.0,262.0,324.0,268.0,351.0,273.0,219.0,282.0,259.0,301.0,241.0,298.0,221.0,290.0,209.0,308.0,232.0,316.0,217.0,312.0,203.0,307.0
H,day2,1790744081.0347798,1,123.0,280.0,154.0,244.0,196.0,236.0,228.0,256.0,246.0,280.0,221.0,226.0,281.0,238.0,313.0,245.0,338.0,250.0,224.0,252.0,289.0,263.0,325.0,268.0,351.0,273.0,219.0,281.0,258.0,301.0,241.0,297.0,222.0,290.0,209.0,307.0,231.0,315.0,218.0,311.0,204.0,306.0
H,day2,1790744081.1652226,2,120.0,285.0,153.0,250.0,197.0,243.0,230.0,263.0,250.0,286.0,222.0,230.0,281.0,243.0,313.0,251.0,338.0,256.0,225.0,256.0,288.0,267.0,324.0,274.0,350.0,279.0,219.0,285.0,255.0,309.0,236.0,305.0,217.0,297.0,209.0,313.0,226.0,325.0,212.0,321.0,199.0,315.0
H,day2,1790744081.2859206,3,121.0,287.0,154.0,251.0,198.0,245.0,231.0,268.0,249.0,294.0,222.0,232.0,281.0,245.0,314.0,252.0,339.0,257.0,226.0,257.0,290.0,269.0,325.0,275.0,353.0,280.0,220.0,286.0,256.0,310.0,236.0,307.0,216.0,299.0,209.0,314.0,226.0,326.0,211.0,323.0,198.0,317.0
H,day2,1790744081.4016407,4,120.0,288.0,153.0,251.0,196.0,242.0,228.0,262.0,246.0,287.0,221.0,231.0,282.0,245.0,315.0,252.0,340.0,257.0,225.0,258.0,291.0,269.0,327.0,275.0,355.0,280.0,220.0,288.0,258.0,309.0,239.0,306.0,219.0,298.0,210.0,315.0,229.0,325.0,215.0,322.0,201.0,317.0
H,day2,1790744081.5285516,5,128.0,289.0,160.0,252.0,207.0,245.0,241.0,269.0,259.0,296.0,228.0,232.0,288.0,244.0,323.0,251.0,350.0,257.0,230.0,260.0,297.0,270.0,335.0,277.0,364.0,281.0,226.0,291.0,269.0,311.0,250.0,306.0,229.0,298.0,217.0,319.0,243.0,329.0,229.0,324.0,215.0,318.0
H,day2,1790744081.6655416,6,139.0,296.0,173.0,259.0,217.0,250.0,252.0,266.0,272.0,287.0,244.0,241.0,303.0,254.0,336.0,262.0,362.0,269.0,246.0,268.0,310.0,279.0,346.0,286.0,373.0,291.0,241.0,299.0,277.0,321.0,258.0,319.0,239.0,311.0,230.0,328.0,251.0,338.0,237.0,335.0,222.0,330.0
H,day2,1790744081.801519,7,145.0,301.0,178.0,264.0,222.0,253.0,257.0,265.0,278.0,283.0,249.0,247.0,309.0,260.0,342.0,268.0,367.0,276.0,251.0,274.0,316.0,285.0,353.0,293.0,380.0,300.0,245.0,303.0,282.0,321.0,266.0,318.0,247.0,311.0,234.0,331.0,257.0,338.0,245.0,334.0,232.0,330.0
H,day2,1790744081.9189155,8,149.0,305.0,182.0,266.0,228.0,256.0,265.0,271.0,288.0,290.0,250.0,249.0,312.0,261.0,346.0,270.0,371.0,277.0,253.0,276.0,320.0,289.0,359.0,298.0,387.0,304.0,250.0,306.0,290.0,326.0,274.0,323.0,255.0,316.0,243.0,333.0,269.0,341.0,259.0,337.0,245.0,331.0
H,day2,1790744082.0507534,9,154.0,307.0,188.0,268.0,234.0,256.0,274.0,268.0,299.0,284.0,255.0,250.0,317.0,262.0,352.0,271.0,377.0,278.0,260.0,279.0,325.0,291.0,365.0,299.0,393.0,306.0,257.0,310.0,298.0,325.0,281.0,322.0,261.0,317.0,250.0,339.0,278.0,344.0,268.0,340.0,254.0,336.0
H,day2,1790744082.1553116,10,164.0,306.0,197.0,266.0,242.0,250.0,283.0,256.0,310.0,265.0,269.0,252.0,328.0,263.0,361.0,272.0,386.0,279.0,272.0,281.0,333.0,293.0,371.0,301.0,399.0,308.0,268.0,311.0,305.0,323.0,290.0,321.0,270.0,317.0,260.0,338.0,287.0,341.0,277.0,338.0,263.0,335.0
H,day2,1790744082.2746997,11,162.0,306.0,195.0,266.0,238.0,252.0,271.0,267.0,291.0,287.0,267.0,252.0,327.0,264.0,359.0,273.0,384.0,280.0,272.0,280.0,332.0,294.0,369.0,303.0,395.0,310.0,268.0,311.0,302.0,325.0,286.0,323.0,266.0,318.0,258.0,338.0,283.0,342.0,273.0,339.0,259.0,336.0
H,day2,1790744082.376029,12,154.0,310.0,189.0,270.0,232.0,259.0,263.0,279.0,280.0,304.0,259.0,254.0,317.0,266.0,349.0,275.0,374.0,281.0,263.0,282.0,322.0,294.0,359.0,303.0,385.0,309.0,259.0,311.0,291.0,326.0,275.0,322.0,256.0,316.0,249.0,338.0,272.0,341.0,262.0,336.0,247.0,332.0
H,day2,1790744082.5125015,13,148.0,308.0,181.0,268.0,224.0,258.0,254.0,279.0,268.0,306.0,251.0,252.0,308.0,266.0,341.0,274.0,366.0,281.0,254.0,280.0,315.0,291.0,351.0,299.0,378.0,306.0,249.0,309.0,280.0,324.0,263.0,319.0,244.0,313.0,239.0,336.0,258.0,339.0,246.0,335.0,232.0,331.0
H,day2,1790744082.6297953,14,140.0,293.0,174.0,258.0,216.0,253.0,244.0,276.0,256.0,303.0,242.0,244.0,298.0,258.0,330.0,266.0,353.0,273.0,245.0,272.0,303.0,282.0,339.0,288.0,364.0,295.0,239.0,301.0,270.0,317.0,253.0,313.0,234.0,306.0,228.0,327.0,243.0,332.0,232.0,327.0,220.0,322.0
H,day2,1790744082.7500255,15,127.0,287.0,160.0,252.0,201.0,243.0,230.0,262.0,243.0,286.0,224.0,236.0,279.0,248.0,309.0,254.0,333.0,259.0,228.0,262.0,287.0,274.0,322.0,280.0,348.0,286.0,223.0,290.0,254.0,308.0,237.0,303.0,218.0,297.0,213.0,315.0,226.0,323.0,214.0,318.0,203.0,313.0
H,day2,1790744082.882125,16,106.0,278.0,138.0,244.0,178.0,237.0,208.0,258.0,223.0,282.0,197.0,227.0,252.0,241.0,284.0,249.0,308.0,255.0,197.0,255.0,257.0,266.0,291.0,272.0,316.0,276.0,192.0,285.0,228.0,297.0,212.0,292.0,193.0,285.0,182.0,310.0,202.0,311.0,191.0,306.0,178.0,303.0
H,day2,1790744082.9981685,17,99.0,277.0,129.0,244.0,169.0,239.0,199.0,261.0,214.0,285.0,188.0,227.0,242.0,239.0,272.0,245.0,296.0,248.0,189.0,253.0,248.0,262.0,282.0,267.0,308.0,272.0,184.0,281.0,221.0,295.0,203.0,291.0,184.0,285.0,174.0,306.0,193.0,308.0,182.0,304.0,169.0,300.0
H,day2,1790744083.1172976,18,95.0,279.0,126.0,247.0,165.0,242.0,193.0,263.0,208.0,286.0,184.0,230.0,238.0,241.0,270.0,247.0,294.0,251.0,187.0,255.0,246.0,264.0,280.0,270.0,306.0,275.0,182.0,282.0,221.0,300.0,205.0,297.0,187.0,291.0,173.0,307.0,193.0,313.0,182.0,309.0,170.0,305.0
H,day2,1790744083.23549,19,97.0,284.0,128.0,251.0,171.0,249.0,201.0,273.0,218.0,298.0,187.0,232.0,245.0,245.0,279.0,253.0,304.0,258.0,189.0,258.0,252.0,269.0,287.0,276.0,313.0,281.0,185.0,287.0,224.0,303.0,208.0,299.0,190.0,292.0,177.0,311.0,201.0,315.0,188.0,311.0,175.0,307.0
H,day2,1790744083.3542778,20,115.0,294.0,147.0,257.0,191.0,250.0,226.0,270.0,246.0,294.0,206.0,235.0,268.0,248.0,304.0,256.0,332.0,262.0,211.0,263.0,280.0,273.0,320.0,280.0,349.0,284.0,211.0,293.0,255.0,313.0,236.0,311.0,215.0,303.0,205.0,322.0,232.0,332.0,217.0,329.0,202.0,324.0
H,day2,1790744083.4661546,21,134.0,294.0,167.0,258.0,212.0,249.0,244.0,270.0,261.0,297.0,234.0,240.0,296.0,253.0,331.0,262.0,357.0,269.0,238.0,268.0,305.0,280.0,343.0,287.0,371.0,294.0,235.0,299.0,272.0,321.0,254.0,318.0,234.0,311.0,227.0,327.0,247.0,338.0,233.0,334.0,219.0,329.0
H,day2,1790744083.5924351,22,145.0,302.0,177.0,262.0,223.0,251.0,259.0,270.0,279.0,295.0,246.0,242.0,311.0,256.0,346.0,266.0,372.0,275.0,251.0,272.0,320.0,284.0,360.0,292.0,389.0,299.0,249.0,304.0,291.0,324.0,274.0,321.0,253.0,313.0,242.0,332.0,263.0,341.0,251.0,335.0,237.0,329.0
H,day2,1790744083.7051713,23,150.0,309.0,182.0,263.0,230.0,248.0,271.0,262.0,298.0,279.0,252.0,243.0,321.0,257.0,358.0,266.0,385.0,275.0,257.0,276.0,328.0,289.0,371.0,297.0,400.0,304.0,256.0,310.0,307.0,322.0,293.0,319.0,272.0,314.0,251.0,340.0,287.0,341.0,281.0,337.0,268.0,334.0
H,day2,1790744083.8154964,24,150.0,309.0,184.0,263.0,235.0,249.0,277.0,268.0,304.0,288.0,256.0,245.0,326.0,259.0,366.0,268.0,396.0,277.0,262.0,280.0,335.0,293.0,380.0,301.0,412.0,308.0,260.0,316.0,314.0,328.0,296.0,322.0,272.0,316.0,254.0,347.0,284.0,345.0,273.0,338.0,259.0,334.0
H,day2,1790744083.9356103,25,155.0,312.0,187.0,261.0,238.0,242.0,283.0,255.0,311.0,273.0,268.0,248.0,336.0,262.0,376.0,270.0,405.0,278.0,271.0,284.0,343.0,295.0,390.0,301.0,423.0,309.0,267.0,319.0,313.0,327.0,296.0,317.0,272.0,309.0,259.0,348.0,281.0,341.0,270.0,331.0,255.0,326.0
H,day2,1790744084.0611625,26,145.0,313.0,181.0,261.0,235.0,241.0,282.0,253.0,311.0,272.0,265.0,249.0,337.0,264.0,379.0,273.0,410.0,281.0,268.0,286.0,346.0,299.0,394.0,308.0,427.0,317.0,262.0,323.0,310.0,340.0,294.0,336.0,269.0,329.0,250.0,355.0,272.0,359.0,262.0,353.0,247.0,348.0
H,day2,1790744084.185289,27,141.0,324.0,177.0,270.0,232.0,252.0,280.0,267.0,309.0,290.0,262.0,251.0,336.0,267.0,378.0,276.0,410.0,285.0,268.0,285.0,346.0,302.0,393.0,312.0,424.0,320.0,265.0,322.0,312.0,348.0,296.0,346.0,272.0,340.0,256.0,354.0,273.0,366.0,262.0,363.0,248.0,358.0
H,day2,1790744084.2992172,28,140.0,320.0,182.0,269.0,236.0,250.0,281.0,260.0,309.0,277.0,267.0,257.0,337.0,271.0,376.0,280.0,405.0,288.0,271.0,292.0,344.0,307.0,390.0,316.0,419.0,325.0,265.0,327.0,306.0,346.0,290.0,342.0,267.0,337.0,253.0,358.0,269.0,365.0,258.0,359.0,243.0,355.0
H,day2,1790744084.4292839,29,137.0,316.0,178.0,267.0,230.0,250.0,274.0,262.0,302.0,279.0,259.0,256.0,329.0,271.0,367.0,280.0,394.0,289.0,263.0,290.0,337.0,308.0,379.0,318.0,405.0,326.0,257.0,324.0,298.0,344.0,285.0,344.0,265.0,341.0,244.0,353.0,262.0,361.0,253.0,358.0,239.0,354.0
H,day2,1790744084.542235,30,134.0,313.0,174.0,267.0,223.0,254.0,258.0,274.0,279.0,299.0,253.0,253.0,318.0,268.0,354.0,278.0,381.0,286.0,256.0,286.0,324.0,301.0,365.0,311.0,394.0,318.0,250.0,320.0,283.0,332.0,266.0,325.0,246.0,317.0,238.0,349.0,255.0,347.0,243.0,342.0,229.0,340.0
H,day2,1790744084.6638432,31,123.0,296.0,164.0,260.0,210.0,254.0,239.0,277.0,251.0,304.0,235.0,245.0,293.0,261.0,325.0,269.0,349.0,274.0,237.0,274.0,298.0,288.0,334.0,295.0,361.0,299.0,231.0,305.0,264.0,326.0,245.0,323.0,225.0,315.0,219.0,334.0,237.0,342.0,225.0,337.0,210.0,332.0
H,day2,1790744084.7758439,32,118.0,293.0,153.0,257.0,196.0,248.0,227.0,268.0,243.0,294.0,220.0,239.0,280.0,254.0,313.0,261.0,338.0,266.0,223.0,266.0,286.0,279.0,322.0,286.0,349.0,290.0,219.0,295.0,252.0,313.0,234.0,310.0,214.0,303.0,210.0,322.0,229.0,331.0,216.0,326.0,202.0,321.0
H,day2,1790744084.877266,33,117.0,286.0,151.0,252.0,193.0,246.0,222.0,268.0,238.0,294.0,214.0,234.0,272.0,249.0,304.0,256.0,328.0,261.0,216.0,261.0,276.0,274.0,310.0,281.0,334.0,286.0,211.0,289.0,243.0,307.0,225.0,305.0,207.0,299.0,200.0,314.0,215.0,322.0,203.0,319.0,192.0,314.0
H,day2,1790744084.9773042,34,119.0,275.0,154.0,242.0,194.0,238.0,219.0,260.0,231.0,285.0,214.0,232.0,268.0,246.0,298.0,253.0,322.0,258.0,215.0,259.0,272.0,271.0,305.0,277.0,329.0,283.0,207.0,287.0,241.0,301.0,225.0,294.0,208.0,287.0,195.0,311.0,208.0,312.0,197.0,307.0,187.0,304.0
H,day2,1790744085.0946221,35,121.0,272.0,153.0,239.0,192.0,231.0,219.0,249.0,231.0,273.0,216.0,226.0,268.0,240.0,297.0,247.0,319.0,252.0,217.0,252.0,273.0,263.0,304.0,271.0,326.0,277.0,210.0,279.0,243.0,296.0,227.0,291.0,209.0,283.0,198.0,303.0,213.0,308.0,202.0,302.0,190.0,298.0
H,day2,1790744085.2296064,36,121.0,272.0,157.0,242.0,197.0,239.0,222.0,260.0,234.0,284.0,217.0,232.0,268.0,246.0,297.0,254.0,319.0,258.0,218.0,256.0,273.0,270.0,302.0,277.0,324.0,282.0,211.0,283.0,242.0,301.0,224.0,295.0,207.0,286.0,199.0,307.0,213.0,313.0,200.0,308.0,189.0,304.0
H,day2,1790744085.3525455,37,114.0,293.0,146.0,265.0,184.0,262.0,209.0,284.0,221.0,308.0,202.0,248.0,248.0,261.0,275.0,267.0,296.0,272.0,203.0,270.0,253.0,283.0,283.0,291.0,307.0,297.0,198.0,294.0,222.0,313.0,206.0,309.0,190.0,303.0,190.0,315.0,201.0,324.0,190.0,321.0,180.0,317.0
H,day2,1790744085.4866128,38,99.0,302.0,126.0,270.0,163.0,262.0,190.0,277.0,204.0,296.0,183.0,252.0,229.0,265.0,256.0,272.0,276.0,278.0,186.0,274.0,235.0,287.0,264.0,294.0,287.0,299.0,182.0,298.0,209.0,313.0,194.0,310.0,179.0,305.0,173.0,319.0,186.0,325.0,175.0,322.0,164.0,319.0
H,day2,1790744085.6003137,39,91.0,292.0,120.0,263.0,154.0,258.0,177.0,274.0,188.0,293.0,173.0,253.0,217.0,265.0,241.0,271.0,260.0,277.0,174.0,276.0,220.0,286.0,247.0,292.0,268.0,298.0,169.0,299.0,193.0,310.0,179.0,306.0,164.0,302.0,160.0,318.0,173.0,320.0,165.0,315.0,154.0,312.0
H,day2,1790744085.7292576,40,75.0,288.0,104.0,260.0,140.0,258.0,164.0,276.0,174.0,296.0,156.0,250.0,199.0,262.0,224.0,268.0,244.0,273.0,155.0,273.0,204.0,283.0,233.0,288.0,254.0,293.0,149.0,297.0,180.0,309.0,167.0,302.0,151.0,296.0,138.0,317.0,156.0,319.0,147.0,314.0,137.0,311.0
H,day2,1790744085.826409,41,67.0,290.0,94.0,261.0,130.0,257.0,155.0,274.0,168.0,293.0,144.0,247.0,190.0,258.0,216.0,264.0,236.0,270.0,143.0,270.0,194.0,280.0,223.0,286.0,245.0,291.0,138.0,293.0,173.0,307.0,159.0,302.0,142.0,296.0,129.0,313.0,148.0,318.0,139.0,313.0,128.0,309.0
H,day2,1790744085.9512544,42,39.0,287.0,67.0,259.0,105.0,258.0,132.0,279.0,147.0,298.0,118.0,243.0,165.0,254.0,191.0,260.0,212.0,264.0,117.0,266.0,168.0,275.0,198.0,281.0,220.0,286.0,112.0,290.0,146.0,304.0,133.0,299.0,117.0,292.0,105.0,312.0,125.0,316.0,116.0,312.0,105.0,308.0
H,day2,1790744086.071937,43,31.0,285.0,56.0,257.0,95.0,254.0,125.0,272.0,143.0,291.0,107.0,238.0,155.0,247.0,181.0,253.0,202.0,258.0,105.0,258.0,159.0,268.0,190.0,274.0,213.0,278.0,99.0,281.0,140.0,299.0,126.0,297.0,110.0,290.0,92.0,303.0,122.0,312.0,111.0,310.0,98.0,305.0
H,day2,1790744086.1854737,44,31.0,274.0,57.0,248.0,95.0,249.0,123.0,270.0,137.0,288.0,106.0,231.0,149.0,240.0,174.0,245.0,195.0,250.0,104.0,252.0,154.0,260.0,183.0,264.0,207.0,268.0,97.0,275.0,138.0,292.0,124.0,289.0,108.0,282.0,89.0,296.0,120.0,305.0,110.0,301.0,97.0,295.0
H,day2,1790744086.3044662,45,27.0,277.0,50.0,250.0,88.0,246.0,116.0,267.0,134.0,287.0,94.0,225.0,142.0,232.0,170.0,237.0,192.0,241.0,91.0,245.0,144.0,251.0,177.0,256.0,204.0,260.0,87.0,267.0,135.0,284.0,125.0,284.0,110.0,280.0,83.0,289.0,123.0,298.0,121.0,296.0,111.0,292.0
H,day2,1790744086.4204884,46,22.0,276.0,44.0,247.0,82.0,237.0,111.0,249.0,131.0,264.0,94.0,223.0,140.0,229.0,168.0,232.0,189.0,235.0,92.0,242.0,145.0,248.0,177.0,251.0,201.0,254.0,87.0,265.0,136.0,282.0,127.0,283.0,111.0,280.0,81.0,288.0,123.0,299.0,120.0,298.0,109.0,294.0
H,day2,1790744086.549668,47,29.0,277.0,53.0,250.0,93.0,247.0,124.0,267.0,143.0,284.0,102.0,225.0,150.0,230.0,179.0,233.0,202.0,234.0,98.0,246.0,153.0,250.0,187.0,252.0,213.0,254.0,93.0,269.0,141.0,285.0,127.0,285.0,110.0,280.0,86.0,292.0,125.0,301.0,116.0,299.0,102.0,294.0
H,day2,1790744086.6691136,48,34.0,280.0,60.0,252.0,100.0,250.0,130.0,270.0,146.0,289.0,110.0,229.0,158.0,235.0,187.0,239.0,209.0,242.0,107.0,250.0,163.0,255.0,196.0,258.0,223.0,259.0,101.0,274.0,148.0,292.0,133.0,290.0,116.0,282.0,93.0,296.0,130.0,305.0,120.0,302.0,105.0,296.0
H,day2,1790744086.7765713,49,41.0,288.0,67.0,259.0,106.0,257.0,136.0,277.0,155.0,297.0,118.0,235.0,169.0,243.0,199.0,248.0,222.0,252.0,116.0,258.0,176.0,265.0,209.0,269.0,235.0,273.0,110.0,284.0,155.0,299.0,139.0,297.0,122.0,292.0,102.0,307.0,137.0,314.0,126.0,311.0,111.0,306.0
H,day2,1790744086.9020405,50,47.0,290.0,74.0,261.0,114.0,260.0,144.0,282.0,163.0,304.0,126.0,242.0,179.0,252.0,210.0,259.0,234.0,264.0,124.0,266.0,184.0,276.0,219.0,281.0,244.0,286.0,118.0,293.0,162.0,307.0,147.0,304.0,129.0,299.0,109.0,316.0,142.0,321.0,132.0,318.0,118.0,315.0
H,day2,1790744087.0141737,51,49.0,300.0,78.0,267.0,121.0,265.0,152.0,287.0,171.0,310.0,134.0,249.0,186.0,261.0,217.0,268.0,241.0,274.0,132.0,275.0,192.0,285.0,227.0,291.0,253.0,296.0,125.0,303.0,171.0,317.0,155.0,312.0,136.0,306.0,116.0,329.0,149.0,332.0,139.0,327.0,124.0,324.0
H,day2,1790744087.1090698,52,52.0,301.0,82.0,267.0,125.0,265.0,158.0,288.0,179.0,310.0,138.0,249.0,193.0,263.0,225.0,271.0,249.0,278.0,137.0,276.0,198.0,288.0,234.0,295.0,261.0,302.0,131.0,305.0,175.0,317.0,160.0,311.0,141.0,305.0,122.0,330.0,151.0,332.0,142.0,326.0,130.0,322.0
H,day2,1790744087.2052948,53,55.0,301.0,84.0,265.0,127.0,260.0,160.0,283.0,181.0,307.0,142.0,248.0,200.0,263.0,234.0,273.0,259.0,282.0,141.0,275.0,206.0,289.0,244.0,298.0,271.0,306.0,137.0,305.0,185.0,316.0,171.0,309.0,152.0,303.0,130.0,330.0,163.0,331.0,154.0,324.0,141.0,319.0
H,day2,1790744087.3176892,54,66.0,298.0,97.0,261.0,140.0,256.0,172.0,280.0,190.0,304.0,159.0,247.0,215.0,264.0,247.0,273.0,271.0,281.0,157.0,276.0,218.0,290.0,255.0,298.0,282.0,306.0,150.0,305.0,195.0,318.0,182.0,309.0,162.0,301.0,141.0,329.0,171.0,331.0,162.0,323.0,148.0,318.0
H,day2,1790744087.4330368,55,71.0,295.0,101.0,259.0,144.0,253.0,176.0,272.0,196.0,295.0,163.0,242.0,220.0,260.0,254.0,270.0,279.0,280.0,161.0,269.0,226.0,286.0,264.0,296.0,291.0,304.0,155.0,298.0,200.0,316.0,186.0,310.0,167.0,302.0,147.0,324.0,179.0,331.0,168.0,326.0,154.0,321.0
H,day2,1790744087.5490122,56,92.0,286.0,124.0,250.0,166.0,243.0,196.0,262.0,214.0,284.0,185.0,234.0,243.0,248.0,279.0,255.0,305.0,261.0,186.0,262.0,251.0,273.0,288.0,280.0,314.0,286.0,180.0,292.0,223.0,305.0,207.0,300.0,188.0,295.0,169.0,317.0,197.0,320.0,187.0,314.0,173.0,310.0
I,day2,1790744120.084901,0,181.0,359.0,203.0,353.0,217.0,330.0,210.0,305.0,197.0,287.0,228.0,300.0,234.0,275.0,229.0,289.0,224.0,303.0,212.0,291.0,215.0,267.0,211.0,285.0,209.0,297.0,195.0,286.0,198.0,260.0,196.0,275.0,195.0,289.0,178.0,285.0,180.0,255.0,181.0,236.0,183.0,220.0
I,day2,1790744120.191574,1,180.0,355.0,201.0,350.0,214.0,327.0,208.0,301.0,196.0,282.0,228.0,297.0,234.0,272.0,228.0,289.0,223.0,303.0,212.0,288.0,216.0,265.0,211.0,285.0,209.0,296.0,195.0,283.0,199.0,258.0,197.0,272.0,196.0,285.0,178.0,282.0,180.0,252.0,181.0,234.0,183.0,217.0
I,day2,1790744120.300309,2,183.0,353.0,204.0,347.0,216.0,324.0,210.0,299.0,197.0,281.0,229.0,294.0,237.0,270.0,229.0,287.0,223.0,302.0,213.0,284.0,218.0,262.0,211.0,282.0,208.0,295.0,196.0,280.0,199.0,254.0,197.0,268.0,196.0,282.0,179.0,279.0,182.0,249.0,183.0,231.0,186.0,215.0
I,day2,1790744120.4268734,3,185.0,349.0,206.0,343.0,219.0,320.0,212.0,295.0,199.0,277.0,232.0,288.0,238.0,263.0,233.0,280.0,228.0,295.0,215.0,279.0,220.0,256.0,215.0,277.0,212.0,289.0,198.0,275.0,202.0,249.0,201.0,264.0,200.0,278.0,181.0,274.0,184.0,244.0,185.0,225.0,188.0,209.0
I,day2,1790744120.5606039,4,184.0,347.0,207.0,341.0,220.0,316.0,216.0,289.0,208.0,269.0,234.0,287.0,240.0,262.0,231.0,280.0,226.0,295.0,216.0,278.0,220.0,255.0,211.0,277.0,208.0,290.0,198.0,273.0,202.0,247.0,198.0,266.0,195.0,281.0,181.0,271.0,185.0,240.0,187.0,222.0,190.0,205.0
I,day2,1790744120.6674368,5,182.0,347.0,206.0,341.0,222.0,319.0,219.0,292.0,211.0,272.0,237.0,286.0,245.0,263.0,237.0,276.0,230.0,290.0,220.0,276.0,225.0,252.0,217.0,272.0,211.0,285.0,202.0,270.0,207.0,243.0,204.0,259.0,200.0,274.0,184.0,268.0,189.0,238.0,193.0,219.0,198.0,202.0
I,day2,1790744120.758253,6,180.0,350.0,204.0,345.0,222.0,320.0,219.0,289.0,209.0,266.0,236.0,288.0,247.0,262.0,236.0,281.0,230.0,296.0,219.0,277.0,226.0,253.0,216.0,277.0,212.0,289.0,201.0,271.0,207.0,245.0,202.0,266.0,198.0,282.0,182.0,268.0,188.0,237.0,193.0,217.0,198.0,199.0
I,day2,1790744120.8848753,7,180.0,354.0,205.0,349.0,223.0,323.0,219.0,290.0,207.0,267.0,237.0,290.0,248.0,262.0,239.0,283.0,233.0,298.0,219.0,278.0,228.0,252.0,220.0,276.0,216.0,290.0,201.0,272.0,209.0,243.0,205.0,263.0,202.0,279.0,182.0,268.0,188.0,236.0,193.0,216.0,198.0,197.0
I,day2,1790744121.0193295,8,182.0,360.0,208.0,355.0,228.0,327.0,222.0,293.0,207.0,270.0,240.0,291.0,253.0,264.0,245.0,283.0,238.0,300.0,222.0,280.0,230.0,253.0,224.0,275.0,220.0,291.0,203.0,273.0,210.0,244.0,207.0,262.0,204.0,279.0,183.0,271.0,189.0,237.0,194.0,216.0,199.0,197.0
I,day2,1790744121.160811,9,178.0,368.0,207.0,363.0,229.0,336.0,225.0,303.0,215.0,278.0,241.0,297.0,254.0,268.0,245.0,289.0,238.0,305.0,222.0,285.0,232.0,257.0,222.0,282.0,217.0,299.0,201.0,279.0,209.0,247.0,205.0,266.0,201.0,283.0,180.0,276.0,186.0,241.0,190.0,218.0,195.0,197.0
I,day2,1790744121.27649,10,173.0,373.0,202.0,368.0,225.0,340.0,222.0,306.0,211.0,282.0,238.0,299.0,251.0,270.0,242.0,290.0,233.0,309.0,217.0,288.0,225.0,260.0,215.0,286.0,207.0,304.0,197.0,282.0,203.0,250.0,198.0,270.0,192.0,288.0,175.0,280.0,182.0,243.0,185.0,219.0,189.0,197.0
I,day2,1790744121.4038725,11,168.0,380.0,198.0,374.0,221.0,341.0,217.0,304.0,206.0,277.0,234.0,303.0,246.0,273.0,237.0,297.0,230.0,317.0,212.0,291.0,221.0,262.0,212.0,293.0,206.0,312.0,190.0,286.0,197.0,253.0,192.0,277.0,187.0,296.0,169.0,284.0,175.0,247.0,179.0,222.0,183.0,198.0
I,day2,1790744121.5118825,12,166.0,384.0,196.0,379.0,219.0,348.0,213.0,312.0,197.0,287.0,232.0,306.0,245.0,274.0,238.0,296.0,230.0,315.0,210.0,294.0,219.0,264.0,210.0,292.0,205.0,309.0,188.0,288.0,194.0,254.0,190.0,277.0,185.0,295.0,165.0,286.0,171.0,248.0,174.0,223.0,178.0,198.0
I,day2,1790744121.635752,13,167.0,384.0,199.0,381.0,223.0,350.0,216.0,314.0,195.0,290.0,233.0,306.0,245.0,275.0,235.0,301.0,229.0,318.0,211.0,293.0,219.0,265.0,210.0,297.0,209.0,311.0,187.0,288.0,194.0,254.0,193.0,280.0,192.0,299.0,164.0,285.0,169.0,247.0,173.0,223.0,176.0,198.0
I,day2,1790744121.788136,14,168.0,384.0,199.0,380.0,224.0,351.0,217.0,314.0,197.0,288.0,236.0,304.0,247.0,275.0,237.0,300.0,230.0,318.0,212.0,291.0,220.0,266.0,211.0,300.0,209.0,314.0,188.0,285.0,195.0,255.0,194.0,284.0,192.0,303.0,165.0,282.0,170.0,243.0,173.0,219.0,177.0,194.0
I,day2,1790744121.9037786,15,168.0,384.0,200.0,381.0,226.0,351.0,219.0,316.0,201.0,291.0,237.0,304.0,250.0,273.0,240.0,297.0,232.0,316.0,213.0,292.0,223.0,262.0,212.0,294.0,208.0,311.0,189.0,285.0,197.0,252.0,194.0,280.0,191.0,301.0,165.0,283.0,171.0,242.0,175.0,217.0,179.0,191.0
I,day2,1790744122.0275235,16,168.0,384.0,202.0,381.0,229.0,351.0,221.0,315.0,201.0,290.0,237.0,304.0,252.0,274.0,243.0,300.0,235.0,317.0,214.0,291.0,225.0,264.0,217.0,296.0,213.0,313.0,189.0,284.0,198.0,251.0,197.0,278.0,195.0,298.0,166.0,280.0,171.0,240.0,174.0,215.0,178.0,189.0
I,day2,1790744122.1644886,17,168.0,386.0,200.0,384.0,227.0,356.0,222.0,320.0,203.0,295.0,239.0,305.0,252.0,274.0,243.0,299.0,237.0,317.0,214.0,292.0,224.0,265.0,216.0,296.0,213.0,313.0,190.0,286.0,197.0,252.0,198.0,278.0,197.0,297.0,166.0,283.0,170.0,242.0,174.0,217.0,178.0,191.0
I,day2,1790744122.2586572,18,167.0,383.0,198.0,380.0,226.0,351.0,222.0,317.0,203.0,293.0,236.0,299.0,250.0,267.0,243.0,294.0,237.0,312.0,213.0,286.0,224.0,258.0,220.0,290.0,218.0,306.0,189.0,280.0,195.0,250.0,196.0,282.0,195.0,303.0,164.0,278.0,169.0,237.0,172.0,211.0,176.0,185.0
I,day2,1790744122.3600895,19,167.0,376.0,198.0,371.0,227.0,344.0,220.0,309.0,202.0,285.0,234.0,294.0,248.0,262.0,240.0,288.0,234.0,307.0,211.0,282.0,222.0,253.0,216.0,284.0,213.0,301.0,188.0,276.0,195.0,242.0,194.0,269.0,193.0,289.0,164.0,273.0,168.0,233.0,171.0,208.0,175.0,183.0
I,day2,1790744122.4688702,20,169.0,371.0,201.0,366.0,228.0,337.0,220.0,303.0,200.0,281.0,234.0,290.0,248.0,259.0,241.0,282.0,235.0,301.0,211.0,278.0,223.0,250.0,218.0,278.0,215.0,295.0,188.0,272.0,195.0,241.0,196.0,266.0,195.0,286.0,165.0,270.0,168.0,231.0,171.0,206.0,175.0,182.0
I,day2,1790744122.6067135,21,170.0,366.0,200.0,362.0,226.0,336.0,218.0,303.0,198.0,281.0,234.0,289.0,248.0,261.0,239.0,285.0,232.0,302.0,213.0,277.0,222.0,252.0,216.0,281.0,213.0,296.0,190.0,271.0,197.0,241.0,198.0,267.0,197.0,285.0,167.0,268.0,170.0,231.0,173.0,208.0,175.0,184.0
I,day2,1790744122.73616,22,165.0,360.0,193.0,356.0,214.0,330.0,208.0,299.0,191.0,278.0,223.0,288.0,238.0,260.0,230.0,281.0,223.0,298.0,204.0,277.0,215.0,250.0,210.0,274.0,206.0,290.0,184.0,270.0,189.0,243.0,190.0,264.0,188.0,282.0,162.0,267.0,164.0,232.0,167.0,209.0,169.0,188.0
I,day2,1790744122.86264,23,161.0,355.0,189.0,352.0,209.0,325.0,203.0,294.0,188.0,273.0,218.0,284.0,231.0,255.0,223.0,276.0,217.0,293.0,199.0,273.0,207.0,246.0,201.0,272.0,199.0,287.0,179.0,268.0,184.0,240.0,182.0,263.0,179.0,281.0,158.0,266.0,161.0,231.0,162.0,208.0,164.0,188.0
I,day2,1790744123.0006375,24,159.0,349.0,187.0,343.0,206.0,318.0,197.0,286.0,179.0,266.0,215.0,277.0,224.0,251.0,216.0,271.0,211.0,287.0,194.0,267.0,201.0,243.0,196.0,267.0,194.0,281.0,174.0,262.0,179.0,234.0,179.0,253.0,179.0,269.0,153.0,261.0,154.0,227.0,153.0,205.0,154.0,185.0
I,day2,1790744123.122506,25,157.0,348.0,183.0,339.0,198.0,311.0,190.0,280.0,174.0,260.0,205.0,274.0,213.0,248.0,208.0,269.0,203.0,285.0,187.0,266.0,192.0,241.0,188.0,264.0,186.0,278.0,167.0,262.0,169.0,236.0,169.0,256.0,168.0,273.0,147.0,263.0,145.0,230.0,144.0,208.0,143.0,188.0
I,day2,1790744123.2531831,26,156.0,347.0,182.0,337.0,195.0,310.0,183.0,282.0,166.0,265.0,201.0,274.0,207.0,248.0,202.0,263.0,197.0,280.0,181.0,267.0,185.0,241.0,181.0,261.0,177.0,277.0,161.0,265.0,163.0,237.0,162.0,251.0,161.0,267.0,141.0,266.0,139.0,234.0,137.0,212.0,136.0,194.0
I,day2,1790744123.37039,27,157.0,351.0,183.0,338.0,195.0,309.0,180.0,281.0,161.0,265.0,197.0,274.0,202.0,247.0,198.0,266.0,194.0,283.0,177.0,268.0,179.0,242.0,176.0,265.0,175.0,281.0,157.0,267.0,157.0,239.0,159.0,257.0,160.0,274.0,137.0,270.0,132.0,238.0,129.0,217.0,128.0,198.0
I,day2,1790744123.4818506,28,158.0,352.0,183.0,340.0,193.0,310.0,180.0,283.0,161.0,266.0,196.0,273.0,200.0,248.0,196.0,265.0,194.0,281.0,176.0,268.0,177.0,244.0,175.0,266.0,174.0,281.0,156.0,268.0,155.0,240.0,157.0,256.0,158.0,271.0,137.0,272.0,130.0,240.0,127.0,220.0,124.0,201.0
I,day2,1790744123.615839,29,161.0,355.0,185.0,341.0,196.0,310.0,182.0,281.0,163.0,266.0,196.0,273.0,199.0,247.0,198.0,265.0,196.0,281.0,175.0,269.0,176.0,244.0,176.0,268.0,176.0,283.0,156.0,270.0,154.0,243.0,159.0,263.0,162.0,279.0,136.0,273.0,129.0,242.0,125.0,222.0,122.0,202.0
I,day2,1790744123.757468,30,160.0,356.0,184.0,344.0,196.0,314.0,184.0,286.0,166.0,268.0,198.0,277.0,201.0,250.0,198.0,269.0,196.0,284.0,178.0,271.0,179.0,247.0,177.0,268.0,177.0,282.0,157.0,271.0,157.0,243.0,159.0,261.0,160.0,277.0,138.0,274.0,132.0,242.0,128.0,222.0,125.0,203.0
I,day2,1790744123.883893,31,160.0,357.0,185.0,347.0,201.0,319.0,188.0,289.0,169.0,272.0,204.0,280.0,210.0,255.0,207.0,276.0,204.0,293.0,184.0,273.0,188.0,249.0,187.0,272.0,187.0,288.0,164.0,271.0,166.0,246.0,168.0,266.0,169.0,282.0,145.0,273.0,141.0,241.0,138.0,221.0,136.0,202.0
I,day2,1790744123.9957087,32,164.0,354.0,190.0,350.0,207.0,324.0,200.0,295.0,185.0,275.0,217.0,285.0,227.0,260.0,218.0,281.0,212.0,296.0,198.0,275.0,204.0,252.0,196.0,276.0,194.0,288.0,178.0,271.0,182.0,246.0,177.0,267.0,174.0,283.0,158.0,270.0,160.0,237.0,161.0,217.0,164.0,198.0
I,day2,1790744124.1367579,33,163.0,352.0,189.0,352.0,208.0,327.0,203.0,299.0,189.0,278.0,223.0,291.0,235.0,265.0,224.0,284.0,216.0,298.0,205.0,278.0,214.0,254.0,203.0,277.0,199.0,288.0,186.0,271.0,193.0,244.0,184.0,265.0,179.0,279.0,167.0,268.0,172.0,234.0,174.0,214.0,178.0,196.0
I,day2,1790744124.245816,34,166.0,354.0,193.0,353.0,213.0,330.0,209.0,301.0,197.0,281.0,229.0,293.0,243.0,269.0,234.0,288.0,227.0,301.0,212.0,280.0,223.0,258.0,215.0,280.0,212.0,293.0,193.0,273.0,202.0,247.0,198.0,266.0,195.0,279.0,174.0,269.0,181.0,236.0,184.0,215.0,189.0,196.0
I,day2,1790744124.3423643,35,172.0,357.0,198.0,357.0,222.0,338.0,219.0,310.0,207.0,290.0,237.0,301.0,255.0,280.0,244.0,297.0,235.0,311.0,222.0,288.0,234.0,267.0,224.0,290.0,219.0,303.0,204.0,280.0,214.0,257.0,208.0,278.0,202.0,294.0,186.0,275.0,194.0,242.0,200.0,223.0,208.0,204.0
I,day2,1790744124.4660687,36,174.0,355.0,200.0,358.0,226.0,340.0,223.0,313.0,212.0,292.0,244.0,305.0,260.0,286.0,247.0,304.0,237.0,316.0,228.0,291.0,240.0,273.0,227.0,298.0,220.0,310.0,210.0,282.0,221.0,259.0,215.0,282.0,210.0,296.0,192.0,275.0,203.0,244.0,210.0,226.0,218.0,206.0
I,day2,1790744124.5615656,37,174.0,355.0,200.0,359.0,226.0,344.0,226.0,317.0,217.0,296.0,246.0,307.0,261.0,287.0,248.0,305.0,239.0,317.0,229.0,292.0,242.0,274.0,228.0,298.0,222.0,310.0,212.0,282.0,224.0,260.0,215.0,282.0,210.0,296.0,193.0,275.0,204.0,244.0,211.0,225.0,220.0,206.0
I,day2,1790744124.6708949,38,176.0,354.0,202.0,357.0,229.0,340.0,228.0,312.0,219.0,291.0,247.0,303.0,263.0,283.0,249.0,302.0,241.0,314.0,230.0,289.0,243.0,271.0,230.0,295.0,224.0,307.0,213.0,279.0,225.0,255.0,217.0,278.0,212.0,293.0,194.0,272.0,206.0,240.0,214.0,222.0,223.0,202.0
I,day2,1790744124.8015265,39,175.0,355.0,201.0,356.0,226.0,335.0,226.0,305.0,216.0,283.0,243.0,297.0,259.0,275.0,248.0,295.0,240.0,309.0,227.0,284.0,241.0,262.0,233.0,284.0,227.0,298.0,209.0,276.0,219.0,252.0,215.0,273.0,209.0,290.0,190.0,271.0,200.0,239.0,208.0,218.0,215.0,198.0
I,day2,1790744124.9027216,40,168.0,349.0,194.0,348.0,213.0,323.0,210.0,293.0,197.0,270.0,230.0,286.0,244.0,258.0,233.0,277.0,224.0,292.0,213.0,273.0,223.0,246.0,214.0,270.0,209.0,283.0,194.0,266.0,202.0,239.0,198.0,259.0,193.0,276.0,173.0,262.0,181.0,227.0,185.0,205.0,190.0,186.0
I,day2,1790744125.047662,41,168.0,349.0,195.0,344.0,212.0,315.0,205.0,283.0,191.0,260.0,229.0,280.0,239.0,252.0,228.0,273.0,222.0,288.0,209.0,268.0,216.0,241.0,206.0,266.0,203.0,280.0,188.0,262.0,194.0,231.0,189.0,252.0,186.0,269.0,167.0,259.0,173.0,223.0,176.0,200.0,181.0,180.0
I,day2,1790744125.1851254,42,167.0,353.0,194.0,346.0,210.0,316.0,202.0,284.0,190.0,260.0,227.0,281.0,236.0,253.0,225.0,275.0,219.0,291.0,206.0,270.0,213.0,242.0,201.0,270.0,196.0,286.0,184.0,264.0,190.0,233.0,185.0,254.0,182.0,271.0,163.0,262.0,168.0,226.0,170.0,203.0,174.0,181.0
I,day2,1790744125.320251,43,167.0,360.0,194.0,354.0,211.0,324.0,204.0,290.0,190.0,265.0,227.0,285.0,235.0,256.0,226.0,278.0,220.0,296.0,205.0,274.0,212.0,246.0,200.0,275.0,196.0,292.0,183.0,268.0,188.0,235.0,182.0,257.0,179.0,275.0,162.0,265.0,166.0,227.0,168.0,204.0,172.0,182.0
I,day2,1790744125.4501793,44,168.0,371.0,198.0,364.0,217.0,332.0,207.0,296.0,191.0,271.0,231.0,290.0,239.0,260.0,230.0,286.0,226.0,303.0,208.0,277.0,214.0,250.0,205.0,281.0,204.0,295.0,184.0,272.0,188.0,239.0,185.0,264.0,183.0,283.0,161.0,270.0,165.0,231.0,167.0,207.0,170.0,183.0
I,day2,1790744125.5805,45,165.0,376.0,196.0,371.0,216.0,341.0,206.0,306.0,190.0,280.0,229.0,291.0,237.0,258.0,231.0,283.0,225.0,302.0,204.0,279.0,210.0,250.0,203.0,279.0,199.0,296.0,179.0,274.0,184.0,239.0,180.0,261.0,178.0,280.0,154.0,273.0,158.0,231.0,159.0,204.0,162.0,180.0
I,day2,1790744125.677169,46,162.0,379.0,194.0,374.0,215.0,340.0,203.0,304.0,186.0,277.0,227.0,293.0,237.0,260.0,230.0,285.0,223.0,306.0,201.0,282.0,209.0,250.0,200.0,282.0,194.0,302.0,175.0,276.0,181.0,238.0,179.0,260.0,176.0,279.0,150.0,275.0,154.0,233.0,157.0,205.0,160.0,179.0
I,day2,1790744125.7876544,47,158.0,382.0,192.0,376.0,214.0,342.0,200.0,305.0,180.0,279.0,227.0,295.0,235.0,262.0,226.0,289.0,220.0,308.0,200.0,283.0,206.0,252.0,197.0,285.0,194.0,303.0,174.0,277.0,179.0,240.0,177.0,265.0,175.0,285.0,149.0,276.0,152.0,232.0,154.0,205.0,157.0,179.0
I,day2,1790744125.9098017,48,158.0,382.0,190.0,378.0,213.0,343.0,202.0,307.0,182.0,280.0,226.0,297.0,236.0,262.0,228.0,290.0,221.0,310.0,199.0,284.0,206.0,254.0,197.0,287.0,194.0,304.0,173.0,278.0,178.0,240.0,176.0,264.0,174.0,283.0,148.0,276.0,152.0,233.0,154.0,206.0,158.0,180.0
I,day2,1790744126.051703,49,159.0,384.0,191.0,381.0,214.0,349.0,202.0,313.0,181.0,286.0,229.0,299.0,240.0,266.0,229.0,295.0,223.0,314.0,204.0,285.0,210.0,256.0,200.0,291.0,199.0,306.0,177.0,279.0,182.0,244.0,179.0,271.0,177.0,291.0,151.0,277.0,156.0,234.0,158.0,207.0,161.0,180.0
I,day2,1790744126.1670907,50,159.0,380.0,192.0,376.0,219.0,344.0,209.0,308.0,191.0,284.0,229.0,296.0,243.0,262.0,233.0,291.0,225.0,310.0,204.0,283.0,214.0,253.0,204.0,285.0,200.0,302.0,179.0,277.0,186.0,242.0,181.0,268.0,177.0,288.0,155.0,276.0,160.0,233.0,163.0,207.0,166.0,181.0
I,day2,1790744126.3001332,51,162.0,376.0,194.0,372.0,220.0,343.0,212.0,309.0,195.0,286.0,229.0,292.0,242.0,261.0,235.0,287.0,229.0,306.0,206.0,281.0,215.0,251.0,208.0,282.0,203.0,299.0,182.0,275.0,189.0,241.0,186.0,265.0,182.0,284.0,158.0,274.0,164.0,233.0,167.0,207.0,170.0,182.0
I,day2,1790744126.4323177,52,163.0,371.0,192.0,366.0,214.0,335.0,205.0,300.0,187.0,276.0,226.0,291.0,238.0,260.0,233.0,282.0,227.0,301.0,205.0,279.0,215.0,249.0,210.0,276.0,208.0,292.0,183.0,273.0,189.0,241.0,188.0,265.0,186.0,284.0,160.0,271.0,165.0,233.0,168.0,207.0,171.0,184.0
I,day2,1790744126.5498176,53,165.0,360.0,191.0,353.0,208.0,323.0,201.0,291.0,187.0,268.0,220.0,285.0,230.0,256.0,221.0,279.0,216.0,297.0,200.0,275.0,206.0,248.0,199.0,275.0,198.0,289.0,179.0,272.0,183.0,242.0,180.0,267.0,179.0,286.0,158.0,271.0,162.0,235.0,163.0,212.0,165.0,190.0
J,day2,1790744162.2048554,0,199.0,363.0,226.0,354.0,243.0,329.0,236.0,300.0,224.0,278.0,255.0,285.0,268.0,246.0,276.0,221.0,280.0,199.0,233.0,280.0,235.0,262.0,228.0,288.0,225.0,307.0,212.0,279.0,212.0,263.0,213.0,288.0,214.0,305.0,192.0,281.0,189.0,248.0,187.0,227.0,188.0,207.0
J,day2,1790744162.3051386,1,200.0,366.0,226.0,358.0,243.0,333.0,235.0,304.0,224.0,281.0,257.0,287.0,271.0,248.0,280.0,222.0,285.0,200.0,234.0,281.0,236.0,264.0,228.0,291.0,225.0,310.0,213.0,281.0,212.0,266.0,212.0,291.0,213.0,308.0,193.0,282.0,190.0,248.0,188.0,227.0,189.0,207.0
J,day2,1790744162.425006,2,199.0,370.0,226.0,363.0,246.0,338.0,238.0,306.0,221.0,284.0,260.0,291.0,276.0,250.0,286.0,223.0,292.0,201.0,238.0,284.0,241.0,267.0,235.0,291.0,233.0,306.0,216.0,283.0,216.0,268.0,216.0,292.0,216.0,308.0,194.0,284.0,192.0,248.0,191.0,226.0,192.0,205.0
J,day2,1790744162.5735588,3,200.0,391.0,229.0,387.0,257.0,360.0,248.0,321.0,229.0,295.0,271.0,307.0,289.0,262.0,300.0,233.0,308.0,210.0,246.0,298.0,253.0,278.0,246.0,308.0,243.0,327.0,222.0,294.0,226.0,275.0,225.0,305.0,224.0,325.0,199.0,293.0,199.0,254.0,200.0,230.0,203.0,206.0
J,day2,1790744162.701152,4,198.0,394.0,227.0,389.0,255.0,362.0,247.0,325.0,229.0,297.0,272.0,304.0,291.0,258.0,303.0,229.0,311.0,204.0,245.0,295.0,252.0,278.0,242.0,311.0,237.0,332.0,221.0,293.0,225.0,277.0,223.0,309.0,221.0,329.0,196.0,293.0,196.0,251.0,197.0,227.0,200.0,202.0
J,day2,1790744162.8353796,5,194.0,394.0,226.0,390.0,255.0,362.0,247.0,323.0,228.0,294.0,272.0,302.0,292.0,254.0,304.0,223.0,312.0,198.0,245.0,292.0,251.0,276.0,242.0,310.0,237.0,331.0,219.0,290.0,223.0,274.0,222.0,308.0,221.0,329.0,193.0,291.0,194.0,247.0,194.0,222.0,198.0,196.0
J,day2,1790744162.9682598,6,191.0,400.0,224.0,394.0,255.0,363.0,244.0,323.0,222.0,294.0,270.0,300.0,290.0,249.0,302.0,217.0,310.0,190.0,241.0,291.0,249.0,273.0,238.0,307.0,232.0,329.0,214.0,290.0,219.0,272.0,218.0,305.0,215.0,326.0,188.0,291.0,187.0,246.0,187.0,219.0,190.0,192.0
J,day2,1790744163.1036923,7,188.0,404.0,223.0,398.0,253.0,367.0,241.0,325.0,221.0,295.0,269.0,303.0,289.0,250.0,302.0,216.0,310.0,188.0,239.0,293.0,247.0,275.0,234.0,312.0,228.0,333.0,212.0,292.0,216.0,272.0,213.0,306.0,211.0,327.0,185.0,292.0,184.0,247.0,184.0,220.0,188.0,192.0
J,day2,1790744163.2189393,8,187.0,405.0,222.0,400.0,255.0,369.0,241.0,327.0,217.0,297.0,270.0,302.0,290.0,249.0,302.0,215.0,310.0,187.0,239.0,293.0,248.0,277.0,234.0,314.0,227.0,334.0,211.0,291.0,216.0,273.0,214.0,309.0,211.0,331.0,184.0,292.0,183.0,246.0,183.0,219.0,187.0,191.0
J,day2,1790744163.3539338,9,187.0,403.0,222.0,398.0,254.0,366.0,241.0,324.0,219.0,294.0,269.0,301.0,290.0,247.0,303.0,214.0,311.0,186.0,239.0,292.0,248.0,272.0,235.0,310.0,228.0,332.0,212.0,290.0,216.0,271.0,213.0,307.0,211.0,329.0,185.0,291.0,185.0,244.0,185.0,217.0,189.0,189.0
J,day2,1790744163.4585752,10,184.0,396.0,219.0,389.0,249.0,358.0,239.0,318.0,218.0,290.0,263.0,296.0,283.0,245.0,296.0,213.0,304.0,186.0,235.0,288.0,244.0,268.0,235.0,306.0,230.0,328.0,209.0,287.0,214.0,268.0,213.0,305.0,212.0,328.0,182.0,287.0,182.0,241.0,183.0,215.0,187.0,188.0
J,day2,1790744163.5846374,11,180.0,387.0,213.0,381.0,242.0,353.0,233.0,316.0,211.0,289.0,260.0,294.0,283.0,244.0,297.0,213.0,305.0,186.0,233.0,285.0,240.0,269.0,226.0,305.0,222.0,321.0,207.0,283.0,211.0,267.0,205.0,302.0,204.0,320.0,182.0,282.0,182.0,239.0,182.0,213.0,186.0,187.0
J,day2,1790744163.700272,12,179.0,380.0,211.0,375.0,239.0,348.0,232.0,315.0,214.0,288.0,259.0,291.0,283.0,245.0,297.0,215.0,306.0,189.0,234.0,282.0,241.0,267.0,226.0,300.0,221.0,318.0,210.0,280.0,213.0,265.0,207.0,297.0,205.0,316.0,185.0,279.0,186.0,238.0,186.0,213.0,191.0,187.0
J,day2,1790744163.8206189,13,181.0,373.0,213.0,368.0,240.0,342.0,235.0,309.0,224.0,283.0,259.0,288.0,282.0,244.0,296.0,216.0,306.0,191.0,234.0,279.0,242.0,264.0,229.0,296.0,221.0,318.0,210.0,277.0,215.0,261.0,212.0,292.0,209.0,312.0,187.0,276.0,190.0,235.0,192.0,211.0,197.0,186.0
J,day2,1790744163.957221,14,180.0,362.0,209.0,356.0,232.0,329.0,226.0,296.0,211.0,272.0,249.0,281.0,270.0,240.0,282.0,214.0,291.0,192.0,227.0,272.0,233.0,255.0,222.0,281.0,216.0,297.0,205.0,269.0,210.0,253.0,206.0,279.0,203.0,296.0,184.0,268.0,185.0,231.0,187.0,209.0,191.0,187.0
J,day2,1790744164.0884354,15,174.0,364.0,203.0,356.0,226.0,330.0,217.0,298.0,204.0,274.0,242.0,283.0,262.0,241.0,274.0,215.0,283.0,192.0,220.0,275.0,226.0,256.0,215.0,282.0,209.0,300.0,198.0,273.0,202.0,256.0,199.0,280.0,197.0,297.0,177.0,272.0,179.0,235.0,180.0,213.0,184.0,191.0
J,day2,1790744164.220305,16,172.0,364.0,201.0,356.0,223.0,331.0,213.0,299.0,200.0,275.0,237.0,282.0,254.0,241.0,265.0,215.0,273.0,193.0,214.0,275.0,220.0,256.0,210.0,282.0,205.0,301.0,192.0,274.0,195.0,258.0,192.0,283.0,190.0,300.0,171.0,275.0,173.0,239.0,172.0,217.0,175.0,195.0
J,day2,1790744164.3538473,17,167.0,374.0,195.0,360.0,214.0,329.0,200.0,298.0,182.0,280.0,220.0,281.0,231.0,238.0,239.0,211.0,243.0,188.0,195.0,278.0,200.0,258.0,196.0,283.0,193.0,303.0,173.0,280.0,176.0,263.0,177.0,285.0,177.0,302.0,152.0,285.0,147.0,248.0,144.0,224.0,142.0,203.0
J,day2,1790744164.481028,18,168.0,382.0,194.0,365.0,209.0,331.0,194.0,300.0,177.0,281.0,210.0,281.0,216.0,238.0,220.0,209.0,222.0,186.0,186.0,280.0,189.0,260.0,189.0,287.0,188.0,309.0,164.0,285.0,164.0,268.0,170.0,292.0,172.0,311.0,144.0,292.0,133.0,255.0,128.0,232.0,124.0,210.0
J,day2,1790744164.6249433,19,172.0,387.0,197.0,368.0,208.0,334.0,193.0,304.0,174.0,283.0,208.0,284.0,211.0,239.0,212.0,210.0,211.0,185.0,183.0,285.0,185.0,265.0,184.0,294.0,183.0,317.0,161.0,291.0,160.0,272.0,166.0,297.0,171.0,317.0,141.0,298.0,128.0,262.0,121.0,240.0,116.0,217.0
J,day2,1790744164.7334855,20,175.0,386.0,201.0,367.0,213.0,334.0,194.0,306.0,172.0,287.0,210.0,283.0,213.0,238.0,214.0,208.0,212.0,185.0,185.0,284.0,185.0,263.0,185.0,294.0,186.0,317.0,162.0,290.0,160.0,271.0,167.0,298.0,171.0,318.0,142.0,298.0,129.0,262.0,121.0,240.0,116.0,218.0
J,day2,1790744164.8974614,21,172.0,385.0,198.0,368.0,214.0,337.0,198.0,307.0,180.0,288.0,215.0,284.0,220.0,239.0,222.0,210.0,223.0,186.0,189.0,282.0,192.0,264.0,191.0,292.0,190.0,314.0,167.0,286.0,166.0,271.0,171.0,296.0,174.0,316.0,146.0,292.0,136.0,256.0,129.0,234.0,125.0,213.0
J,day2,1790744165.0185883,22,169.0,382.0,197.0,368.0,215.0,338.0,200.0,309.0,182.0,287.0,223.0,285.0,233.0,241.0,239.0,212.0,242.0,189.0,197.0,282.0,200.0,265.0,195.0,293.0,195.0,314.0,174.0,285.0,175.0,272.0,177.0,299.0,179.0,319.0,152.0,290.0,146.0,252.0,142.0,229.0,141.0,206.0
J,day2,1790744165.1475568,23,163.0,374.0,193.0,365.0,215.0,339.0,205.0,308.0,194.0,281.0,231.0,285.0,247.0,242.0,258.0,214.0,265.0,191.0,206.0,278.0,210.0,263.0,201.0,292.0,198.0,313.0,182.0,278.0,183.0,265.0,181.0,294.0,181.0,313.0,159.0,279.0,161.0,241.0,159.0,219.0,160.0,196.0
J,day2,1790744165.283153,24,163.0,370.0,193.0,363.0,219.0,339.0,210.0,306.0,194.0,283.0,236.0,287.0,257.0,245.0,270.0,218.0,278.0,196.0,212.0,278.0,217.0,264.0,207.0,289.0,204.0,306.0,190.0,277.0,190.0,264.0,185.0,290.0,185.0,307.0,168.0,277.0,169.0,240.0,169.0,217.0,173.0,195.0
J,day2,1790744165.3945024,25,166.0,367.0,195.0,365.0,222.0,344.0,215.0,313.0,201.0,287.0,245.0,294.0,269.0,253.0,283.0,227.0,293.0,206.0,222.0,284.0,227.0,270.0,215.0,296.0,212.0,313.0,199.0,280.0,199.0,267.0,194.0,294.0,193.0,313.0,177.0,278.0,181.0,242.0,182.0,219.0,187.0,196.0
J,day2,1790744165.499211,26,164.0,364.0,194.0,365.0,221.0,345.0,218.0,312.0,205.0,286.0,249.0,297.0,277.0,259.0,293.0,234.0,305.0,213.0,228.0,285.0,233.0,272.0,217.0,299.0,212.0,315.0,205.0,280.0,206.0,267.0,198.0,295.0,196.0,313.0,183.0,276.0,189.0,240.0,192.0,217.0,199.0,195.0
J,day2,1790744165.6339304,27,166.0,359.0,194.0,359.0,223.0,338.0,218.0,304.0,204.0,278.0,249.0,290.0,276.0,253.0,292.0,230.0,304.0,209.0,227.0,278.0,230.0,268.0,216.0,297.0,212.0,313.0,204.0,274.0,204.0,261.0,197.0,292.0,195.0,310.0,182.0,271.0,189.0,235.0,192.0,213.0,200.0,189.0
J,day2,1790744165.794322,28,168.0,358.0,196.0,358.0,224.0,337.0,217.0,304.0,204.0,277.0,248.0,285.0,273.0,246.0,288.0,220.0,299.0,199.0,224.0,274.0,230.0,263.0,217.0,291.0,213.0,308.0,201.0,271.0,202.0,259.0,196.0,289.0,195.0,307.0,178.0,269.0,183.0,232.0,186.0,209.0,192.0,186.0
J,day2,1790744165.9114122,29,170.0,358.0,199.0,358.0,226.0,336.0,219.0,302.0,205.0,275.0,249.0,281.0,274.0,240.0,289.0,214.0,301.0,192.0,225.0,271.0,229.0,259.0,215.0,289.0,210.0,307.0,201.0,268.0,202.0,255.0,196.0,286.0,194.0,305.0,178.0,267.0,182.0,229.0,183.0,205.0,189.0,181.0
J,day2,1790744166.024181,30,176.0,362.0,206.0,358.0,231.0,335.0,222.0,303.0,210.0,276.0,253.0,279.0,275.0,235.0,291.0,207.0,301.0,184.0,227.0,270.0,233.0,258.0,219.0,290.0,212.0,308.0,203.0,268.0,204.0,255.0,199.0,286.0,197.0,305.0,179.0,268.0,180.0,228.0,180.0,204.0,185.0,179.0
J,day2,1790744166.1552548,31,172.0,381.0,204.0,372.0,228.0,345.0,223.0,313.0,211.0,287.0,246.0,282.0,267.0,234.0,282.0,201.0,291.0,174.0,218.0,275.0,225.0,264.0,214.0,299.0,207.0,319.0,191.0,275.0,192.0,262.0,190.0,293.0,189.0,312.0,165.0,279.0,163.0,235.0,161.0,209.0,162.0,182.0
J,day2,1790744166.2901492,32,166.0,398.0,200.0,388.0,223.0,358.0,225.0,327.0,223.0,298.0,245.0,293.0,265.0,240.0,281.0,205.0,289.0,177.0,213.0,287.0,220.0,271.0,207.0,310.0,198.0,335.0,184.0,288.0,185.0,273.0,183.0,306.0,180.0,326.0,156.0,293.0,152.0,247.0,151.0,219.0,154.0,190.0
J,day2,1790744166.4039478,33,163.0,411.0,198.0,401.0,222.0,370.0,215.0,336.0,205.0,311.0,242.0,301.0,264.0,248.0,279.0,211.0,288.0,182.0,210.0,296.0,215.0,280.0,203.0,317.0,195.0,341.0,180.0,297.0,178.0,283.0,176.0,316.0,174.0,337.0,151.0,302.0,145.0,256.0,142.0,227.0,141.0,197.0
J,day2,1790744166.5339012,34,157.0,434.0,194.0,424.0,218.0,388.0,195.0,353.0,167.0,330.0,236.0,314.0,257.0,257.0,271.0,217.0,279.0,186.0,202.0,308.0,204.0,288.0,195.0,330.0,195.0,351.0,170.0,309.0,163.0,291.0,163.0,330.0,167.0,352.0,141.0,313.0,134.0,267.0,127.0,238.0,126.0,204.0
J,day2,1790744166.6635401,35,157.0,440.0,195.0,428.0,223.0,391.0,195.0,356.0,163.0,335.0,236.0,315.0,258.0,256.0,272.0,216.0,280.0,185.0,201.0,309.0,201.0,292.0,192.0,335.0,192.0,358.0,168.0,310.0,161.0,295.0,162.0,336.0,167.0,360.0,138.0,314.0,131.0,267.0,124.0,238.0,123.0,204.0
J,day2,1790744166.7873406,36,158.0,443.0,199.0,424.0,223.0,385.0,202.0,350.0,175.0,328.0,237.0,315.0,258.0,254.0,273.0,214.0,281.0,183.0,202.0,311.0,205.0,290.0,193.0,334.0,188.0,361.0,170.0,313.0,167.0,288.0,166.0,326.0,167.0,352.0,140.0,318.0,135.0,267.0,129.0,235.0,127.0,202.0
J,day2,1790744166.8883655,37,164.0,415.0,199.0,405.0,223.0,374.0,221.0,341.0,222.0,314.0,240.0,302.0,259.0,248.0,274.0,210.0,281.0,181.0,207.0,297.0,210.0,281.0,198.0,320.0,191.0,346.0,177.0,299.0,172.0,280.0,172.0,311.0,172.0,333.0,149.0,304.0,142.0,258.0,139.0,228.0,140.0,197.0
J,day2,1790744167.0046299,38,168.0,398.0,200.0,389.0,224.0,361.0,220.0,329.0,212.0,302.0,243.0,293.0,263.0,241.0,278.0,206.0,285.0,178.0,212.0,287.0,218.0,272.0,206.0,312.0,199.0,335.0,184.0,288.0,185.0,275.0,184.0,308.0,182.0,329.0,157.0,293.0,152.0,248.0,151.0,221.0,153.0,193.0
J,day2,1790744167.1104724,39,174.0,387.0,205.0,378.0,229.0,352.0,224.0,321.0,213.0,294.0,249.0,288.0,269.0,239.0,284.0,205.0,292.0,179.0,220.0,281.0,228.0,268.0,215.0,305.0,206.0,326.0,193.0,281.0,197.0,268.0,195.0,300.0,192.0,318.0,167.0,283.0,164.0,240.0,163.0,214.0,166.0,188.0
J,day2,1790744167.2359102,40,182.0,380.0,212.0,375.0,238.0,350.0,230.0,317.0,211.0,293.0,257.0,294.0,278.0,249.0,291.0,220.0,299.0,197.0,231.0,285.0,237.0,273.0,226.0,305.0,223.0,321.0,207.0,284.0,208.0,272.0,206.0,304.0,205.0,322.0,183.0,283.0,183.0,244.0,182.0,222.0,185.0,198.0
J,day2,1790744167.3771482,41,183.0,376.0,212.0,372.0,238.0,349.0,232.0,318.0,217.0,294.0,255.0,295.0,278.0,251.0,292.0,224.0,301.0,201.0,231.0,286.0,239.0,275.0,226.0,305.0,220.0,322.0,208.0,284.0,213.0,273.0,208.0,303.0,206.0,321.0,186.0,284.0,186.0,246.0,187.0,224.0,192.0,201.0
J,day2,1790744167.4938102,42,185.0,374.0,213.0,370.0,239.0,347.0,235.0,317.0,222.0,292.0,256.0,295.0,278.0,254.0,291.0,228.0,300.0,206.0,233.0,287.0,241.0,275.0,229.0,305.0,222.0,324.0,210.0,285.0,216.0,274.0,211.0,304.0,208.0,323.0,188.0,285.0,190.0,247.0,191.0,225.0,196.0,203.0
J,day2,1790744167.6205254,43,186.0,373.0,215.0,368.0,239.0,347.0,235.0,319.0,224.0,294.0,256.0,297.0,276.0,257.0,289.0,232.0,298.0,210.0,232.0,289.0,240.0,278.0,227.0,307.0,219.0,325.0,210.0,287.0,215.0,277.0,211.0,306.0,208.0,323.0,189.0,287.0,191.0,251.0,193.0,230.0,198.0,209.0
J,day2,1790744167.7400696,44,187.0,374.0,215.0,370.0,238.0,349.0,234.0,323.0,224.0,300.0,253.0,300.0,273.0,262.0,285.0,238.0,294.0,218.0,231.0,293.0,239.0,283.0,226.0,311.0,220.0,327.0,210.0,291.0,214.0,283.0,209.0,311.0,206.0,327.0,189.0,291.0,191.0,257.0,192.0,237.0,198.0,217.0
J,day2,1790744167.8860397,45,187.0,375.0,215.0,371.0,237.0,351.0,235.0,325.0,225.0,302.0,252.0,304.0,272.0,267.0,284.0,243.0,292.0,223.0,231.0,297.0,240.0,287.0,228.0,314.0,222.0,329.0,210.0,295.0,216.0,286.0,212.0,314.0,210.0,330.0,190.0,295.0,192.0,262.0,194.0,242.0,200.0,222.0
J,day2,1790744167.9905138,46,188.0,378.0,215.0,373.0,236.0,353.0,233.0,328.0,222.0,306.0,252.0,306.0,271.0,269.0,283.0,245.0,291.0,226.0,231.0,299.0,240.0,289.0,230.0,314.0,224.0,330.0,211.0,298.0,217.0,289.0,213.0,315.0,210.0,330.0,191.0,298.0,193.0,265.0,194.0,246.0,199.0,226.0
J,day2,1790744168.1173193,47,189.0,379.0,215.0,374.0,236.0,353.0,234.0,329.0,221.0,307.0,252.0,307.0,270.0,270.0,282.0,247.0,289.0,227.0,231.0,300.0,240.0,290.0,229.0,316.0,223.0,330.0,211.0,299.0,217.0,289.0,214.0,316.0,211.0,330.0,192.0,299.0,193.0,266.0,194.0,247.0,199.0,228.0
J,day2,1790744168.2372904,48,190.0,378.0,216.0,372.0,237.0,351.0,235.0,327.0,222.0,307.0,250.0,305.0,267.0,269.0,278.0,245.0,285.0,226.0,229.0,299.0,239.0,289.0,232.0,313.0,228.0,328.0,210.0,299.0,216.0,291.0,214.0,317.0,212.0,332.0,191.0,300.0,192.0,267.0,193.0,248.0,197.0,229.0
J,day2,1790744168.3454096,49,188.0,373.0,215.0,365.0,236.0,342.0,228.0,319.0,213.0,301.0,241.0,295.0,256.0,259.0,266.0,235.0,272.0,216.0,220.0,291.0,232.0,281.0,230.0,304.0,227.0,320.0,201.0,293.0,209.0,285.0,211.0,309.0,211.0,325.0,182.0,296.0,181.0,263.0,181.0,242.0,183.0,222.0
J,day2,1790744168.490067,50,182.0,381.0,209.0,371.0,228.0,343.0,219.0,317.0,202.0,297.0,230.0,296.0,240.0,255.0,247.0,229.0,251.0,207.0,208.0,293.0,214.0,279.0,209.0,306.0,207.0,320.0,188.0,297.0,192.0,283.0,193.0,309.0,193.0,323.0,169.0,301.0,164.0,268.0,162.0,249.0,162.0,228.0
J,day2,1790744168.6024535,51,183.0,385.0,211.0,372.0,228.0,345.0,218.0,320.0,205.0,300.0,230.0,298.0,239.0,257.0,245.0,230.0,248.0,208.0,207.0,297.0,214.0,281.0,211.0,308.0,208.0,326.0,187.0,301.0,192.0,286.0,194.0,312.0,195.0,329.0,168.0,305.0,162.0,271.0,160.0,250.0,160.0,229.0
J,day2,1790744168.7338185,52,187.0,383.0,213.0,372.0,232.0,346.0,219.0,321.0,201.0,302.0,232.0,296.0,240.0,254.0,245.0,228.0,248.0,206.0,209.0,294.0,216.0,281.0,212.0,310.0,209.0,328.0,188.0,299.0,192.0,286.0,195.0,313.0,196.0,330.0,169.0,304.0,162.0,270.0,159.0,250.0,159.0,229.0
J,day2,1790744168.8768961,53,186.0,379.0,214.0,368.0,236.0,344.0,229.0,317.0,212.0,297.0,241.0,294.0,253.0,253.0,260.0,227.0,265.0,204.0,218.0,291.0,225.0,277.0,217.0,306.0,213.0,324.0,197.0,292.0,201.0,281.0,201.0,308.0,200.0,325.0,178.0,296.0,174.0,261.0,172.0,241.0,173.0,221.0
J,day2,1790744168.994699,54,188.0,377.0,215.0,367.0,237.0,343.0,229.0,316.0,212.0,297.0,245.0,292.0,258.0,251.0,267.0,225.0,273.0,204.0,222.0,288.0,229.0,276.0,220.0,305.0,215.0,321.0,201.0,290.0,205.0,280.0,203.0,307.0,202.0,323.0,181.0,294.0,178.0,258.0,176.0,238.0,179.0,218.0
K,day2,1790744213.164848,0,106.0,413.0,132.0,394.0,148.0,357.0,142.0,320.0,141.0,292.0,151.0,324.0,167.0,284.0,177.0,259.0,185.0,237.0,126.0,321.0,122.0,274.0,119.0,243.0,116.0,218.0,103.0,328.0,93.0,323.0,97.0,353.0,101.0,373.0,83.0,340.0,79.0,336.0,83.0,361.0,87.0,378.0
K,day2,1790744213.273334,1,107.0,412.0,133.0,393.0,150.0,354.0,144.0,317.0,145.0,289.0,153.0,323.0,171.0,282.0,181.0,257.0,190.0,236.0,127.0,320.0,124.0,272.0,121.0,240.0,119.0,216.0,105.0,327.0,96.0,322.0,99.0,352.0,103.0,372.0,84.0,339.0,81.0,336.0,85.0,361.0,89.0,377.0
K,day2,1790744213.3909643,2,108.0,412.0,135.0,394.0,152.0,355.0,146.0,318.0,147.0,290.0,156.0,321.0,174.0,281.0,185.0,256.0,193.0,235.0,130.0,318.0,128.0,269.0,125.0,237.0,122.0,212.0,107.0,325.0,97.0,319.0,101.0,349.0,106.0,370.0,86.0,338.0,83.0,334.0,87.0,359.0,91.0,376.0
K,day2,1790744213.5146756,3,109.0,415.0,138.0,399.0,158.0,358.0,155.0,318.0,156.0,287.0,161.0,324.0,182.0,280.0,196.0,254.0,205.0,232.0,135.0,319.0,134.0,267.0,132.0,234.0,130.0,207.0,111.0,325.0,103.0,318.0,106.0,350.0,111.0,372.0,89.0,336.0,86.0,335.0,90.0,361.0,94.0,378.0
K,day2,1790744213.6422474,4,111.0,417.0,140.0,401.0,160.0,361.0,157.0,319.0,161.0,287.0,165.0,323.0,187.0,279.0,201.0,252.0,210.0,230.0,139.0,318.0,136.0,264.0,135.0,230.0,133.0,202.0,113.0,324.0,106.0,318.0,109.0,351.0,114.0,371.0,91.0,336.0,89.0,335.0,92.0,362.0,97.0,378.0
K,day2,1790744213.7677271,5,113.0,422.0,145.0,406.0,167.0,364.0,165.0,323.0,169.0,290.0,170.0,327.0,193.0,282.0,208.0,254.0,219.0,230.0,142.0,321.0,142.0,267.0,141.0,231.0,140.0,202.0,115.0,327.0,109.0,322.0,113.0,355.0,118.0,377.0,91.0,339.0,89.0,338.0,95.0,365.0,101.0,381.0
K,day2,1790744213.8866231,6,115.0,430.0,148.0,414.0,172.0,369.0,169.0,325.0,173.0,291.0,174.0,331.0,199.0,284.0,215.0,254.0,226.0,229.0,146.0,326.0,148.0,268.0,147.0,230.0,145.0,199.0,119.0,331.0,115.0,321.0,118.0,357.0,123.0,382.0,93.0,342.0,96.0,337.0,100.0,366.0,105.0,386.0
K,day2,1790744214.0155685,7,116.0,435.0,150.0,419.0,177.0,373.0,175.0,326.0,178.0,290.0,178.0,332.0,205.0,281.0,221.0,250.0,233.0,224.0,148.0,326.0,150.0,266.0,149.0,226.0,149.0,194.0,121.0,332.0,112.0,322.0,116.0,360.0,122.0,388.0,95.0,345.0,92.0,339.0,96.0,370.0,102.0,391.0
K,day2,1790744214.1366155,8,116.0,438.0,150.0,422.0,178.0,374.0,176.0,326.0,179.0,289.0,179.0,332.0,206.0,281.0,222.0,249.0,235.0,222.0,149.0,327.0,151.0,266.0,150.0,225.0,149.0,192.0,121.0,333.0,113.0,321.0,117.0,361.0,123.0,389.0,94.0,345.0,91.0,340.0,95.0,372.0,101.0,394.0
K,day2,1790744214.2628841,9,117.0,439.0,152.0,421.0,179.0,374.0,176.0,326.0,181.0,291.0,182.0,332.0,209.0,281.0,226.0,249.0,239.0,223.0,151.0,326.0,154.0,265.0,153.0,225.0,153.0,192.0,123.0,333.0,117.0,321.0,120.0,361.0,126.0,388.0,95.0,345.0,96.0,339.0,99.0,371.0,104.0,392.0
K,day2,1790744214.3858867,10,117.0,443.0,153.0,427.0,183.0,378.0,181.0,330.0,183.0,292.0,184.0,334.0,212.0,283.0,230.0,251.0,244.0,224.0,153.0,329.0,156.0,266.0,156.0,225.0,156.0,191.0,123.0,335.0,121.0,322.0,125.0,363.0,129.0,391.0,95.0,348.0,100.0,340.0,104.0,373.0,108.0,394.0
K,day2,1790744214.5150366,11,124.0,432.0,160.0,414.0,187.0,371.0,185.0,327.0,190.0,292.0,189.0,329.0,216.0,279.0,234.0,249.0,248.0,224.0,159.0,321.0,162.0,262.0,164.0,224.0,164.0,193.0,131.0,325.0,125.0,323.0,129.0,361.0,132.0,387.0,104.0,336.0,104.0,343.0,109.0,373.0,113.0,392.0
K,day2,1790744214.6386187,12,132.0,422.0,166.0,405.0,192.0,362.0,190.0,319.0,193.0,285.0,194.0,321.0,220.0,275.0,237.0,246.0,250.0,223.0,165.0,315.0,170.0,258.0,171.0,221.0,171.0,192.0,137.0,321.0,136.0,311.0,138.0,348.0,140.0,374.0,111.0,332.0,115.0,329.0,120.0,358.0,123.0,377.0
K,day2,1790744214.7558315,13,141.0,416.0,175.0,400.0,199.0,360.0,198.0,318.0,203.0,285.0,200.0,321.0,225.0,276.0,241.0,250.0,253.0,228.0,174.0,316.0,179.0,259.0,181.0,225.0,182.0,197.0,148.0,322.0,149.0,309.0,151.0,341.0,152.0,363.0,124.0,333.0,131.0,326.0,134.0,351.0,135.0,368.0
K,day2,1790744214.868711,14,151.0,419.0,184.0,402.0,205.0,364.0,203.0,325.0,205.0,295.0,206.0,325.0,232.0,286.0,246.0,261.0,258.0,240.0,182.0,322.0,187.0,270.0,190.0,238.0,192.0,212.0,157.0,329.0,163.0,313.0,164.0,344.0,163.0,365.0,133.0,341.0,143.0,326.0,147.0,349.0,145.0,366.0
K,day2,1790744214.9829237,15,167.0,418.0,199.0,401.0,218.0,367.0,220.0,334.0,222.0,308.0,219.0,329.0,244.0,294.0,260.0,272.0,270.0,253.0,198.0,325.0,204.0,276.0,208.0,248.0,210.0,225.0,175.0,331.0,181.0,321.0,185.0,346.0,184.0,363.0,152.0,342.0,162.0,334.0,167.0,353.0,166.0,366.0
K,day2,1790744215.120621,16,186.0,418.0,215.0,405.0,235.0,373.0,236.0,341.0,237.0,316.0,236.0,342.0,258.0,307.0,270.0,286.0,280.0,268.0,215.0,337.0,223.0,292.0,227.0,265.0,230.0,244.0,194.0,342.0,204.0,326.0,204.0,354.0,203.0,373.0,173.0,352.0,184.0,344.0,186.0,363.0,184.0,376.0
K,day2,1790744215.2543907,17,186.0,423.0,214.0,412.0,235.0,381.0,237.0,348.0,237.0,324.0,234.0,350.0,256.0,316.0,267.0,294.0,277.0,276.0,214.0,346.0,222.0,303.0,225.0,275.0,228.0,254.0,194.0,349.0,200.0,336.0,200.0,363.0,199.0,384.0,174.0,357.0,181.0,348.0,181.0,370.0,179.0,386.0
K,day2,1790744215.3886452,18,187.0,426.0,214.0,414.0,235.0,384.0,236.0,352.0,234.0,327.0,236.0,352.0,256.0,318.0,267.0,297.0,277.0,279.0,216.0,348.0,222.0,305.0,225.0,279.0,228.0,258.0,195.0,352.0,203.0,341.0,203.0,369.0,202.0,387.0,175.0,361.0,184.0,355.0,185.0,376.0,183.0,390.0
K,day2,1790744215.518468,19,227.0,437.0,256.0,425.0,275.0,398.0,272.0,371.0,269.0,351.0,275.0,358.0,293.0,326.0,304.0,305.0,312.0,290.0,254.0,354.0,257.0,311.0,262.0,286.0,265.0,266.0,232.0,361.0,239.0,352.0,243.0,374.0,245.0,389.0,210.0,372.0,218.0,364.0,222.0,381.0,223.0,394.0
K,day2,1790744215.6664743,20,246.0,446.0,275.0,434.0,297.0,407.0,301.0,382.0,302.0,363.0,296.0,369.0,314.0,335.0,325.0,316.0,333.0,301.0,276.0,364.0,284.0,321.0,289.0,295.0,293.0,274.0,255.0,368.0,266.0,361.0,269.0,383.0,269.0,399.0,231.0,378.0,243.0,373.0,248.0,390.0,248.0,403.0
K,day2,1790744215.8023558,21,265.0,455.0,295.0,443.0,317.0,407.0,321.0,374.0,326.0,350.0,317.0,374.0,337.0,339.0,349.0,318.0,357.0,300.0,295.0,367.0,306.0,325.0,314.0,298.0,318.0,274.0,274.0,370.0,293.0,369.0,293.0,397.0,289.0,413.0,255.0,379.0,276.0,387.0,275.0,407.0,270.0,416.0
K,day2,1790744215.9353771,22,256.0,449.0,289.0,436.0,313.0,406.0,316.0,376.0,317.0,353.0,312.0,369.0,331.0,336.0,341.0,316.0,348.0,300.0,291.0,365.0,297.0,319.0,303.0,294.0,306.0,273.0,270.0,371.0,281.0,365.0,287.0,387.0,289.0,400.0,248.0,381.0,258.0,376.0,266.0,393.0,269.0,404.0
K,day2,1790744216.0534797,23,252.0,448.0,282.0,432.0,304.0,400.0,305.0,370.0,306.0,347.0,302.0,363.0,320.0,330.0,331.0,310.0,339.0,294.0,279.0,360.0,284.0,316.0,289.0,292.0,293.0,270.0,256.0,366.0,268.0,361.0,271.0,387.0,270.0,402.0,234.0,377.0,246.0,372.0,252.0,392.0,252.0,404.0
K,day2,1790744216.1685846,24,240.0,444.0,268.0,427.0,285.0,394.0,285.0,364.0,286.0,340.0,281.0,361.0,302.0,327.0,315.0,305.0,325.0,287.0,261.0,359.0,266.0,314.0,272.0,288.0,276.0,266.0,240.0,365.0,252.0,355.0,255.0,382.0,254.0,400.0,219.0,376.0,232.0,365.0,237.0,386.0,235.0,401.0
K,day2,1790744216.3028522,25,222.0,436.0,252.0,414.0,264.0,378.0,261.0,348.0,261.0,324.0,263.0,352.0,281.0,317.0,291.0,294.0,298.0,274.0,241.0,350.0,244.0,306.0,246.0,277.0,248.0,255.0,219.0,357.0,225.0,343.0,229.0,372.0,230.0,393.0,196.0,369.0,205.0,355.0,211.0,377.0,212.0,395.0
K,day2,1790744216.4369888,26,217.0,432.0,246.0,411.0,260.0,374.0,257.0,344.0,255.0,320.0,256.0,346.0,275.0,311.0,286.0,289.0,294.0,271.0,234.0,344.0,238.0,300.0,241.0,273.0,243.0,250.0,211.0,352.0,217.0,337.0,221.0,367.0,221.0,388.0,189.0,365.0,198.0,351.0,203.0,373.0,202.0,390.0
K,day2,1790744216.5655782,27,202.0,427.0,232.0,411.0,253.0,378.0,253.0,347.0,252.0,323.0,247.0,344.0,266.0,309.0,277.0,287.0,285.0,269.0,224.0,341.0,229.0,296.0,233.0,269.0,236.0,247.0,203.0,347.0,209.0,336.0,212.0,364.0,212.0,385.0,182.0,358.0,190.0,347.0,194.0,369.0,194.0,386.0
K,day2,1790744216.687249,28,187.0,426.0,216.0,416.0,238.0,384.0,239.0,351.0,238.0,325.0,237.0,346.0,258.0,310.0,270.0,288.0,278.0,268.0,215.0,342.0,221.0,296.0,225.0,268.0,227.0,245.0,194.0,347.0,200.0,336.0,201.0,367.0,201.0,387.0,173.0,356.0,180.0,347.0,181.0,371.0,180.0,387.0
K,day2,1790744216.8053727,29,185.0,426.0,213.0,412.0,232.0,378.0,234.0,345.0,233.0,320.0,235.0,347.0,256.0,310.0,268.0,287.0,277.0,268.0,213.0,342.0,218.0,296.0,220.0,268.0,223.0,246.0,191.0,346.0,195.0,334.0,195.0,364.0,196.0,386.0,169.0,356.0,175.0,348.0,177.0,371.0,177.0,388.0
K,day2,1790744216.9388137,30,173.0,419.0,202.0,408.0,224.0,377.0,229.0,344.0,233.0,317.0,230.0,344.0,252.0,309.0,265.0,289.0,275.0,271.0,209.0,338.0,216.0,294.0,220.0,267.0,223.0,246.0,186.0,341.0,190.0,335.0,190.0,363.0,189.0,381.0,164.0,349.0,171.0,347.0,173.0,368.0,172.0,382.0
K,day2,1790744217.0530744,31,165.0,420.0,194.0,407.0,216.0,376.0,218.0,344.0,219.0,319.0,221.0,343.0,244.0,308.0,258.0,287.0,268.0,269.0,200.0,337.0,207.0,293.0,212.0,266.0,216.0,245.0,178.0,340.0,184.0,332.0,183.0,359.0,182.0,378.0,157.0,347.0,167.0,344.0,167.0,365.0,165.0,380.0
K,day2,1790744217.184674,32,160.0,417.0,187.0,406.0,210.0,374.0,215.0,339.0,217.0,312.0,213.0,340.0,235.0,305.0,249.0,283.0,260.0,266.0,192.0,335.0,200.0,290.0,205.0,262.0,209.0,241.0,171.0,339.0,178.0,326.0,176.0,353.0,174.0,375.0,149.0,348.0,159.0,337.0,160.0,360.0,157.0,378.0
K,day2,1790744217.307894,33,151.0,416.0,179.0,406.0,201.0,372.0,201.0,336.0,202.0,309.0,203.0,338.0,224.0,301.0,237.0,278.0,247.0,260.0,179.0,334.0,187.0,288.0,192.0,258.0,196.0,236.0,157.0,340.0,161.0,324.0,161.0,353.0,160.0,375.0,135.0,349.0,144.0,333.0,146.0,356.0,145.0,375.0
K,day2,1790744217.4373825,34,146.0,417.0,174.0,406.0,197.0,371.0,195.0,334.0,196.0,307.0,196.0,336.0,217.0,300.0,229.0,276.0,238.0,258.0,173.0,333.0,177.0,286.0,180.0,256.0,182.0,235.0,151.0,338.0,152.0,326.0,153.0,356.0,154.0,378.0,130.0,347.0,136.0,337.0,139.0,362.0,139.0,380.0
K,day2,1790744217.5674584,35,145.0,422.0,172.0,408.0,194.0,372.0,192.0,336.0,193.0,309.0,192.0,340.0,212.0,301.0,223.0,277.0,232.0,256.0,170.0,336.0,172.0,290.0,173.0,260.0,173.0,236.0,148.0,342.0,146.0,330.0,149.0,360.0,152.0,381.0,127.0,352.0,130.0,343.0,133.0,367.0,136.0,384.0
K,day2,1790744217.6830995,36,150.0,428.0,176.0,413.0,197.0,375.0,193.0,338.0,191.0,310.0,192.0,341.0,208.0,301.0,218.0,277.0,225.0,256.0,168.0,337.0,168.0,292.0,167.0,263.0,166.0,240.0,146.0,344.0,144.0,337.0,149.0,367.0,153.0,386.0,126.0,356.0,128.0,355.0,133.0,378.0,138.0,392.0
K,day2,1790744217.8008769,37,156.0,431.0,182.0,411.0,195.0,369.0,185.0,333.0,182.0,307.0,187.0,340.0,199.0,298.0,206.0,272.0,211.0,251.0,163.0,340.0,157.0,294.0,152.0,264.0,148.0,241.0,142.0,349.0,139.0,340.0,148.0,368.0,154.0,389.0,123.0,363.0,127.0,360.0,135.0,382.0,141.0,398.0
K,day2,1790744217.9389827,38,156.0,430.0,182.0,410.0,194.0,368.0,184.0,332.0,178.0,306.0,185.0,337.0,197.0,295.0,204.0,268.0,210.0,246.0,161.0,338.0,154.0,292.0,149.0,262.0,146.0,239.0,140.0,348.0,139.0,337.0,148.0,366.0,155.0,387.0,121.0,363.0,126.0,358.0,135.0,381.0,141.0,397.0
K,day2,1790744218.0660508,39,155.0,424.0,180.0,405.0,193.0,365.0,182.0,331.0,174.0,304.0,182.0,330.0,193.0,289.0,199.0,263.0,204.0,241.0,157.0,332.0,150.0,285.0,144.0,255.0,140.0,232.0,135.0,343.0,137.0,332.0,147.0,362.0,153.0,382.0,117.0,360.0,124.0,351.0,134.0,373.0,139.0,389.0
K,day2,1790744218.2028577,40,142.0,415.0,168.0,395.0,180.0,354.0,169.0,319.0,166.0,292.0,173.0,323.0,185.0,281.0,192.0,255.0,198.0,234.0,148.0,324.0,143.0,278.0,137.0,247.0,133.0,222.0,127.0,334.0,122.0,323.0,130.0,353.0,137.0,375.0,108.0,349.0,109.0,342.0,117.0,365.0,123.0,383.0
K,day2,1790744218.3472683,41,133.0,411.0,161.0,395.0,175.0,354.0,166.0,317.0,164.0,288.0,170.0,321.0,184.0,279.0,192.0,253.0,199.0,232.0,145.0,321.0,141.0,273.0,136.0,242.0,133.0,218.0,124.0,331.0,119.0,319.0,127.0,349.0,133.0,370.0,104.0,346.0,106.0,340.0,112.0,363.0,118.0,379.0
K,day2,1790744218.469993,42,124.0,405.0,150.0,390.0,167.0,351.0,161.0,313.0,158.0,282.0,165.0,315.0,181.0,273.0,190.0,247.0,197.0,226.0,140.0,313.0,138.0,265.0,135.0,234.0,132.0,209.0,118.0,321.0,115.0,311.0,122.0,342.0,128.0,363.0,98.0,335.0,100.0,330.0,107.0,355.0,112.0,371.0
K,day2,1790744218.5737305,43,118.0,395.0,146.0,378.0,164.0,340.0,157.0,303.0,155.0,275.0,163.0,307.0,180.0,265.0,189.0,239.0,196.0,217.0,138.0,304.0,136.0,256.0,132.0,224.0,129.0,199.0,116.0,311.0,108.0,301.0,113.0,330.0,117.0,352.0,96.0,323.0,94.0,319.0,99.0,344.0,104.0,363.0
K,day2,1790744218.7063482,44,112.0,391.0,141.0,375.0,159.0,335.0,154.0,297.0,154.0,268.0,160.0,300.0,179.0,258.0,188.0,231.0,196.0,209.0,135.0,297.0,134.0,247.0,132.0,214.0,130.0,187.0,111.0,304.0,104.0,293.0,108.0,324.0,112.0,346.0,89.0,317.0,89.0,311.0,93.0,338.0,96.0,356.0
K,day2,1790744218.8379095,45,107.0,399.0,137.0,381.0,155.0,339.0,147.0,300.0,148.0,270.0,154.0,304.0,173.0,259.0,184.0,232.0,192.0,209.0,128.0,301.0,127.0,249.0,124.0,215.0,122.0,188.0,105.0,308.0,96.0,297.0,99.0,328.0,103.0,351.0,83.0,321.0,83.0,315.0,87.0,342.0,91.0,362.0
K,day2,1790744218.973987,46,106.0,405.0,136.0,386.0,154.0,343.0,148.0,303.0,148.0,272.0,154.0,306.0,172.0,262.0,182.0,233.0,190.0,209.0,127.0,303.0,125.0,252.0,121.0,216.0,118.0,188.0,102.0,312.0,91.0,298.0,95.0,332.0,101.0,357.0,80.0,327.0,76.0,320.0,82.0,348.0,88.0,368.0
K,day2,1790744219.0885108,47,108.0,412.0,139.0,396.0,158.0,350.0,151.0,306.0,149.0,272.0,159.0,312.0,177.0,263.0,187.0,232.0,195.0,205.0,131.0,307.0,127.0,253.0,122.0,214.0,119.0,182.0,106.0,313.0,93.0,304.0,96.0,339.0,102.0,365.0,84.0,324.0,79.0,322.0,82.0,353.0,88.0,375.0
K,day2,1790744219.2442555,48,110.0,419.0,141.0,402.0,161.0,356.0,155.0,310.0,156.0,274.0,164.0,314.0,183.0,265.0,193.0,234.0,201.0,208.0,135.0,311.0,132.0,255.0,127.0,216.0,123.0,185.0,109.0,319.0,96.0,309.0,101.0,343.0,107.0,367.0,85.0,333.0,80.0,330.0,85.0,360.0,93.0,379.0
K,day2,1790744219.3622842,49,111.0,417.0,142.0,402.0,163.0,357.0,158.0,311.0,160.0,276.0,165.0,316.0,185.0,266.0,196.0,236.0,205.0,210.0,137.0,311.0,134.0,255.0,130.0,218.0,127.0,187.0,112.0,317.0,96.0,311.0,100.0,346.0,106.0,372.0,89.0,329.0,81.0,330.0,85.0,360.0,92.0,380.0
K,day2,1790744219.4779613,50,113.0,415.0,145.0,400.0,166.0,356.0,160.0,312.0,162.0,278.0,166.0,315.0,187.0,267.0,199.0,238.0,208.0,212.0,139.0,311.0,138.0,256.0,134.0,219.0,131.0,189.0,114.0,318.0,101.0,309.0,104.0,344.0,109.0,368.0,92.0,331.0,86.0,327.0,90.0,358.0,96.0,380.0
K,day2,1790744219.577103,51,115.0,408.0,145.0,396.0,166.0,354.0,164.0,311.0,168.0,277.0,167.0,314.0,189.0,267.0,202.0,238.0,211.0,213.0,141.0,308.0,141.0,255.0,138.0,219.0,137.0,190.0,118.0,312.0,104.0,308.0,106.0,340.0,111.0,362.0,97.0,322.0,88.0,328.0,91.0,357.0,97.0,375.0
K,day2,1790744219.722765,52,120.0,401.0,149.0,387.0,172.0,346.0,170.0,304.0,176.0,273.0,175.0,310.0,196.0,266.0,209.0,239.0,219.0,215.0,150.0,305.0,151.0,254.0,150.0,219.0,149.0,190.0,128.0,310.0,114.0,301.0,116.0,334.0,121.0,357.0,108.0,321.0,100.0,319.0,101.0,347.0,107.0,365.0
K,day2,1790744219.828865,53,128.0,397.0,157.0,384.0,178.0,345.0,177.0,307.0,185.0,278.0,181.0,313.0,201.0,271.0,214.0,246.0,224.0,224.0,158.0,307.0,160.0,259.0,160.0,226.0,159.0,200.0,136.0,310.0,127.0,302.0,128.0,332.0,131.0,354.0,117.0,319.0,114.0,315.0,116.0,339.0,119.0,358.0
K,day2,1790744219.9407778,54,136.0,400.0,164.0,389.0,186.0,353.0,184.0,315.0,189.0,287.0,190.0,316.0,210.0,277.0,222.0,253.0,231.0,232.0,167.0,312.0,170.0,263.0,170.0,232.0,170.0,208.0,144.0,318.0,139.0,305.0,140.0,334.0,143.0,355.0,123.0,328.0,124.0,320.0,127.0,344.0,129.0,361.0
K,day2,1790744220.04542,55,143.0,405.0,171.0,392.0,193.0,355.0,193.0,318.0,197.0,290.0,196.0,325.0,216.0,287.0,229.0,262.0,239.0,242.0,173.0,320.0,179.0,274.0,180.0,243.0,182.0,219.0,151.0,324.0,149.0,309.0,150.0,339.0,151.0,361.0,130.0,333.0,133.0,325.0,135.0,348.0,137.0,365.0
K,day2,1790744220.180832,56,148.0,405.0,175.0,393.0,197.0,357.0,198.0,320.0,200.0,293.0,200.0,326.0,221.0,289.0,233.0,265.0,243.0,245.0,177.0,321.0,184.0,276.0,185.0,246.0,187.0,221.0,155.0,326.0,156.0,310.0,156.0,339.0,157.0,362.0,134.0,335.0,139.0,325.0,141.0,348.0,143.0,365.0
L,day2,1790744311.5742137,0,144.0,404.0,178.0,395.0,213.0,372.0,243.0,360.0,270.0,358.0,186.0,312.0,186.0,269.0,184.0,242.0,182.0,217.0,159.0,308.0,158.0,321.0,161.0,354.0,164.0,362.0,133.0,315.0,134.0,339.0,143.0,365.0,150.0,367.0,109.0,326.0,112.0,347.0,123.0,368.0,130.0,370.0
L,day2,1790744311.6883228,1,140.0,401.0,174.0,393.0,210.0,370.0,241.0,357.0,266.0,354.0,183.0,309.0,184.0,265.0,182.0,237.0,181.0,213.0,157.0,307.0,157.0,314.0,159.0,349.0,162.0,359.0,132.0,314.0,132.0,328.0,140.0,358.0,148.0,365.0,109.0,324.0,111.0,333.0,120.0,357.0,127.0,365.0
L,day2,1790744311.792452,2,139.0,395.0,172.0,387.0,209.0,362.0,242.0,349.0,271.0,346.0,183.0,302.0,185.0,259.0,183.0,230.0,182.0,205.0,158.0,298.0,156.0,308.0,157.0,344.0,160.0,355.0,133.0,304.0,130.0,320.0,137.0,350.0,144.0,358.0,109.0,313.0,108.0,323.0,116.0,348.0,123.0,356.0
L,day2,1790744311.9103086,3,141.0,392.0,174.0,384.0,210.0,361.0,242.0,348.0,271.0,344.0,187.0,300.0,190.0,256.0,189.0,227.0,188.0,203.0,163.0,296.0,159.0,304.0,158.0,338.0,161.0,348.0,138.0,301.0,134.0,315.0,140.0,345.0,148.0,351.0,115.0,309.0,113.0,317.0,120.0,342.0,127.0,350.0
L,day2,1790744312.0262172,4,144.0,391.0,176.0,383.0,211.0,361.0,242.0,351.0,270.0,349.0,191.0,299.0,196.0,256.0,197.0,227.0,197.0,203.0,168.0,294.0,162.0,303.0,160.0,336.0,163.0,348.0,143.0,298.0,137.0,314.0,142.0,343.0,150.0,350.0,118.0,306.0,115.0,317.0,123.0,341.0,131.0,349.0
L,day2,1790744312.1433015,5,143.0,391.0,176.0,384.0,212.0,362.0,245.0,353.0,273.0,353.0,193.0,302.0,199.0,257.0,200.0,228.0,201.0,203.0,169.0,298.0,166.0,299.0,162.0,333.0,162.0,348.0,145.0,302.0,141.0,310.0,143.0,341.0,149.0,351.0,121.0,309.0,119.0,312.0,124.0,338.0,132.0,348.0
L,day2,1790744312.2713418,6,147.0,393.0,180.0,383.0,216.0,361.0,250.0,349.0,278.0,346.0,191.0,300.0,196.0,255.0,195.0,226.0,194.0,201.0,168.0,299.0,167.0,300.0,164.0,334.0,165.0,348.0,144.0,305.0,142.0,311.0,146.0,342.0,152.0,352.0,121.0,314.0,119.0,313.0,127.0,338.0,135.0,349.0
L,day2,1790744312.4205194,7,160.0,404.0,192.0,389.0,224.0,360.0,256.0,341.0,285.0,333.0,191.0,305.0,186.0,257.0,182.0,228.0,177.0,204.0,166.0,310.0,166.0,303.0,170.0,340.0,174.0,353.0,142.0,321.0,141.0,317.0,150.0,350.0,158.0,360.0,120.0,333.0,119.0,327.0,130.0,351.0,138.0,362.0
L,day2,1790744312.5367408,8,161.0,407.0,194.0,392.0,228.0,360.0,259.0,341.0,287.0,333.0,193.0,307.0,187.0,260.0,181.0,230.0,175.0,205.0,167.0,311.0,166.0,309.0,171.0,346.0,174.0,359.0,142.0,321.0,141.0,324.0,152.0,356.0,160.0,366.0,118.0,334.0,119.0,333.0,131.0,357.0,140.0,366.0
L,day2,1790744312.6502378,9,163.0,401.0,199.0,390.0,237.0,361.0,271.0,345.0,302.0,340.0,205.0,304.0,205.0,257.0,202.0,228.0,199.0,203.0,180.0,306.0,180.0,302.0,181.0,336.0,183.0,352.0,156.0,315.0,154.0,317.0,161.0,349.0,167.0,360.0,132.0,326.0,132.0,323.0,140.0,348.0,146.0,359.0
L,day2,1790744312.7710955,10,168.0,391.0,204.0,383.0,243.0,358.0,277.0,345.0,307.0,342.0,217.0,298.0,222.0,251.0,221.0,222.0,220.0,197.0,193.0,296.0,191.0,297.0,189.0,332.0,190.0,347.0,167.0,303.0,164.0,308.0,169.0,340.0,175.0,353.0,143.0,313.0,142.0,313.0,149.0,339.0,156.0,351.0
L,day2,1790744312.9042225,11,175.0,385.0,208.0,375.0,246.0,352.0,279.0,342.0,308.0,340.0,225.0,293.0,234.0,246.0,238.0,217.0,240.0,192.0,200.0,292.0,200.0,284.0,196.0,322.0,194.0,343.0,175.0,298.0,174.0,294.0,176.0,329.0,180.0,346.0,150.0,307.0,152.0,300.0,157.0,327.0,162.0,341.0
L,day2,1790744313.0344594,12,174.0,388.0,210.0,381.0,251.0,361.0,282.0,351.0,307.0,350.0,230.0,302.0,242.0,255.0,249.0,227.0,253.0,203.0,204.0,300.0,208.0,291.0,204.0,325.0,201.0,346.0,180.0,304.0,182.0,299.0,182.0,331.0,183.0,349.0,155.0,310.0,160.0,303.0,164.0,329.0,167.0,344.0
L,day2,1790744313.1528199,13,175.0,389.0,210.0,388.0,253.0,374.0,287.0,369.0,316.0,373.0,241.0,308.0,259.0,265.0,269.0,237.0,276.0,214.0,217.0,302.0,224.0,299.0,214.0,333.0,208.0,349.0,192.0,303.0,196.0,307.0,191.0,338.0,190.0,352.0,167.0,307.0,172.0,308.0,172.0,334.0,173.0,346.0
L,day2,1790744313.3098745,14,184.0,396.0,220.0,399.0,263.0,391.0,299.0,393.0,329.0,403.0,261.0,323.0,285.0,282.0,299.0,256.0,310.0,234.0,234.0,314.0,240.0,305.0,227.0,341.0,220.0,361.0,208.0,312.0,210.0,313.0,201.0,347.0,200.0,362.0,182.0,314.0,184.0,313.0,181.0,342.0,183.0,356.0
L,day2,1790744313.4367943,15,183.0,397.0,220.0,402.0,262.0,393.0,298.0,394.0,329.0,405.0,260.0,325.0,282.0,286.0,297.0,259.0,307.0,236.0,234.0,311.0,236.0,322.0,224.0,354.0,216.0,371.0,207.0,310.0,206.0,329.0,199.0,357.0,198.0,368.0,179.0,313.0,180.0,328.0,178.0,352.0,179.0,362.0
L,day2,1790744313.5529287,16,180.0,404.0,214.0,404.0,255.0,392.0,292.0,391.0,324.0,397.0,246.0,322.0,264.0,280.0,275.0,252.0,282.0,228.0,219.0,316.0,226.0,314.0,217.0,350.0,213.0,365.0,192.0,318.0,197.0,322.0,193.0,356.0,193.0,368.0,165.0,324.0,171.0,326.0,172.0,354.0,173.0,366.0
L,day2,1790744313.6896088,17,169.0,407.0,207.0,402.0,250.0,384.0,287.0,373.0,318.0,375.0,233.0,312.0,246.0,267.0,252.0,235.0,256.0,209.0,204.0,306.0,208.0,308.0,201.0,348.0,198.0,366.0,176.0,310.0,177.0,318.0,176.0,355.0,179.0,369.0,149.0,318.0,150.0,321.0,154.0,352.0,159.0,365.0
L,day2,1790744313.806211,18,166.0,413.0,206.0,404.0,250.0,383.0,292.0,372.0,326.0,374.0,232.0,312.0,246.0,263.0,251.0,231.0,254.0,203.0,205.0,307.0,208.0,307.0,201.0,346.0,198.0,364.0,176.0,312.0,176.0,317.0,177.0,353.0,181.0,368.0,149.0,321.0,149.0,322.0,155.0,352.0,161.0,365.0
L,day2,1790744313.9325378,19,179.0,422.0,220.0,412.0,265.0,385.0,306.0,376.0,342.0,378.0,241.0,318.0,252.0,264.0,256.0,230.0,258.0,200.0,211.0,318.0,214.0,306.0,212.0,349.0,210.0,372.0,181.0,325.0,182.0,316.0,186.0,356.0,189.0,377.0,152.0,335.0,155.0,322.0,162.0,353.0,166.0,372.0
L,day2,1790744314.0534337,20,196.0,428.0,239.0,418.0,284.0,390.0,325.0,378.0,362.0,379.0,255.0,319.0,264.0,264.0,267.0,229.0,269.0,200.0,225.0,319.0,227.0,309.0,225.0,351.0,225.0,373.0,196.0,327.0,196.0,324.0,200.0,363.0,204.0,381.0,167.0,337.0,170.0,330.0,177.0,362.0,182.0,379.0
L,day2,1790744314.1864617,21,196.0,435.0,242.0,425.0,290.0,394.0,333.0,380.0,370.0,377.0,260.0,321.0,270.0,261.0,275.0,224.0,277.0,192.0,227.0,323.0,231.0,309.0,229.0,355.0,226.0,377.0,194.0,331.0,196.0,322.0,202.0,367.0,205.0,386.0,163.0,343.0,166.0,332.0,176.0,366.0,180.0,383.0
L,day2,1790744314.3207145,22,187.0,438.0,230.0,426.0,278.0,394.0,321.0,380.0,358.0,377.0,252.0,322.0,261.0,261.0,264.0,224.0,265.0,193.0,219.0,323.0,220.0,309.0,216.0,357.0,216.0,380.0,187.0,330.0,184.0,321.0,189.0,368.0,194.0,389.0,157.0,341.0,155.0,330.0,162.0,367.0,168.0,386.0
L,day2,1790744314.4355679,23,177.0,446.0,220.0,427.0,263.0,392.0,305.0,376.0,343.0,373.0,239.0,323.0,248.0,263.0,252.0,226.0,252.0,195.0,208.0,325.0,209.0,307.0,208.0,355.0,208.0,377.0,177.0,334.0,176.0,318.0,181.0,364.0,185.0,384.0,146.0,345.0,148.0,326.0,154.0,360.0,158.0,378.0
L,day2,1790744314.5651538,24,172.0,443.0,214.0,425.0,256.0,384.0,295.0,367.0,329.0,367.0,228.0,316.0,237.0,258.0,240.0,225.0,240.0,195.0,199.0,317.0,200.0,302.0,199.0,347.0,197.0,371.0,169.0,326.0,167.0,314.0,172.0,358.0,176.0,379.0,139.0,338.0,139.0,322.0,147.0,354.0,152.0,372.0
L,day2,1790744314.6834433,25,158.0,413.0,199.0,398.0,242.0,372.0,281.0,358.0,314.0,355.0,219.0,305.0,227.0,252.0,230.0,220.0,231.0,193.0,191.0,305.0,189.0,296.0,189.0,338.0,191.0,358.0,164.0,312.0,160.0,310.0,166.0,350.0,173.0,367.0,136.0,322.0,135.0,319.0,143.0,348.0,151.0,363.0
L,day2,1790744314.819468,26,153.0,394.0,188.0,383.0,227.0,353.0,262.0,337.0,292.0,332.0,201.0,295.0,205.0,246.0,205.0,216.0,204.0,191.0,175.0,295.0,177.0,290.0,175.0,328.0,174.0,346.0,148.0,302.0,149.0,304.0,154.0,340.0,159.0,354.0,123.0,312.0,125.0,310.0,133.0,338.0,139.0,351.0
L,day2,1790744314.9332597,27,154.0,398.0,188.0,385.0,223.0,355.0,256.0,337.0,286.0,329.0,196.0,300.0,197.0,252.0,195.0,222.0,193.0,198.0,171.0,305.0,171.0,294.0,171.0,331.0,172.0,350.0,146.0,314.0,144.0,305.0,151.0,340.0,156.0,358.0,122.0,326.0,121.0,314.0,131.0,341.0,137.0,356.0
L,day2,1790744315.0609252,28,158.0,407.0,192.0,393.0,224.0,358.0,255.0,335.0,286.0,326.0,193.0,307.0,190.0,258.0,186.0,228.0,181.0,204.0,168.0,313.0,169.0,301.0,172.0,340.0,174.0,359.0,143.0,325.0,142.0,314.0,152.0,350.0,158.0,367.0,119.0,339.0,120.0,327.0,132.0,353.0,139.0,367.0
L,day2,1790744315.1901388,29,156.0,405.0,191.0,391.0,227.0,358.0,259.0,337.0,290.0,329.0,197.0,303.0,196.0,254.0,193.0,225.0,191.0,201.0,171.0,305.0,173.0,301.0,174.0,339.0,176.0,360.0,146.0,314.0,147.0,315.0,154.0,349.0,160.0,365.0,121.0,325.0,123.0,325.0,133.0,351.0,141.0,363.0
L,day2,1790744315.3036885,30,159.0,397.0,195.0,385.0,232.0,354.0,266.0,337.0,296.0,332.0,206.0,298.0,209.0,249.0,208.0,220.0,207.0,195.0,179.0,302.0,183.0,290.0,183.0,327.0,183.0,348.0,154.0,311.0,156.0,300.0,160.0,337.0,163.0,356.0,128.0,322.0,132.0,307.0,140.0,334.0,144.0,350.0
L,day2,1790744315.4306262,31,160.0,388.0,196.0,379.0,235.0,352.0,270.0,338.0,300.0,334.0,213.0,293.0,219.0,244.0,221.0,215.0,222.0,191.0,187.0,294.0,189.0,283.0,186.0,321.0,184.0,344.0,161.0,300.0,161.0,291.0,163.0,328.0,166.0,348.0,136.0,309.0,137.0,296.0,143.0,324.0,147.0,340.0
L,day2,1790744315.554322,32,161.0,382.0,196.0,374.0,235.0,349.0,269.0,337.0,299.0,333.0,218.0,289.0,228.0,241.0,231.0,212.0,233.0,188.0,193.0,287.0,194.0,278.0,189.0,317.0,186.0,338.0,166.0,291.0,166.0,283.0,166.0,321.0,169.0,340.0,140.0,299.0,142.0,286.0,145.0,313.0,148.0,329.0
L,day2,1790744315.6860087,33,160.0,378.0,197.0,371.0,238.0,348.0,273.0,338.0,302.0,338.0,223.0,288.0,236.0,240.0,241.0,212.0,245.0,188.0,198.0,286.0,200.0,274.0,194.0,310.0,190.0,332.0,172.0,289.0,173.0,278.0,171.0,314.0,172.0,334.0,146.0,294.0,149.0,280.0,151.0,307.0,152.0,324.0
L,day2,1790744315.818842,34,165.0,379.0,201.0,372.0,242.0,354.0,277.0,346.0,306.0,348.0,230.0,294.0,245.0,249.0,252.0,220.0,256.0,197.0,205.0,290.0,210.0,279.0,200.0,317.0,196.0,337.0,180.0,292.0,181.0,284.0,178.0,320.0,178.0,337.0,153.0,297.0,156.0,286.0,158.0,315.0,160.0,331.0
L,day2,1790744315.9275498,35,166.0,378.0,200.0,372.0,241.0,353.0,275.0,345.0,303.0,348.0,227.0,293.0,241.0,249.0,247.0,222.0,251.0,198.0,203.0,291.0,206.0,281.0,199.0,318.0,195.0,337.0,177.0,294.0,179.0,286.0,177.0,321.0,178.0,339.0,151.0,300.0,154.0,291.0,157.0,319.0,160.0,334.0
L,day2,1790744316.025913,36,166.0,376.0,200.0,372.0,240.0,352.0,274.0,343.0,303.0,345.0,226.0,293.0,240.0,249.0,245.0,222.0,249.0,199.0,202.0,291.0,206.0,281.0,198.0,317.0,194.0,336.0,177.0,294.0,178.0,285.0,177.0,320.0,177.0,339.0,152.0,299.0,155.0,289.0,157.0,316.0,159.0,332.0
L,day2,1790744316.1471558,37,173.0,374.0,206.0,369.0,244.0,350.0,277.0,343.0,303.0,345.0,233.0,297.0,246.0,255.0,252.0,230.0,255.0,208.0,211.0,295.0,216.0,282.0,210.0,313.0,207.0,330.0,189.0,297.0,192.0,287.0,189.0,318.0,188.0,333.0,165.0,301.0,170.0,288.0,171.0,313.0,171.0,327.0
L,day2,1790744316.2437844,38,180.0,374.0,211.0,369.0,248.0,351.0,279.0,344.0,304.0,345.0,238.0,301.0,251.0,261.0,258.0,237.0,262.0,216.0,217.0,298.0,222.0,286.0,215.0,318.0,209.0,338.0,194.0,300.0,198.0,291.0,195.0,322.0,192.0,340.0,171.0,304.0,177.0,292.0,178.0,317.0,177.0,332.0
L,day2,1790744316.3657053,39,181.0,374.0,211.0,370.0,248.0,354.0,279.0,348.0,304.0,349.0,238.0,303.0,251.0,263.0,258.0,239.0,262.0,218.0,217.0,299.0,222.0,289.0,214.0,322.0,208.0,340.0,195.0,301.0,197.0,295.0,194.0,326.0,193.0,341.0,172.0,304.0,176.0,297.0,177.0,322.0,178.0,334.0
L,day2,1790744316.4893148,40,176.0,380.0,208.0,376.0,245.0,358.0,276.0,350.0,302.0,351.0,232.0,306.0,243.0,265.0,250.0,239.0,253.0,217.0,209.0,304.0,213.0,291.0,206.0,325.0,201.0,344.0,186.0,306.0,188.0,297.0,186.0,329.0,185.0,346.0,163.0,311.0,166.0,300.0,168.0,325.0,168.0,340.0
L,day2,1790744316.6376488,41,173.0,389.0,207.0,386.0,244.0,368.0,276.0,359.0,302.0,359.0,230.0,311.0,241.0,268.0,247.0,241.0,250.0,219.0,205.0,309.0,210.0,296.0,204.0,332.0,200.0,353.0,180.0,313.0,184.0,304.0,183.0,336.0,181.0,355.0,157.0,319.0,162.0,309.0,164.0,334.0,165.0,349.0
L,day2,1790744316.769886,42,168.0,399.0,203.0,397.0,243.0,378.0,275.0,366.0,304.0,365.0,227.0,316.0,237.0,272.0,242.0,243.0,244.0,220.0,201.0,313.0,204.0,307.0,197.0,343.0,194.0,364.0,175.0,316.0,177.0,315.0,176.0,349.0,177.0,366.0,150.0,322.0,154.0,318.0,157.0,345.0,159.0,359.0
L,day2,1790744316.899827,43,183.0,418.0,219.0,404.0,255.0,375.0,288.0,355.0,318.0,346.0,227.0,317.0,230.0,268.0,228.0,238.0,225.0,212.0,201.0,320.0,202.0,312.0,202.0,349.0,202.0,365.0,175.0,329.0,175.0,321.0,181.0,355.0,185.0,371.0,150.0,341.0,150.0,331.0,160.0,357.0,166.0,372.0
L,day2,1790744317.0198207,44,201.0,427.0,234.0,409.0,268.0,375.0,297.0,354.0,324.0,342.0,233.0,319.0,230.0,271.0,225.0,241.0,220.0,216.0,207.0,321.0,205.0,322.0,210.0,358.0,214.0,375.0,183.0,331.0,180.0,337.0,190.0,369.0,199.0,381.0,159.0,344.0,157.0,347.0,169.0,372.0,179.0,383.0
L,day2,1790744317.1517377,45,213.0,434.0,245.0,414.0,276.0,379.0,306.0,355.0,335.0,345.0,239.0,323.0,233.0,276.0,227.0,246.0,220.0,221.0,211.0,326.0,211.0,324.0,219.0,362.0,223.0,382.0,185.0,337.0,186.0,344.0,198.0,376.0,205.0,390.0,161.0,352.0,163.0,356.0,176.0,381.0,185.0,392.0
L,day2,1790744317.2846606,46,208.0,437.0,244.0,421.0,283.0,389.0,317.0,370.0,348.0,366.0,252.0,331.0,256.0,285.0,256.0,253.0,256.0,226.0,223.0,325.0,226.0,340.0,227.0,375.0,228.0,392.0,196.0,332.0,199.0,356.0,205.0,385.0,212.0,395.0,171.0,344.0,173.0,363.0,182.0,388.0,191.0,396.0
L,day2,1790744317.4204347,47,196.0,432.0,232.0,421.0,272.0,393.0,308.0,379.0,341.0,380.0,251.0,332.0,263.0,285.0,269.0,254.0,274.0,228.0,223.0,326.0,224.0,329.0,219.0,370.0,219.0,388.0,194.0,330.0,193.0,341.0,194.0,377.0,200.0,389.0,167.0,339.0,166.0,348.0,172.0,377.0,179.0,387.0
L,day2,1790744317.535826,48,186.0,428.0,222.0,421.0,264.0,398.0,300.0,387.0,334.0,390.0,249.0,334.0,267.0,289.0,277.0,259.0,285.0,233.0,221.0,324.0,222.0,335.0,214.0,372.0,212.0,386.0,192.0,325.0,192.0,345.0,191.0,377.0,195.0,385.0,165.0,331.0,166.0,349.0,169.0,376.0,175.0,384.0
L,day2,1790744317.6447873,49,177.0,426.0,215.0,422.0,258.0,401.0,296.0,390.0,331.0,394.0,247.0,334.0,266.0,289.0,277.0,259.0,286.0,234.0,220.0,324.0,219.0,332.0,209.0,371.0,206.0,387.0,191.0,324.0,188.0,340.0,185.0,375.0,190.0,388.0,163.0,329.0,162.0,340.0,163.0,371.0,170.0,383.0
L,day2,1790744317.7465866,50,174.0,428.0,212.0,422.0,255.0,402.0,294.0,391.0,331.0,395.0,245.0,335.0,265.0,289.0,276.0,260.0,286.0,234.0,218.0,326.0,219.0,330.0,208.0,370.0,205.0,389.0,189.0,327.0,188.0,335.0,184.0,372.0,189.0,388.0,162.0,333.0,162.0,335.0,163.0,366.0,168.0,381.0
L,day2,1790744317.8658922,51,176.0,431.0,214.0,424.0,256.0,402.0,295.0,390.0,331.0,394.0,246.0,336.0,265.0,290.0,275.0,260.0,284.0,234.0,218.0,327.0,218.0,330.0,209.0,371.0,206.0,390.0,190.0,328.0,186.0,335.0,185.0,373.0,190.0,390.0,163.0,334.0,160.0,337.0,163.0,368.0,170.0,383.0
L,day2,1790744318.0007718,52,184.0,440.0,220.0,427.0,258.0,400.0,293.0,382.0,329.0,378.0,235.0,335.0,243.0,288.0,246.0,256.0,248.0,230.0,206.0,331.0,209.0,335.0,206.0,376.0,206.0,395.0,178.0,337.0,179.0,350.0,182.0,386.0,187.0,399.0,152.0,347.0,152.0,356.0,158.0,386.0,165.0,399.0
L,day2,1790744318.1277618,53,181.0,439.0,218.0,426.0,256.0,398.0,290.0,379.0,324.0,373.0,232.0,333.0,238.0,285.0,240.0,253.0,241.0,226.0,203.0,328.0,203.0,334.0,202.0,376.0,204.0,393.0,175.0,335.0,175.0,348.0,179.0,384.0,187.0,397.0,150.0,345.0,148.0,354.0,156.0,385.0,165.0,398.0
L,day2,1790744318.253179,54,181.0,434.0,218.0,419.0,255.0,392.0,290.0,373.0,322.0,365.0,232.0,329.0,237.0,280.0,239.0,249.0,239.0,223.0,203.0,328.0,204.0,323.0,204.0,366.0,205.0,385.0,176.0,336.0,176.0,337.0,181.0,375.0,187.0,390.0,151.0,348.0,151.0,344.0,158.0,374.0,165.0,388.0
M,day2,1790745122.6482716,0,205.0,327.0,232.0,329.0,257.0,332.0,272.0,336.0,278.0,336.0,248.0,283.0,250.0,341.0,246.0,341.0,244.0,327.0,218.0,286.0,227.0,353.0,227.0,343.0,225.0,324.0,193.0,296.0,203.0,356.0,205.0,346.0,204.0,328.0,172.0,310.0,182.0,353.0,187.0,345.0,188.0,327.0
M,day2,1790745122.809818,1,203.0,331.0,230.0,334.0,256.0,338.0,271.0,343.0,276.0,343.0,249.0,284.0,250.0,342.0,247.0,343.0,246.0,330.0,219.0,286.0,226.0,353.0,227.0,345.0,227.0,327.0,194.0,296.0,203.0,356.0,206.0,347.0,205.0,329.0,173.0,308.0,182.0,352.0,188.0,346.0,190.0,329.0
M,day2,1790745122.9579551,2,205.0,326.0,232.0,328.0,256.0,332.0,267.0,338.0,268.0,340.0,249.0,282.0,249.0,341.0,246.0,340.0,244.0,327.0,219.0,284.0,226.0,352.0,227.0,343.0,226.0,325.0,194.0,295.0,203.0,354.0,205.0,345.0,204.0,327.0,173.0,308.0,182.0,351.0,187.0,344.0,189.0,327.0
M,day2,1790745123.095548,3,205.0,325.0,233.0,323.0,255.0,326.0,263.0,333.0,260.0,338.0,250.0,282.0,248.0,339.0,245.0,339.0,244.0,326.0,220.0,284.0,225.0,351.0,226.0,343.0,225.0,325.0,195.0,295.0,203.0,354.0,205.0,345.0,204.0,328.0,174.0,308.0,182.0,352.0,187.0,345.0,189.0,328.0
M,day2,1790745123.2341826,4,205.0,325.0,233.0,323.0,256.0,324.0,267.0,328.0,270.0,331.0,251.0,282.0,250.0,340.0,246.0,340.0,244.0,328.0,221.0,285.0,226.0,351.0,226.0,343.0,225.0,325.0,195.0,295.0,203.0,354.0,205.0,345.0,204.0,327.0,174.0,308.0,182.0,351.0,187.0,344.0,188.0,327.0
M,day2,1790745123.3690355,5,202.0,328.0,231.0,325.0,254.0,326.0,263.0,329.0,261.0,331.0,250.0,281.0,250.0,337.0,245.0,335.0,244.0,322.0,220.0,283.0,226.0,349.0,226.0,340.0,224.0,322.0,195.0,293.0,204.0,352.0,204.0,343.0,203.0,325.0,174.0,307.0,183.0,350.0,187.0,342.0,188.0,325.0
M,day2,1790745123.501195,6,204.0,326.0,232.0,325.0,256.0,324.0,269.0,326.0,274.0,328.0,250.0,281.0,250.0,338.0,246.0,339.0,243.0,326.0,221.0,283.0,226.0,349.0,226.0,341.0,225.0,323.0,196.0,294.0,204.0,352.0,205.0,343.0,204.0,326.0,175.0,307.0,183.0,349.0,187.0,342.0,188.0,325.0
M,day2,1790745123.6362839,7,203.0,325.0,231.0,323.0,255.0,322.0,267.0,321.0,274.0,319.0,250.0,279.0,249.0,335.0,245.0,334.0,244.0,320.0,221.0,282.0,226.0,348.0,226.0,338.0,225.0,320.0,196.0,293.0,203.0,351.0,204.0,341.0,204.0,323.0,175.0,306.0,182.0,349.0,187.0,341.0,189.0,323.0
M,day2,1790745123.7689588,8,206.0,320.0,234.0,317.0,256.0,317.0,265.0,320.0,264.0,321.0,251.0,275.0,249.0,332.0,246.0,333.0,245.0,321.0,221.0,278.0,227.0,344.0,228.0,336.0,226.0,319.0,196.0,288.0,204.0,347.0,206.0,338.0,206.0,320.0,176.0,302.0,185.0,344.0,190.0,336.0,191.0,320.0
M,day2,1790745123.8870203,9,207.0,319.0,234.0,316.0,255.0,316.0,264.0,320.0,262.0,323.0,251.0,274.0,250.0,331.0,247.0,332.0,245.0,322.0,222.0,277.0,228.0,343.0,228.0,335.0,226.0,318.0,197.0,288.0,205.0,346.0,206.0,337.0,205.0,320.0,176.0,301.0,185.0,343.0,189.0,335.0,190.0,320.0
M,day2,1790745124.0349448,10,209.0,315.0,235.0,312.0,256.0,315.0,264.0,320.0,260.0,323.0,252.0,273.0,249.0,330.0,248.0,335.0,248.0,325.0,223.0,275.0,227.0,341.0,228.0,335.0,227.0,318.0,197.0,285.0,204.0,343.0,206.0,335.0,206.0,318.0,176.0,298.0,184.0,339.0,189.0,333.0,190.0,318.0
M,day2,1790745124.159042,11,209.0,311.0,237.0,307.0,257.0,306.0,262.0,311.0,254.0,315.0,250.0,268.0,253.0,323.0,250.0,330.0,248.0,323.0,222.0,271.0,230.0,335.0,229.0,330.0,226.0,314.0,198.0,281.0,208.0,338.0,209.0,330.0,208.0,314.0,177.0,294.0,188.0,334.0,193.0,329.0,193.0,315.0
M,day2,1790745124.3011596,12,209.0,313.0,238.0,308.0,258.0,305.0,261.0,309.0,255.0,314.0,251.0,266.0,254.0,320.0,253.0,330.0,250.0,326.0,223.0,269.0,231.0,332.0,231.0,328.0,227.0,312.0,198.0,280.0,209.0,335.0,211.0,328.0,209.0,312.0,178.0,293.0,189.0,332.0,195.0,327.0,196.0,313.0
M,day2,1790745124.4308815,13,210.0,311.0,239.0,305.0,258.0,303.0,263.0,306.0,259.0,310.0,251.0,262.0,254.0,318.0,253.0,328.0,252.0,321.0,223.0,265.0,231.0,330.0,232.0,326.0,228.0,310.0,199.0,277.0,209.0,333.0,211.0,326.0,210.0,310.0,178.0,292.0,189.0,332.0,195.0,327.0,196.0,313.0
M,day2,1790745124.578858,14,210.0,309.0,238.0,305.0,257.0,302.0,262.0,304.0,256.0,307.0,251.0,260.0,255.0,314.0,251.0,323.0,247.0,314.0,223.0,263.0,232.0,326.0,231.0,324.0,226.0,308.0,199.0,273.0,210.0,329.0,211.0,324.0,209.0,309.0,179.0,287.0,190.0,326.0,195.0,323.0,195.0,310.0
M,day2,1790745124.7171452,15,210.0,306.0,238.0,301.0,258.0,298.0,264.0,299.0,260.0,300.0,251.0,259.0,254.0,312.0,251.0,318.0,247.0,309.0,222.0,262.0,231.0,325.0,232.0,323.0,228.0,307.0,199.0,273.0,210.0,328.0,212.0,323.0,210.0,308.0,179.0,287.0,190.0,326.0,195.0,322.0,196.0,309.0
M,day2,1790745124.8444936,16,211.0,304.0,238.0,299.0,258.0,297.0,264.0,299.0,259.0,302.0,251.0,258.0,253.0,312.0,249.0,322.0,246.0,313.0,222.0,262.0,230.0,325.0,231.0,325.0,228.0,311.0,198.0,273.0,208.0,328.0,212.0,325.0,211.0,310.0,179.0,287.0,189.0,325.0,195.0,323.0,197.0,311.0
M,day2,1790745124.9804738,17,211.0,303.0,239.0,299.0,258.0,297.0,262.0,301.0,253.0,305.0,251.0,257.0,252.0,311.0,249.0,321.0,246.0,313.0,222.0,260.0,229.0,324.0,231.0,326.0,229.0,311.0,198.0,272.0,208.0,327.0,213.0,325.0,213.0,310.0,178.0,285.0,189.0,325.0,196.0,324.0,199.0,311.0
M,day2,1790745125.1029398,18,210.0,304.0,239.0,299.0,258.0,296.0,262.0,301.0,253.0,306.0,250.0,257.0,253.0,310.0,251.0,323.0,247.0,316.0,222.0,261.0,230.0,324.0,232.0,326.0,229.0,312.0,198.0,272.0,209.0,327.0,214.0,326.0,214.0,311.0,179.0,286.0,190.0,324.0,198.0,324.0,201.0,313.0
M,day2,1790745125.236937,19,210.0,308.0,239.0,303.0,259.0,299.0,262.0,301.0,251.0,305.0,250.0,259.0,252.0,312.0,250.0,323.0,247.0,315.0,221.0,262.0,229.0,324.0,231.0,326.0,229.0,312.0,198.0,273.0,208.0,328.0,213.0,326.0,213.0,311.0,179.0,286.0,189.0,325.0,196.0,325.0,199.0,313.0
M,day2,1790745125.363744,20,210.0,312.0,238.0,308.0,256.0,307.0,260.0,312.0,253.0,317.0,250.0,267.0,251.0,321.0,249.0,327.0,248.0,319.0,223.0,270.0,228.0,331.0,228.0,326.0,225.0,311.0,198.0,279.0,207.0,332.0,209.0,326.0,208.0,310.0,179.0,292.0,188.0,329.0,193.0,325.0,195.0,311.0
M,day2,1790745125.506269,21,211.0,304.0,239.0,302.0,259.0,304.0,263.0,310.0,257.0,314.0,253.0,267.0,250.0,324.0,250.0,331.0,250.0,323.0,224.0,270.0,227.0,334.0,229.0,329.0,227.0,313.0,198.0,279.0,206.0,336.0,208.0,329.0,208.0,313.0,178.0,292.0,186.0,333.0,192.0,328.0,194.0,313.0
M,day2,1790745125.637054,22,210.0,307.0,238.0,304.0,258.0,305.0,263.0,309.0,255.0,312.0,253.0,267.0,251.0,324.0,249.0,330.0,248.0,322.0,224.0,269.0,228.0,334.0,228.0,328.0,226.0,312.0,199.0,279.0,206.0,336.0,208.0,328.0,207.0,311.0,178.0,291.0,187.0,333.0,192.0,327.0,193.0,312.0
M,day2,1790745125.7668324,23,212.0,303.0,238.0,302.0,258.0,308.0,263.0,315.0,256.0,320.0,253.0,274.0,250.0,329.0,248.0,328.0,247.0,318.0,224.0,274.0,226.0,337.0,227.0,328.0,225.0,311.0,199.0,282.0,205.0,338.0,206.0,328.0,206.0,312.0,178.0,292.0,185.0,333.0,190.0,326.0,192.0,310.0
M,day2,1790745125.8853009,24,211.0,301.0,237.0,300.0,256.0,309.0,260.0,320.0,252.0,328.0,254.0,278.0,248.0,336.0,245.0,331.0,245.0,317.0,224.0,279.0,224.0,344.0,225.0,332.0,224.0,314.0,198.0,287.0,201.0,345.0,204.0,334.0,204.0,317.0,176.0,297.0,181.0,341.0,188.0,331.0,191.0,314.0
M,day2,1790745126.017505,25,215.0,296.0,242.0,297.0,258.0,310.0,258.0,325.0,246.0,337.0,252.0,280.0,249.0,336.0,246.0,331.0,245.0,316.0,223.0,279.0,224.0,343.0,224.0,334.0,224.0,316.0,197.0,286.0,201.0,343.0,203.0,335.0,205.0,320.0,176.0,295.0,181.0,339.0,188.0,333.0,192.0,319.0
M,day2,1790745126.1330159,26,212.0,296.0,239.0,297.0,259.0,308.0,262.0,319.0,254.0,327.0,254.0,281.0,249.0,338.0,246.0,333.0,244.0,319.0,223.0,282.0,225.0,346.0,225.0,334.0,223.0,316.0,197.0,289.0,202.0,346.0,204.0,335.0,204.0,318.0,176.0,298.0,183.0,340.0,189.0,331.0,193.0,314.0
M,day2,1790745126.2643037,27,219.0,295.0,246.0,298.0,261.0,310.0,259.0,322.0,247.0,331.0,251.0,281.0,250.0,333.0,249.0,329.0,248.0,316.0,224.0,279.0,226.0,339.0,226.0,331.0,226.0,317.0,199.0,285.0,202.0,339.0,204.0,332.0,206.0,320.0,179.0,293.0,184.0,335.0,188.0,329.0,190.0,317.0
M,day2,1790745126.3958876,28,214.0,293.0,241.0,296.0,262.0,309.0,265.0,322.0,259.0,331.0,257.0,280.0,254.0,337.0,250.0,331.0,248.0,318.0,226.0,280.0,228.0,344.0,227.0,331.0,225.0,313.0,200.0,286.0,206.0,344.0,206.0,332.0,206.0,314.0,179.0,295.0,186.0,337.0,190.0,327.0,192.0,308.0
M,day2,1790745126.532074,29,241.0,271.0,214.0,280.0,197.0,305.0,196.0,335.0,199.0,350.0,193.0,281.0,194.0,346.0,203.0,342.0,211.0,323.0,210.0,277.0,215.0,347.0,219.0,338.0,219.0,320.0,229.0,278.0,231.0,344.0,234.0,331.0,236.0,313.0,248.0,285.0,251.0,334.0,254.0,325.0,253.0,309.0
M,day2,1790745126.6760662,30,217.0,288.0,242.0,285.0,265.0,299.0,267.0,319.0,254.0,335.0,254.0,275.0,257.0,333.0,252.0,328.0,248.0,312.0,226.0,277.0,232.0,341.0,230.0,331.0,228.0,310.0,202.0,284.0,210.0,343.0,210.0,333.0,209.0,314.0,184.0,293.0,191.0,338.0,193.0,332.0,191.0,314.0
M,day2,1790745126.8204195,31,205.0,273.0,240.0,277.0,263.0,298.0,266.0,322.0,252.0,333.0,253.0,277.0,253.0,334.0,250.0,331.0,247.0,315.0,224.0,278.0,228.0,344.0,228.0,335.0,226.0,319.0,201.0,285.0,206.0,345.0,212.0,336.0,213.0,319.0,181.0,292.0,187.0,338.0,196.0,335.0,200.0,323.0
M,day2,1790745126.9427679,32,202.0,273.0,239.0,277.0,262.0,298.0,266.0,322.0,252.0,333.0,253.0,277.0,254.0,335.0,251.0,331.0,248.0,315.0,225.0,278.0,229.0,344.0,228.0,334.0,225.0,317.0,201.0,285.0,206.0,346.0,211.0,334.0,211.0,318.0,181.0,293.0,187.0,339.0,196.0,333.0,199.0,321.0
M,day2,1790745127.0770729,33,201.0,269.0,228.0,268.0,247.0,286.0,257.0,308.0,260.0,325.0,246.0,272.0,256.0,328.0,257.0,334.0,253.0,327.0,225.0,277.0,231.0,337.0,234.0,336.0,235.0,323.0,206.0,285.0,213.0,340.0,217.0,336.0,218.0,322.0,191.0,294.0,199.0,336.0,204.0,334.0,207.0,321.0
M,day2,1790745127.1760228,34,230.0,275.0,206.0,282.0,191.0,300.0,188.0,319.0,193.0,333.0,185.0,285.0,189.0,326.0,196.0,335.0,199.0,332.0,205.0,281.0,208.0,327.0,215.0,334.0,215.0,331.0,225.0,282.0,227.0,326.0,230.0,332.0,229.0,329.0,244.0,285.0,242.0,321.0,242.0,327.0,241.0,323.0
M,day2,1790745127.2912748,35,226.0,279.0,245.0,287.0,258.0,306.0,263.0,321.0,257.0,323.0,244.0,276.0,252.0,330.0,254.0,325.0,255.0,308.0,221.0,274.0,231.0,338.0,233.0,327.0,234.0,312.0,202.0,279.0,210.0,339.0,213.0,326.0,216.0,309.0,189.0,287.0,192.0,333.0,196.0,323.0,199.0,305.0
M,day2,1790745127.433904,36,205.0,272.0,236.0,273.0,252.0,290.0,259.0,309.0,259.0,323.0,251.0,271.0,259.0,323.0,258.0,330.0,253.0,324.0,225.0,275.0,233.0,334.0,236.0,334.0,235.0,321.0,202.0,283.0,211.0,336.0,215.0,333.0,214.0,320.0,183.0,292.0,192.0,333.0,198.0,332.0,201.0,321.0
M,day2,1790745127.5369353,37,219.0,270.0,239.0,282.0,254.0,302.0,262.0,324.0,263.0,330.0,246.0,271.0,249.0,331.0,248.0,326.0,248.0,310.0,222.0,271.0,227.0,338.0,225.0,328.0,226.0,313.0,202.0,276.0,206.0,339.0,207.0,326.0,210.0,309.0,185.0,284.0,186.0,331.0,189.0,321.0,193.0,305.0
M,day2,1790745127.6717997,38,201.0,277.0,230.0,280.0,249.0,297.0,257.0,317.0,257.0,331.0,253.0,278.0,258.0,326.0,253.0,338.0,249.0,337.0,229.0,281.0,234.0,336.0,233.0,345.0,232.0,341.0,206.0,289.0,212.0,339.0,211.0,344.0,211.0,338.0,186.0,299.0,193.0,337.0,196.0,341.0,198.0,335.0
M,day2,1790745127.8185418,39,216.0,281.0,241.0,282.0,258.0,298.0,258.0,321.0,246.0,335.0,241.0,279.0,241.0,342.0,243.0,342.0,243.0,327.0,219.0,278.0,223.0,348.0,226.0,342.0,226.0,327.0,203.0,284.0,209.0,348.0,217.0,341.0,220.0,327.0,189.0,294.0,195.0,342.0,205.0,340.0,211.0,329.0
M,day2,1790745127.9348555,40,217.0,274.0,231.0,289.0,244.0,316.0,253.0,340.0,252.0,346.0,241.0,287.0,243.0,348.0,244.0,342.0,247.0,324.0,223.0,282.0,227.0,352.0,226.0,341.0,227.0,325.0,208.0,285.0,209.0,351.0,211.0,336.0,216.0,319.0,196.0,291.0,196.0,343.0,199.0,331.0,205.0,312.0
M,day2,1790745128.086097,41,205.0,278.0,239.0,283.0,261.0,303.0,265.0,326.0,254.0,336.0,253.0,282.0,253.0,341.0,250.0,339.0,247.0,323.0,225.0,283.0,228.0,350.0,228.0,341.0,225.0,324.0,201.0,289.0,207.0,350.0,213.0,340.0,214.0,325.0,182.0,297.0,188.0,343.0,197.0,339.0,202.0,329.0
M,day2,1790745128.2093973,42,204.0,278.0,239.0,282.0,262.0,303.0,265.0,325.0,252.0,334.0,254.0,284.0,254.0,341.0,251.0,337.0,248.0,322.0,225.0,284.0,229.0,350.0,228.0,341.0,226.0,325.0,201.0,291.0,206.0,351.0,212.0,341.0,212.0,325.0,181.0,299.0,187.0,345.0,196.0,340.0,200.0,328.0
M,day2,1790745128.3464522,43,205.0,273.0,240.0,278.0,264.0,301.0,265.0,324.0,255.0,338.0,256.0,287.0,258.0,344.0,255.0,337.0,250.0,319.0,227.0,288.0,233.0,354.0,234.0,342.0,231.0,322.0,202.0,295.0,210.0,356.0,215.0,344.0,214.0,325.0,182.0,302.0,192.0,350.0,197.0,340.0,195.0,322.0
M,day2,1790745128.4816043,44,205.0,276.0,240.0,279.0,266.0,302.0,266.0,327.0,254.0,341.0,255.0,286.0,259.0,342.0,255.0,335.0,250.0,317.0,226.0,287.0,233.0,351.0,234.0,340.0,230.0,321.0,202.0,295.0,212.0,355.0,216.0,343.0,214.0,324.0,182.0,303.0,194.0,349.0,199.0,340.0,197.0,323.0
M,day2,1790745128.6037803,45,204.0,274.0,240.0,278.0,266.0,301.0,266.0,325.0,253.0,339.0,256.0,285.0,259.0,341.0,255.0,334.0,250.0,316.0,226.0,288.0,233.0,351.0,233.0,340.0,230.0,320.0,202.0,295.0,211.0,354.0,215.0,342.0,213.0,324.0,182.0,303.0,194.0,349.0,198.0,339.0,196.0,322.0
M,day2,1790745128.7332137,46,205.0,274.0,241.0,279.0,266.0,302.0,266.0,326.0,252.0,338.0,255.0,285.0,258.0,340.0,255.0,333.0,251.0,315.0,226.0,287.0,233.0,351.0,234.0,339.0,230.0,319.0,201.0,295.0,211.0,354.0,215.0,342.0,214.0,323.0,182.0,303.0,193.0,349.0,198.0,339.0,196.0,321.0
M,day2,1790745128.8505278,47,202.0,273.0,238.0,278.0,264.0,300.0,265.0,323.0,254.0,335.0,256.0,284.0,260.0,340.0,254.0,334.0,248.0,316.0,227.0,286.0,234.0,349.0,232.0,339.0,228.0,320.0,203.0,293.0,212.0,353.0,214.0,341.0,212.0,322.0,183.0,301.0,193.0,347.0,196.0,338.0,194.0,321.0
M,day2,1790745128.9828205,48,203.0,275.0,235.0,280.0,258.0,295.0,264.0,314.0,256.0,324.0,251.0,271.0,255.0,330.0,253.0,326.0,250.0,310.0,225.0,272.0,231.0,337.0,230.0,327.0,228.0,311.0,203.0,280.0,210.0,339.0,214.0,327.0,214.0,312.0,184.0,290.0,189.0,335.0,196.0,327.0,200.0,314.0
M,day2,1790745129.1183043,49,222.0,272.0,246.0,276.0,261.0,293.0,264.0,316.0,257.0,327.0,246.0,269.0,248.0,330.0,250.0,325.0,251.0,310.0,221.0,270.0,226.0,336.0,226.0,326.0,225.0,312.0,202.0,277.0,205.0,337.0,209.0,324.0,212.0,309.0,185.0,286.0,185.0,330.0,191.0,323.0,195.0,310.0
M,day2,1790745129.23444,50,218.0,287.0,244.0,287.0,264.0,300.0,271.0,313.0,269.0,323.0,260.0,269.0,259.0,328.0,254.0,324.0,250.0,310.0,230.0,271.0,234.0,335.0,233.0,325.0,229.0,307.0,204.0,279.0,211.0,337.0,211.0,326.0,209.0,310.0,183.0,290.0,191.0,333.0,196.0,324.0,196.0,309.0
M,day2,1790745129.3653405,51,219.0,285.0,247.0,286.0,265.0,299.0,265.0,319.0,254.0,336.0,256.0,269.0,258.0,327.0,254.0,322.0,252.0,307.0,226.0,270.0,233.0,335.0,232.0,325.0,231.0,308.0,201.0,279.0,210.0,337.0,210.0,326.0,210.0,310.0,181.0,290.0,191.0,334.0,196.0,324.0,197.0,309.0
M,day2,1790745129.4836917,52,218.0,285.0,245.0,285.0,268.0,297.0,278.0,310.0,281.0,319.0,258.0,270.0,258.0,328.0,255.0,324.0,252.0,309.0,227.0,272.0,233.0,337.0,233.0,326.0,231.0,309.0,202.0,282.0,211.0,339.0,212.0,328.0,211.0,312.0,182.0,293.0,192.0,336.0,197.0,326.0,197.0,311.0
M,day2,1790745129.624922,53,218.0,287.0,246.0,288.0,266.0,300.0,271.0,318.0,267.0,332.0,256.0,268.0,257.0,326.0,253.0,322.0,251.0,307.0,227.0,269.0,233.0,335.0,232.0,325.0,230.0,307.0,201.0,278.0,210.0,336.0,210.0,326.0,210.0,309.0,181.0,289.0,191.0,333.0,196.0,325.0,197.0,309.0
M,day2,1790745129.7244663,54,216.0,290.0,243.0,288.0,268.0,295.0,282.0,304.0,290.0,310.0,258.0,269.0,259.0,326.0,255.0,322.0,251.0,307.0,228.0,271.0,235.0,335.0,233.0,325.0,230.0,308.0,203.0,281.0,212.0,338.0,212.0,326.0,210.0,310.0,182.0,292.0,193.0,335.0,197.0,325.0,197.0,309.0
M,day2,1790745129.840906,55,220.0,287.0,247.0,288.0,265.0,301.0,266.0,316.0,255.0,329.0,258.0,271.0,260.0,327.0,257.0,322.0,254.0,307.0,229.0,272.0,235.0,336.0,234.0,325.0,232.0,308.0,204.0,280.0,212.0,337.0,212.0,326.0,211.0,309.0,183.0,291.0,193.0,333.0,198.0,324.0,199.0,308.0
N,day2,1790745195.3707705,0,180.0,325.0,220.0,333.0,250.0,342.0,267.0,351.0,271.0,355.0,261.0,293.0,272.0,352.0,253.0,356.0,244.0,342.0,233.0,293.0,245.0,358.0,230.0,356.0,225.0,342.0,204.0,302.0,213.0,363.0,205.0,362.0,204.0,348.0,179.0,315.0,188.0,362.0,188.0,362.0,189.0,350.0
N,day2,1790745195.5023146,1,181.0,329.0,221.0,335.0,253.0,341.0,272.0,348.0,278.0,352.0,261.0,292.0,271.0,351.0,253.0,356.0,246.0,342.0,232.0,292.0,245.0,358.0,230.0,357.0,225.0,343.0,204.0,301.0,213.0,362.0,205.0,362.0,203.0,348.0,178.0,315.0,188.0,362.0,188.0,362.0,189.0,350.0
N,day2,1790745195.6343153,2,181.0,329.0,220.0,335.0,247.0,342.0,258.0,348.0,253.0,349.0,261.0,291.0,273.0,349.0,255.0,353.0,248.0,339.0,234.0,291.0,246.0,356.0,232.0,354.0,227.0,340.0,205.0,301.0,215.0,361.0,207.0,360.0,205.0,346.0,180.0,314.0,189.0,362.0,190.0,362.0,191.0,350.0
N,day2,1790745195.7678423,3,181.0,327.0,220.0,332.0,246.0,339.0,256.0,346.0,252.0,350.0,260.0,288.0,272.0,349.0,255.0,353.0,247.0,338.0,233.0,288.0,246.0,355.0,232.0,354.0,226.0,339.0,204.0,298.0,214.0,359.0,206.0,359.0,204.0,345.0,178.0,312.0,188.0,360.0,189.0,361.0,190.0,350.0
N,day2,1790745195.901954,4,180.0,325.0,220.0,328.0,249.0,334.0,260.0,344.0,256.0,351.0,258.0,286.0,270.0,344.0,255.0,349.0,248.0,335.0,231.0,287.0,244.0,352.0,232.0,352.0,226.0,338.0,202.0,298.0,214.0,356.0,208.0,358.0,205.0,345.0,177.0,312.0,188.0,358.0,191.0,361.0,193.0,351.0
N,day2,1790745196.0275302,5,176.0,323.0,217.0,324.0,245.0,329.0,252.0,340.0,241.0,347.0,254.0,283.0,271.0,340.0,253.0,350.0,242.0,340.0,226.0,286.0,246.0,350.0,231.0,355.0,221.0,343.0,198.0,297.0,215.0,356.0,206.0,359.0,202.0,347.0,174.0,312.0,188.0,358.0,189.0,359.0,188.0,348.0
N,day2,1790745196.167847,6,174.0,335.0,215.0,332.0,242.0,329.0,252.0,330.0,247.0,333.0,245.0,277.0,270.0,330.0,255.0,346.0,242.0,339.0,220.0,282.0,249.0,342.0,235.0,351.0,225.0,344.0,195.0,297.0,221.0,351.0,215.0,358.0,209.0,349.0,174.0,315.0,194.0,356.0,197.0,360.0,198.0,351.0
N,day2,1790745196.4522035,7,171.0,333.0,208.0,334.0,232.0,339.0,237.0,348.0,224.0,353.0,238.0,289.0,262.0,341.0,246.0,355.0,235.0,347.0,207.0,292.0,233.0,350.0,222.0,359.0,214.0,352.0,180.0,307.0,202.0,361.0,197.0,369.0,192.0,360.0,158.0,324.0,176.0,367.0,181.0,374.0,183.0,368.0
N,day2,1790745196.5881152,8,173.0,345.0,211.0,345.0,240.0,345.0,255.0,350.0,260.0,356.0,239.0,289.0,260.0,344.0,244.0,355.0,234.0,345.0,211.0,293.0,236.0,356.0,224.0,360.0,215.0,351.0,185.0,307.0,208.0,365.0,202.0,368.0,196.0,357.0,163.0,326.0,183.0,371.0,188.0,373.0,191.0,363.0
N,day2,1790745196.7215545,9,175.0,347.0,214.0,349.0,241.0,350.0,255.0,353.0,259.0,357.0,242.0,290.0,257.0,346.0,243.0,358.0,233.0,348.0,214.0,293.0,234.0,356.0,223.0,361.0,216.0,350.0,188.0,306.0,208.0,362.0,202.0,366.0,198.0,355.0,166.0,323.0,184.0,366.0,188.0,369.0,190.0,360.0
N,day2,1790745196.8435802,10,178.0,345.0,210.0,348.0,229.0,352.0,229.0,354.0,217.0,355.0,249.0,298.0,254.0,352.0,241.0,365.0,235.0,356.0,223.0,296.0,228.0,361.0,217.0,369.0,214.0,357.0,195.0,305.0,201.0,364.0,196.0,369.0,194.0,357.0,170.0,317.0,178.0,364.0,182.0,371.0,186.0,366.0
N,day2,1790745196.9700487,11,183.0,339.0,218.0,342.0,238.0,348.0,242.0,356.0,236.0,363.0,249.0,300.0,251.0,358.0,239.0,374.0,234.0,368.0,221.0,297.0,224.0,362.0,215.0,375.0,212.0,367.0,192.0,305.0,197.0,365.0,193.0,373.0,192.0,363.0,168.0,317.0,174.0,364.0,180.0,373.0,184.0,367.0
N,day2,1790745197.101383,12,179.0,345.0,213.0,351.0,240.0,354.0,258.0,360.0,273.0,366.0,251.0,304.0,250.0,362.0,237.0,372.0,233.0,360.0,222.0,301.0,222.0,367.0,213.0,372.0,212.0,359.0,194.0,307.0,196.0,367.0,191.0,371.0,191.0,360.0,169.0,317.0,172.0,364.0,178.0,373.0,184.0,370.0
N,day2,1790745197.2209938,13,183.0,343.0,217.0,349.0,246.0,354.0,262.0,360.0,271.0,365.0,248.0,308.0,247.0,370.0,238.0,379.0,237.0,368.0,218.0,306.0,220.0,378.0,214.0,379.0,214.0,363.0,190.0,312.0,193.0,378.0,191.0,378.0,192.0,365.0,166.0,323.0,169.0,373.0,175.0,375.0,180.0,365.0
N,day2,1790745197.3341975,14,183.0,349.0,213.0,357.0,244.0,359.0,267.0,360.0,286.0,359.0,255.0,312.0,248.0,373.0,239.0,377.0,238.0,363.0,227.0,309.0,222.0,380.0,216.0,375.0,218.0,355.0,201.0,314.0,198.0,378.0,196.0,374.0,200.0,356.0,176.0,321.0,175.0,370.0,176.0,368.0,179.0,354.0
N,day2,1790745197.7272189,15,111.0,420.0,172.0,420.0,217.0,400.0,244.0,382.0,262.0,372.0,234.0,346.0,277.0,351.0,297.0,350.0,310.0,347.0,207.0,320.0,210.0,354.0,200.0,376.0,190.0,382.0,175.0,315.0,173.0,371.0,167.0,388.0,162.0,385.0,143.0,321.0,140.0,374.0,138.0,388.0,137.0,384.0
N,day2,1790745197.8895276,16,158.0,405.0,199.0,405.0,237.0,384.0,264.0,367.0,293.0,352.0,215.0,315.0,210.0,377.0,210.0,393.0,213.0,385.0,181.0,313.0,186.0,389.0,187.0,397.0,187.0,381.0,151.0,323.0,158.0,391.0,163.0,397.0,165.0,381.0,123.0,337.0,133.0,388.0,140.0,395.0,142.0,383.0
N,day2,1790745197.9938798,17,148.0,404.0,195.0,406.0,238.0,385.0,266.0,367.0,296.0,351.0,215.0,316.0,213.0,381.0,212.0,394.0,214.0,384.0,181.0,314.0,185.0,392.0,187.0,396.0,186.0,379.0,150.0,323.0,157.0,391.0,161.0,396.0,160.0,381.0,122.0,337.0,131.0,388.0,137.0,394.0,138.0,382.0
N,day2,1790745198.1266935,18,158.0,396.0,199.0,399.0,239.0,382.0,267.0,368.0,295.0,355.0,216.0,313.0,212.0,374.0,214.0,382.0,217.0,371.0,183.0,312.0,187.0,389.0,190.0,388.0,190.0,367.0,153.0,321.0,160.0,392.0,165.0,392.0,165.0,372.0,126.0,335.0,135.0,390.0,141.0,392.0,143.0,376.0
N,day2,1790745198.2625628,19,143.0,397.0,188.0,401.0,232.0,383.0,263.0,368.0,289.0,357.0,228.0,308.0,232.0,364.0,217.0,379.0,211.0,371.0,200.0,306.0,208.0,381.0,196.0,386.0,191.0,370.0,173.0,315.0,183.0,385.0,174.0,388.0,170.0,371.0,145.0,329.0,156.0,385.0,150.0,389.0,145.0,377.0
N,day2,1790745198.3869543,20,149.0,347.0,187.0,353.0,226.0,353.0,251.0,357.0,265.0,362.0,236.0,305.0,239.0,360.0,222.0,365.0,216.0,351.0,210.0,304.0,215.0,370.0,199.0,367.0,194.0,349.0,184.0,311.0,189.0,371.0,179.0,368.0,176.0,354.0,159.0,322.0,165.0,367.0,160.0,367.0,157.0,356.0
N,day2,1790745198.5169578,21,169.0,338.0,203.0,340.0,232.0,344.0,247.0,350.0,250.0,356.0,239.0,300.0,242.0,357.0,228.0,360.0,223.0,346.0,210.0,302.0,218.0,364.0,205.0,361.0,201.0,347.0,183.0,311.0,190.0,366.0,183.0,364.0,182.0,352.0,158.0,321.0,166.0,365.0,168.0,370.0,171.0,366.0
N,day2,1790745198.6103666,22,170.0,346.0,204.0,353.0,232.0,354.0,247.0,355.0,252.0,357.0,243.0,299.0,249.0,348.0,234.0,359.0,226.0,350.0,220.0,297.0,226.0,354.0,213.0,361.0,206.0,351.0,195.0,303.0,202.0,357.0,192.0,364.0,187.0,356.0,173.0,313.0,180.0,356.0,178.0,365.0,177.0,361.0
N,day2,1790745198.7314281,23,178.0,344.0,212.0,346.0,238.0,344.0,251.0,344.0,253.0,349.0,248.0,290.0,256.0,343.0,242.0,357.0,234.0,351.0,225.0,290.0,237.0,350.0,224.0,361.0,216.0,355.0,201.0,298.0,215.0,352.0,207.0,363.0,202.0,358.0,179.0,310.0,191.0,351.0,189.0,360.0,188.0,357.0
N,day2,1790745198.8527634,24,186.0,341.0,221.0,340.0,244.0,341.0,251.0,345.0,247.0,351.0,251.0,289.0,256.0,342.0,245.0,360.0,238.0,356.0,222.0,290.0,232.0,350.0,223.0,364.0,218.0,359.0,195.0,300.0,208.0,353.0,204.0,365.0,202.0,358.0,173.0,314.0,185.0,354.0,188.0,362.0,190.0,355.0
N,day2,1790745198.9603693,25,181.0,347.0,214.0,350.0,235.0,353.0,234.0,352.0,222.0,352.0,251.0,293.0,257.0,345.0,244.0,363.0,236.0,358.0,224.0,292.0,231.0,352.0,221.0,366.0,216.0,360.0,197.0,301.0,206.0,354.0,201.0,366.0,198.0,360.0,174.0,314.0,185.0,354.0,189.0,366.0,192.0,364.0
N,day2,1790745199.1026032,26,182.0,346.0,216.0,348.0,237.0,352.0,241.0,353.0,234.0,354.0,249.0,296.0,255.0,347.0,243.0,366.0,235.0,364.0,222.0,294.0,229.0,352.0,220.0,368.0,215.0,365.0,195.0,303.0,206.0,355.0,202.0,369.0,199.0,364.0,172.0,316.0,184.0,358.0,187.0,368.0,190.0,364.0
N,day2,1790745199.2401624,27,183.0,345.0,216.0,347.0,234.0,353.0,233.0,359.0,226.0,365.0,249.0,297.0,253.0,352.0,242.0,371.0,234.0,367.0,219.0,297.0,224.0,358.0,217.0,374.0,214.0,367.0,190.0,308.0,197.0,362.0,195.0,374.0,195.0,364.0,165.0,322.0,176.0,365.0,183.0,375.0,188.0,369.0
N,day2,1790745199.3702059,28,187.0,340.0,220.0,342.0,242.0,349.0,248.0,358.0,247.0,366.0,247.0,297.0,252.0,356.0,242.0,369.0,237.0,360.0,216.0,299.0,224.0,363.0,219.0,370.0,216.0,358.0,187.0,310.0,197.0,368.0,197.0,372.0,197.0,360.0,165.0,324.0,176.0,368.0,183.0,374.0,187.0,366.0
N,day2,1790745199.4992063,29,187.0,340.0,220.0,343.0,241.0,349.0,245.0,357.0,239.0,363.0,246.0,298.0,252.0,359.0,242.0,366.0,236.0,351.0,215.0,300.0,225.0,366.0,218.0,365.0,215.0,350.0,187.0,311.0,196.0,370.0,195.0,370.0,195.0,356.0,164.0,325.0,174.0,370.0,179.0,372.0,182.0,362.0
N,day2,1790745199.610766,30,190.0,335.0,224.0,336.0,245.0,345.0,250.0,359.0,245.0,370.0,245.0,299.0,252.0,361.0,242.0,368.0,237.0,354.0,215.0,301.0,224.0,369.0,219.0,368.0,216.0,351.0,187.0,312.0,196.0,373.0,195.0,372.0,196.0,356.0,165.0,326.0,174.0,373.0,179.0,374.0,181.0,363.0
N,day2,1790745199.7105494,31,189.0,338.0,223.0,340.0,247.0,347.0,259.0,358.0,261.0,366.0,245.0,300.0,252.0,362.0,243.0,368.0,237.0,355.0,214.0,302.0,225.0,371.0,220.0,369.0,216.0,353.0,187.0,313.0,197.0,374.0,197.0,372.0,197.0,357.0,164.0,327.0,176.0,374.0,181.0,374.0,184.0,363.0
N,day2,1790745199.8115084,32,186.0,337.0,220.0,338.0,244.0,345.0,255.0,357.0,257.0,365.0,245.0,298.0,253.0,362.0,242.0,368.0,236.0,353.0,215.0,300.0,225.0,370.0,219.0,367.0,215.0,351.0,188.0,312.0,198.0,374.0,196.0,371.0,196.0,356.0,165.0,326.0,175.0,374.0,180.0,374.0,182.0,363.0
N,day2,1790745199.9364033,33,189.0,332.0,223.0,334.0,246.0,343.0,257.0,357.0,260.0,367.0,246.0,297.0,254.0,361.0,243.0,369.0,236.0,356.0,215.0,300.0,226.0,369.0,219.0,369.0,216.0,355.0,188.0,311.0,198.0,372.0,196.0,371.0,195.0,356.0,165.0,325.0,175.0,372.0,180.0,373.0,183.0,362.0
N,day2,1790745200.0772505,34,187.0,335.0,221.0,337.0,244.0,346.0,254.0,358.0,256.0,367.0,246.0,298.0,253.0,361.0,242.0,368.0,235.0,355.0,216.0,300.0,226.0,369.0,219.0,368.0,215.0,353.0,189.0,311.0,199.0,373.0,196.0,371.0,195.0,356.0,166.0,326.0,177.0,373.0,181.0,373.0,184.0,362.0
N,day2,1790745200.2208564,35,190.0,332.0,224.0,334.0,245.0,343.0,253.0,357.0,250.0,368.0,246.0,298.0,254.0,361.0,242.0,368.0,234.0,354.0,216.0,300.0,227.0,368.0,219.0,368.0,215.0,353.0,189.0,311.0,199.0,371.0,195.0,370.0,194.0,356.0,167.0,324.0,176.0,372.0,180.0,373.0,182.0,362.0
N,day2,1790745200.335043,36,189.0,331.0,222.0,334.0,245.0,343.0,255.0,355.0,255.0,364.0,246.0,297.0,255.0,360.0,242.0,365.0,235.0,350.0,217.0,298.0,228.0,366.0,220.0,363.0,217.0,348.0,190.0,309.0,201.0,369.0,197.0,367.0,195.0,353.0,167.0,323.0,177.0,370.0,182.0,372.0,184.0,362.0
N,day2,1790745200.461631,37,184.0,337.0,220.0,340.0,240.0,348.0,246.0,358.0,241.0,365.0,248.0,298.0,256.0,358.0,241.0,369.0,233.0,357.0,219.0,298.0,229.0,366.0,218.0,369.0,213.0,356.0,192.0,308.0,201.0,369.0,196.0,371.0,193.0,359.0,168.0,322.0,178.0,370.0,182.0,374.0,184.0,365.0
N,day2,1790745200.6015925,38,187.0,334.0,223.0,337.0,245.0,345.0,251.0,358.0,247.0,368.0,248.0,299.0,256.0,358.0,242.0,367.0,234.0,355.0,218.0,299.0,229.0,365.0,219.0,368.0,214.0,354.0,191.0,309.0,201.0,369.0,196.0,370.0,194.0,357.0,168.0,323.0,178.0,370.0,182.0,373.0,185.0,363.0
N,day2,1790745200.7351706,39,185.0,335.0,221.0,337.0,243.0,345.0,250.0,356.0,246.0,366.0,247.0,298.0,256.0,358.0,241.0,368.0,233.0,357.0,218.0,299.0,229.0,365.0,219.0,368.0,214.0,356.0,191.0,310.0,202.0,369.0,196.0,371.0,194.0,359.0,168.0,324.0,178.0,371.0,182.0,374.0,184.0,364.0
N,day2,1790745200.8650467,40,186.0,344.0,221.0,345.0,246.0,348.0,258.0,354.0,262.0,362.0,250.0,294.0,256.0,352.0,245.0,369.0,237.0,363.0,220.0,295.0,230.0,360.0,222.0,371.0,218.0,363.0,193.0,306.0,205.0,363.0,203.0,370.0,202.0,360.0,171.0,320.0,185.0,363.0,190.0,369.0,194.0,362.0
N,day2,1790745201.000845,41,182.0,346.0,218.0,344.0,241.0,346.0,249.0,351.0,245.0,357.0,251.0,294.0,258.0,347.0,247.0,366.0,239.0,364.0,222.0,294.0,232.0,356.0,224.0,371.0,219.0,366.0,195.0,304.0,207.0,360.0,204.0,371.0,201.0,364.0,172.0,317.0,185.0,360.0,191.0,371.0,195.0,367.0
N,day2,1790745201.1105468,42,186.0,346.0,222.0,347.0,247.0,350.0,257.0,354.0,262.0,361.0,251.0,295.0,257.0,352.0,246.0,369.0,239.0,362.0,222.0,295.0,231.0,360.0,223.0,372.0,218.0,364.0,194.0,306.0,205.0,363.0,203.0,371.0,201.0,361.0,171.0,320.0,185.0,363.0,191.0,371.0,194.0,364.0
N,day2,1790745201.2238214,43,192.0,339.0,226.0,340.0,250.0,346.0,262.0,355.0,265.0,364.0,249.0,298.0,256.0,358.0,247.0,363.0,241.0,349.0,219.0,300.0,229.0,367.0,223.0,365.0,219.0,350.0,192.0,311.0,202.0,370.0,200.0,369.0,199.0,355.0,169.0,326.0,180.0,371.0,185.0,372.0,187.0,363.0
N,day2,1790745201.337166,44,194.0,336.0,228.0,337.0,252.0,344.0,264.0,355.0,266.0,363.0,250.0,297.0,257.0,359.0,247.0,366.0,241.0,352.0,220.0,300.0,229.0,367.0,223.0,366.0,219.0,350.0,193.0,311.0,202.0,371.0,201.0,370.0,200.0,356.0,170.0,325.0,181.0,372.0,186.0,374.0,188.0,364.0
N,day2,1790745201.4681647,45,191.0,340.0,225.0,341.0,249.0,347.0,259.0,356.0,260.0,363.0,251.0,298.0,258.0,359.0,246.0,368.0,239.0,356.0,220.0,300.0,231.0,369.0,223.0,369.0,218.0,355.0,193.0,312.0,203.0,372.0,201.0,373.0,199.0,359.0,170.0,326.0,182.0,373.0,186.0,375.0,188.0,366.0
N,day2,1790745214.8232203,46,194.0,342.0,222.0,340.0,244.0,318.0,238.0,289.0,234.0,267.0,255.0,295.0,271.0,274.0,260.0,290.0,249.0,303.0,238.0,287.0,255.0,263.0,246.0,283.0,238.0,299.0,220.0,282.0,227.0,273.0,220.0,302.0,217.0,319.0,201.0,281.0,209.0,275.0,206.0,298.0,204.0,311.0
N,day2,1790745214.9564667,47,194.0,342.0,222.0,340.0,244.0,318.0,239.0,290.0,235.0,268.0,255.0,294.0,271.0,275.0,259.0,291.0,250.0,304.0,239.0,286.0,255.0,264.0,245.0,284.0,238.0,300.0,220.0,282.0,227.0,274.0,221.0,303.0,218.0,319.0,201.0,281.0,209.0,277.0,206.0,300.0,204.0,312.0
N,day2,1790745215.0620065,48,193.0,343.0,222.0,341.0,244.0,319.0,239.0,291.0,234.0,269.0,255.0,295.0,270.0,275.0,259.0,292.0,249.0,305.0,238.0,287.0,254.0,264.0,245.0,285.0,238.0,301.0,220.0,283.0,227.0,274.0,220.0,303.0,217.0,319.0,201.0,281.0,209.0,277.0,206.0,300.0,203.0,313.0
N,day2,1790745215.2011552,49,194.0,344.0,222.0,342.0,243.0,319.0,239.0,291.0,234.0,269.0,254.0,295.0,269.0,275.0,258.0,292.0,248.0,307.0,237.0,288.0,253.0,264.0,244.0,286.0,237.0,302.0,219.0,283.0,226.0,274.0,219.0,303.0,216.0,320.0,199.0,282.0,208.0,278.0,204.0,300.0,202.0,313.0
N,day2,1790745215.3106441,50,193.0,344.0,221.0,342.0,244.0,320.0,239.0,292.0,232.0,271.0,252.0,295.0,267.0,273.0,258.0,290.0,249.0,303.0,236.0,287.0,251.0,263.0,243.0,285.0,237.0,301.0,217.0,283.0,224.0,273.0,219.0,303.0,215.0,319.0,198.0,283.0,207.0,277.0,204.0,299.0,202.0,312.0
N,day2,1790745215.4267766,51,193.0,343.0,221.0,342.0,243.0,319.0,238.0,291.0,232.0,269.0,252.0,294.0,267.0,273.0,257.0,290.0,247.0,303.0,235.0,287.0,251.0,263.0,243.0,284.0,236.0,301.0,217.0,283.0,224.0,273.0,218.0,303.0,214.0,319.0,198.0,282.0,206.0,277.0,203.0,299.0,201.0,313.0
N,day2,1790745215.5419335,52,192.0,344.0,221.0,341.0,242.0,319.0,237.0,291.0,231.0,269.0,253.0,294.0,268.0,274.0,257.0,291.0,247.0,305.0,236.0,286.0,252.0,263.0,243.0,284.0,236.0,300.0,217.0,282.0,224.0,274.0,218.0,303.0,215.0,319.0,198.0,281.0,206.0,278.0,203.0,301.0,201.0,314.0
N,day2,1790745215.6443849,53,193.0,343.0,221.0,341.0,243.0,319.0,238.0,291.0,231.0,269.0,253.0,293.0,268.0,273.0,258.0,290.0,248.0,304.0,236.0,285.0,252.0,263.0,244.0,283.0,237.0,299.0,218.0,281.0,224.0,275.0,219.0,304.0,216.0,320.0,199.0,280.0,207.0,279.0,204.0,302.0,202.0,315.0
N,day2,1790745215.7879522,54,194.0,343.0,221.0,341.0,243.0,318.0,238.0,291.0,231.0,269.0,253.0,292.0,268.0,274.0,258.0,291.0,248.0,305.0,236.0,285.0,252.0,263.0,244.0,284.0,237.0,300.0,218.0,281.0,224.0,275.0,219.0,304.0,216.0,320.0,199.0,280.0,207.0,279.0,204.0,302.0,202.0,314.0
N,day2,1790745215.9165998,55,193.0,343.0,221.0,342.0,243.0,319.0,238.0,291.0,231.0,269.0,254.0,293.0,269.0,274.0,258.0,292.0,248.0,305.0,237.0,285.0,253.0,264.0,244.0,284.0,237.0,300.0,218.0,281.0,225.0,275.0,220.0,304.0,216.0,320.0,199.0,280.0,208.0,281.0,205.0,303.0,203.0,315.0
O,day2,1790745248.8003702,0,114.0,331.0,155.0,315.0,180.0,297.0,200.0,286.0,202.0,278.0,146.0,245.0,179.0,222.0,198.0,240.0,200.0,259.0,138.0,246.0,181.0,223.0,200.0,245.0,199.0,265.0,136.0,253.0,176.0,228.0,196.0,248.0,198.0,266.0,138.0,264.0,167.0,242.0,186.0,250.0,193.0,262.0
O,day2,1790745249.8612938,1,115.0,332.0,155.0,317.0,180.0,299.0,201.0,288.0,204.0,280.0,149.0,247.0,181.0,223.0,200.0,241.0,201.0,260.0,141.0,247.0,182.0,223.0,202.0,246.0,199.0,265.0,139.0,253.0,177.0,228.0,197.0,248.0,198.0,267.0,140.0,264.0,168.0,242.0,187.0,251.0,193.0,264.0
O,day2,1790745249.9759727,2,116.0,332.0,156.0,317.0,181.0,299.0,201.0,288.0,203.0,280.0,149.0,246.0,181.0,223.0,199.0,241.0,201.0,260.0,141.0,247.0,183.0,223.0,202.0,246.0,200.0,265.0,138.0,253.0,177.0,228.0,198.0,249.0,199.0,267.0,140.0,264.0,168.0,242.0,187.0,251.0,194.0,264.0
O,day2,1790745250.1368022,3,116.0,330.0,157.0,314.0,182.0,296.0,203.0,285.0,204.0,278.0,149.0,243.0,182.0,221.0,200.0,240.0,202.0,258.0,141.0,244.0,184.0,222.0,202.0,245.0,200.0,264.0,139.0,251.0,179.0,227.0,198.0,247.0,199.0,265.0,141.0,262.0,170.0,241.0,188.0,249.0,195.0,261.0
O,day2,1790745250.2581604,4,117.0,328.0,157.0,313.0,183.0,295.0,203.0,285.0,205.0,277.0,150.0,243.0,183.0,220.0,201.0,239.0,203.0,257.0,142.0,243.0,184.0,221.0,203.0,244.0,202.0,263.0,140.0,250.0,179.0,226.0,199.0,246.0,200.0,264.0,141.0,261.0,170.0,239.0,188.0,248.0,195.0,261.0
O,day2,1790745250.387176,5,117.0,327.0,156.0,314.0,182.0,296.0,203.0,285.0,206.0,280.0,151.0,243.0,185.0,221.0,203.0,241.0,205.0,258.0,143.0,243.0,186.0,222.0,204.0,245.0,202.0,264.0,141.0,250.0,180.0,227.0,200.0,247.0,201.0,265.0,143.0,260.0,171.0,241.0,189.0,250.0,195.0,262.0
O,day2,1790745250.5104837,6,110.0,320.0,153.0,313.0,181.0,301.0,202.0,296.0,207.0,293.0,163.0,241.0,202.0,232.0,215.0,256.0,211.0,273.0,154.0,242.0,201.0,233.0,214.0,260.0,207.0,277.0,149.0,251.0,191.0,240.0,206.0,264.0,202.0,281.0,147.0,266.0,177.0,254.0,193.0,267.0,194.0,280.0
O,day2,1790745250.6441157,7,112.0,316.0,155.0,309.0,182.0,300.0,201.0,297.0,207.0,295.0,167.0,240.0,206.0,233.0,218.0,258.0,212.0,276.0,157.0,241.0,203.0,234.0,215.0,263.0,207.0,279.0,149.0,250.0,191.0,241.0,206.0,267.0,202.0,283.0,145.0,266.0,176.0,255.0,192.0,269.0,196.0,281.0
O,day2,1790745250.7969992,8,111.0,317.0,154.0,309.0,182.0,299.0,202.0,296.0,207.0,296.0,165.0,241.0,205.0,232.0,217.0,259.0,212.0,276.0,155.0,241.0,201.0,233.0,214.0,263.0,207.0,280.0,147.0,250.0,189.0,240.0,205.0,267.0,202.0,284.0,143.0,265.0,175.0,254.0,192.0,269.0,195.0,281.0
O,day2,1790745250.9122937,9,117.0,313.0,154.0,309.0,182.0,299.0,204.0,291.0,202.0,285.0,170.0,240.0,201.0,229.0,211.0,253.0,206.0,269.0,161.0,237.0,197.0,227.0,209.0,254.0,203.0,271.0,152.0,242.0,186.0,233.0,199.0,257.0,197.0,274.0,144.0,253.0,171.0,245.0,187.0,259.0,191.0,273.0
O,day2,1790745251.0298252,10,120.0,316.0,152.0,310.0,180.0,298.0,201.0,289.0,203.0,279.0,171.0,245.0,197.0,223.0,209.0,246.0,206.0,263.0,161.0,243.0,193.0,221.0,206.0,248.0,201.0,267.0,152.0,245.0,182.0,226.0,196.0,251.0,195.0,269.0,143.0,253.0,168.0,237.0,185.0,250.0,191.0,264.0
O,day2,1790745251.1530414,11,116.0,320.0,158.0,308.0,184.0,291.0,206.0,280.0,203.0,272.0,157.0,236.0,186.0,218.0,203.0,236.0,205.0,252.0,149.0,236.0,187.0,218.0,205.0,240.0,204.0,257.0,144.0,241.0,183.0,223.0,201.0,243.0,202.0,260.0,143.0,252.0,173.0,235.0,191.0,245.0,197.0,258.0
O,day2,1790745251.2895489,12,118.0,320.0,159.0,305.0,182.0,286.0,200.0,277.0,205.0,270.0,146.0,235.0,181.0,216.0,198.0,234.0,201.0,252.0,140.0,236.0,184.0,216.0,202.0,238.0,201.0,256.0,140.0,243.0,181.0,220.0,200.0,239.0,200.0,257.0,145.0,255.0,175.0,234.0,192.0,243.0,197.0,255.0
O,day2,1790745251.418787,13,116.0,324.0,154.0,307.0,176.0,287.0,192.0,276.0,204.0,270.0,137.0,239.0,178.0,218.0,195.0,236.0,198.0,253.0,132.0,241.0,180.0,216.0,198.0,237.0,199.0,255.0,135.0,247.0,179.0,221.0,197.0,240.0,198.0,258.0,144.0,259.0,176.0,236.0,192.0,246.0,196.0,258.0
O,day2,1790745251.5729308,14,116.0,323.0,154.0,305.0,175.0,284.0,192.0,273.0,203.0,266.0,135.0,239.0,175.0,218.0,193.0,235.0,197.0,251.0,130.0,241.0,178.0,215.0,196.0,235.0,198.0,253.0,133.0,248.0,178.0,221.0,196.0,239.0,198.0,256.0,142.0,259.0,175.0,237.0,191.0,245.0,196.0,256.0
O,day2,1790745251.7125933,15,114.0,324.0,149.0,306.0,168.0,283.0,186.0,269.0,200.0,262.0,131.0,238.0,171.0,215.0,188.0,234.0,189.0,251.0,127.0,239.0,175.0,213.0,192.0,235.0,191.0,252.0,131.0,247.0,175.0,217.0,193.0,237.0,192.0,255.0,140.0,260.0,174.0,234.0,190.0,245.0,194.0,258.0
O,day2,1790745251.8382697,16,114.0,322.0,149.0,305.0,169.0,282.0,186.0,268.0,199.0,260.0,132.0,238.0,173.0,216.0,189.0,235.0,190.0,252.0,128.0,238.0,176.0,212.0,192.0,233.0,190.0,250.0,131.0,245.0,176.0,217.0,192.0,236.0,192.0,253.0,141.0,258.0,176.0,234.0,191.0,244.0,194.0,258.0
O,day2,1790745251.9880269,17,115.0,316.0,150.0,302.0,172.0,281.0,189.0,269.0,202.0,262.0,139.0,235.0,178.0,214.0,194.0,231.0,196.0,249.0,131.0,233.0,176.0,209.0,193.0,229.0,194.0,247.0,132.0,236.0,174.0,210.0,190.0,228.0,192.0,245.0,139.0,244.0,170.0,221.0,185.0,230.0,189.0,242.0
O,day2,1790745252.11884,18,134.0,313.0,171.0,300.0,194.0,282.0,212.0,270.0,213.0,262.0,155.0,230.0,191.0,211.0,207.0,230.0,208.0,247.0,150.0,230.0,192.0,210.0,207.0,231.0,207.0,249.0,152.0,234.0,193.0,211.0,208.0,230.0,208.0,248.0,160.0,243.0,190.0,220.0,204.0,229.0,208.0,243.0
O,day2,1790745252.2559614,19,137.0,314.0,175.0,301.0,198.0,284.0,217.0,272.0,217.0,263.0,163.0,234.0,197.0,214.0,212.0,232.0,213.0,249.0,156.0,233.0,197.0,213.0,212.0,234.0,212.0,252.0,157.0,237.0,198.0,214.0,213.0,233.0,214.0,251.0,165.0,245.0,195.0,221.0,209.0,230.0,214.0,245.0
O,day2,1790745252.4132764,20,137.0,313.0,175.0,302.0,197.0,285.0,217.0,274.0,218.0,265.0,164.0,235.0,198.0,215.0,213.0,233.0,214.0,251.0,159.0,234.0,198.0,214.0,214.0,235.0,213.0,254.0,159.0,238.0,199.0,213.0,214.0,234.0,213.0,252.0,165.0,246.0,196.0,222.0,209.0,233.0,212.0,248.0
O,day2,1790745252.5685468,21,128.0,314.0,168.0,302.0,192.0,284.0,212.0,273.0,215.0,264.0,155.0,232.0,191.0,210.0,208.0,227.0,211.0,246.0,149.0,231.0,192.0,209.0,210.0,230.0,211.0,250.0,149.0,236.0,192.0,210.0,209.0,230.0,211.0,248.0,156.0,245.0,188.0,221.0,204.0,230.0,210.0,242.0
O,day2,1790745252.6840901,22,127.0,317.0,169.0,303.0,193.0,284.0,214.0,273.0,213.0,265.0,154.0,230.0,192.0,210.0,208.0,229.0,210.0,248.0,147.0,230.0,192.0,209.0,209.0,232.0,209.0,251.0,147.0,236.0,191.0,211.0,209.0,232.0,210.0,251.0,154.0,247.0,186.0,221.0,203.0,231.0,209.0,245.0
O,day2,1790745252.82212,23,139.0,327.0,179.0,315.0,206.0,294.0,226.0,283.0,235.0,279.0,175.0,236.0,211.0,217.0,229.0,236.0,229.0,255.0,168.0,235.0,212.0,217.0,229.0,239.0,228.0,258.0,166.0,241.0,209.0,222.0,226.0,243.0,227.0,262.0,170.0,251.0,202.0,235.0,219.0,246.0,223.0,259.0
O,day2,1790745252.9668038,24,160.0,327.0,201.0,316.0,227.0,297.0,246.0,289.0,253.0,285.0,192.0,237.0,234.0,221.0,251.0,243.0,252.0,264.0,185.0,238.0,236.0,221.0,252.0,245.0,250.0,265.0,186.0,244.0,234.0,224.0,250.0,247.0,249.0,266.0,193.0,256.0,228.0,238.0,242.0,250.0,244.0,264.0
O,day2,1790745253.1327343,25,179.0,326.0,226.0,318.0,254.0,300.0,273.0,290.0,285.0,285.0,218.0,236.0,268.0,219.0,287.0,240.0,289.0,261.0,212.0,238.0,270.0,219.0,287.0,244.0,286.0,264.0,214.0,247.0,268.0,226.0,284.0,250.0,282.0,270.0,223.0,261.0,262.0,241.0,276.0,255.0,277.0,271.0
O,day2,1790745253.2653873,26,187.0,325.0,233.0,315.0,263.0,297.0,283.0,289.0,301.0,287.0,229.0,235.0,279.0,220.0,296.0,244.0,297.0,266.0,223.0,236.0,282.0,219.0,298.0,246.0,296.0,269.0,225.0,244.0,279.0,223.0,296.0,248.0,295.0,270.0,234.0,257.0,272.0,236.0,288.0,249.0,292.0,265.0
O,day2,1790745253.4212503,27,208.0,321.0,252.0,315.0,283.0,300.0,305.0,292.0,319.0,285.0,253.0,239.0,302.0,226.0,316.0,250.0,313.0,270.0,246.0,236.0,305.0,221.0,319.0,248.0,314.0,269.0,248.0,242.0,304.0,223.0,317.0,248.0,313.0,269.0,255.0,254.0,297.0,237.0,311.0,251.0,312.0,267.0
O,day2,1790745253.572769,28,216.0,320.0,260.0,313.0,290.0,298.0,311.0,290.0,325.0,285.0,260.0,236.0,312.0,224.0,321.0,251.0,316.0,271.0,253.0,235.0,314.0,220.0,324.0,250.0,316.0,270.0,254.0,242.0,312.0,223.0,322.0,251.0,316.0,271.0,261.0,255.0,305.0,236.0,318.0,252.0,317.0,267.0
O,day2,1790745253.7026007,29,221.0,318.0,264.0,313.0,292.0,300.0,313.0,294.0,329.0,292.0,267.0,236.0,320.0,226.0,328.0,254.0,322.0,273.0,261.0,233.0,323.0,223.0,331.0,253.0,322.0,272.0,262.0,240.0,321.0,225.0,330.0,253.0,323.0,274.0,268.0,253.0,314.0,240.0,326.0,258.0,324.0,274.0
O,day2,1790745253.8909607,30,214.0,310.0,257.0,308.0,287.0,294.0,310.0,285.0,320.0,277.0,262.0,234.0,307.0,221.0,321.0,241.0,320.0,258.0,256.0,229.0,309.0,214.0,323.0,235.0,320.0,253.0,256.0,233.0,307.0,217.0,320.0,237.0,318.0,256.0,262.0,244.0,301.0,231.0,315.0,242.0,318.0,254.0
O,day2,1790745254.0348136,31,192.0,302.0,237.0,296.0,265.0,280.0,286.0,273.0,300.0,268.0,235.0,219.0,281.0,208.0,296.0,233.0,294.0,254.0,230.0,217.0,285.0,205.0,299.0,233.0,295.0,255.0,231.0,222.0,284.0,205.0,298.0,232.0,294.0,254.0,238.0,234.0,279.0,216.0,290.0,233.0,288.0,251.0
O,day2,1790745254.1698773,32,178.0,304.0,223.0,297.0,251.0,279.0,271.0,269.0,281.0,262.0,221.0,218.0,265.0,203.0,285.0,224.0,287.0,246.0,215.0,216.0,267.0,199.0,286.0,225.0,286.0,248.0,215.0,222.0,266.0,201.0,282.0,226.0,280.0,248.0,220.0,233.0,258.0,214.0,270.0,229.0,269.0,246.0
O,day2,1790745254.3039677,33,169.0,301.0,212.0,294.0,237.0,276.0,258.0,265.0,262.0,256.0,208.0,217.0,249.0,199.0,267.0,219.0,268.0,239.0,202.0,216.0,250.0,197.0,266.0,220.0,264.0,240.0,201.0,220.0,249.0,200.0,264.0,221.0,261.0,241.0,206.0,229.0,242.0,212.0,255.0,225.0,256.0,240.0
O,day2,1790745254.4218352,34,140.0,303.0,180.0,292.0,207.0,271.0,229.0,257.0,227.0,248.0,176.0,218.0,207.0,196.0,225.0,213.0,228.0,232.0,168.0,216.0,208.0,194.0,225.0,214.0,225.0,233.0,166.0,218.0,208.0,196.0,225.0,215.0,225.0,234.0,170.0,225.0,202.0,203.0,218.0,215.0,222.0,231.0
O,day2,1790745254.5377188,35,129.0,304.0,167.0,292.0,193.0,271.0,213.0,256.0,216.0,245.0,164.0,220.0,190.0,197.0,208.0,213.0,213.0,231.0,156.0,217.0,189.0,193.0,207.0,212.0,209.0,232.0,152.0,218.0,188.0,193.0,206.0,211.0,209.0,231.0,153.0,224.0,183.0,201.0,201.0,211.0,207.0,226.0
O,day2,1790745254.6516652,36,122.0,308.0,158.0,293.0,182.0,271.0,201.0,257.0,203.0,245.0,146.0,222.0,173.0,196.0,193.0,211.0,198.0,229.0,138.0,220.0,171.0,191.0,192.0,209.0,197.0,230.0,135.0,222.0,171.0,193.0,192.0,209.0,197.0,230.0,138.0,228.0,167.0,203.0,186.0,210.0,195.0,224.0
O,day2,1790745254.7871487,37,114.0,312.0,149.0,298.0,174.0,276.0,193.0,259.0,193.0,247.0,134.0,228.0,162.0,200.0,182.0,214.0,188.0,232.0,126.0,226.0,159.0,196.0,181.0,212.0,185.0,232.0,123.0,228.0,159.0,199.0,180.0,213.0,185.0,231.0,126.0,234.0,154.0,208.0,172.0,213.0,180.0,225.0
O,day2,1790745254.8995018,38,114.0,314.0,148.0,300.0,172.0,276.0,191.0,260.0,191.0,249.0,138.0,227.0,159.0,199.0,179.0,213.0,185.0,232.0,129.0,226.0,157.0,197.0,179.0,215.0,183.0,235.0,124.0,229.0,154.0,199.0,176.0,214.0,183.0,234.0,124.0,236.0,149.0,209.0,169.0,214.0,180.0,226.0
O,day2,1790745255.0553048,39,121.0,315.0,156.0,301.0,181.0,278.0,201.0,263.0,204.0,253.0,150.0,226.0,175.0,201.0,194.0,216.0,198.0,233.0,142.0,224.0,174.0,199.0,195.0,217.0,197.0,237.0,138.0,227.0,173.0,200.0,194.0,217.0,198.0,237.0,138.0,233.0,167.0,210.0,188.0,218.0,196.0,230.0
O,day2,1790745255.1864333,40,128.0,312.0,167.0,299.0,193.0,279.0,214.0,267.0,217.0,256.0,163.0,225.0,190.0,202.0,208.0,218.0,211.0,236.0,155.0,224.0,190.0,201.0,210.0,221.0,210.0,241.0,152.0,227.0,188.0,202.0,208.0,221.0,211.0,241.0,153.0,235.0,184.0,213.0,203.0,223.0,209.0,237.0
O,day2,1790745255.294964,41,139.0,314.0,182.0,305.0,213.0,289.0,237.0,279.0,235.0,272.0,187.0,227.0,223.0,210.0,238.0,232.0,236.0,251.0,178.0,227.0,221.0,213.0,236.0,237.0,232.0,256.0,174.0,233.0,215.0,218.0,232.0,240.0,232.0,258.0,174.0,246.0,206.0,232.0,222.0,245.0,227.0,259.0
O,day2,1790745255.4392915,42,142.0,314.0,188.0,307.0,218.0,294.0,240.0,286.0,244.0,280.0,197.0,229.0,235.0,216.0,249.0,240.0,247.0,260.0,189.0,229.0,235.0,217.0,249.0,245.0,244.0,265.0,184.0,236.0,229.0,222.0,245.0,247.0,242.0,266.0,183.0,250.0,217.0,237.0,234.0,250.0,238.0,263.0
O,day2,1790745255.569672,43,145.0,310.0,192.0,303.0,221.0,292.0,243.0,286.0,246.0,279.0,200.0,227.0,238.0,215.0,252.0,239.0,250.0,259.0,191.0,227.0,240.0,216.0,253.0,244.0,246.0,263.0,187.0,235.0,233.0,223.0,248.0,248.0,245.0,266.0,185.0,250.0,220.0,236.0,237.0,249.0,241.0,262.0
O,day2,1790745255.704259,44,145.0,307.0,189.0,300.0,218.0,287.0,241.0,279.0,242.0,272.0,193.0,223.0,231.0,209.0,245.0,233.0,243.0,252.0,185.0,222.0,232.0,211.0,246.0,238.0,241.0,257.0,182.0,229.0,228.0,217.0,242.0,241.0,239.0,259.0,183.0,242.0,216.0,230.0,231.0,242.0,235.0,255.0
O,day2,1790745255.8283732,45,143.0,308.0,185.0,299.0,214.0,281.0,235.0,270.0,235.0,263.0,184.0,224.0,217.0,204.0,234.0,223.0,235.0,242.0,176.0,222.0,217.0,204.0,234.0,227.0,233.0,246.0,173.0,227.0,215.0,206.0,232.0,227.0,233.0,247.0,175.0,236.0,208.0,220.0,224.0,232.0,228.0,247.0
O,day2,1790745255.9279823,46,140.0,313.0,182.0,299.0,208.0,280.0,231.0,267.0,231.0,258.0,173.0,225.0,207.0,202.0,225.0,219.0,228.0,238.0,166.0,224.0,208.0,201.0,227.0,223.0,228.0,244.0,165.0,230.0,206.0,204.0,225.0,223.0,227.0,243.0,169.0,240.0,200.0,217.0,217.0,225.0,224.0,238.0
O,day2,1790745256.0453875,47,146.0,315.0,186.0,301.0,209.0,280.0,229.0,266.0,231.0,259.0,172.0,229.0,205.0,207.0,223.0,224.0,226.0,243.0,166.0,228.0,206.0,204.0,224.0,225.0,224.0,245.0,166.0,232.0,207.0,205.0,224.0,224.0,226.0,244.0,173.0,239.0,205.0,215.0,220.0,226.0,225.0,242.0
O,day2,1790745256.1613157,48,149.0,315.0,187.0,301.0,209.0,280.0,229.0,267.0,231.0,257.0,171.0,232.0,205.0,209.0,223.0,226.0,226.0,245.0,165.0,231.0,205.0,207.0,224.0,227.0,225.0,246.0,166.0,235.0,205.0,207.0,224.0,225.0,226.0,245.0,174.0,244.0,204.0,217.0,220.0,227.0,225.0,243.0
O,day2,1790745256.2858193,49,149.0,315.0,187.0,299.0,208.0,279.0,225.0,266.0,231.0,256.0,169.0,230.0,205.0,209.0,221.0,227.0,222.0,246.0,163.0,229.0,205.0,206.0,222.0,227.0,221.0,247.0,165.0,234.0,206.0,206.0,223.0,226.0,224.0,246.0,175.0,243.0,207.0,216.0,222.0,228.0,226.0,244.0
O,day2,1790745256.421845,50,151.0,313.0,188.0,297.0,207.0,276.0,224.0,262.0,231.0,256.0,167.0,229.0,204.0,209.0,220.0,228.0,220.0,246.0,162.0,229.0,205.0,206.0,222.0,227.0,220.0,246.0,165.0,233.0,207.0,206.0,224.0,228.0,224.0,247.0,177.0,242.0,209.0,216.0,223.0,230.0,226.0,247.0
O,day2,1790745256.5282037,51,152.0,312.0,189.0,298.0,209.0,277.0,226.0,264.0,232.0,255.0,169.0,230.0,207.0,209.0,223.0,227.0,223.0,246.0,163.0,230.0,207.0,206.0,224.0,227.0,223.0,246.0,167.0,234.0,209.0,206.0,226.0,227.0,226.0,246.0,178.0,244.0,211.0,217.0,225.0,230.0,228.0,246.0
O,day2,1790745256.6680737,52,154.0,313.0,193.0,299.0,214.0,281.0,232.0,270.0,237.0,261.0,177.0,230.0,214.0,211.0,230.0,229.0,231.0,248.0,172.0,230.0,215.0,209.0,231.0,230.0,229.0,250.0,174.0,235.0,216.0,209.0,232.0,229.0,231.0,248.0,184.0,244.0,216.0,219.0,230.0,231.0,233.0,246.0
O,day2,1790745256.7868931,53,159.0,311.0,198.0,302.0,223.0,287.0,245.0,275.0,243.0,263.0,194.0,232.0,228.0,212.0,242.0,231.0,241.0,249.0,186.0,230.0,226.0,211.0,241.0,234.0,239.0,251.0,185.0,234.0,226.0,212.0,241.0,232.0,240.0,250.0,190.0,243.0,221.0,220.0,236.0,230.0,240.0,244.0
O,day2,1790745256.9084327,54,156.0,311.0,197.0,303.0,221.0,287.0,242.0,276.0,243.0,265.0,191.0,231.0,226.0,212.0,241.0,230.0,242.0,249.0,184.0,230.0,226.0,211.0,241.0,234.0,240.0,253.0,184.0,234.0,225.0,211.0,241.0,233.0,240.0,252.0,189.0,243.0,221.0,221.0,236.0,231.0,239.0,245.0
O,day2,1790745257.034458,55,154.0,312.0,195.0,304.0,220.0,287.0,242.0,276.0,241.0,266.0,189.0,231.0,225.0,211.0,240.0,230.0,240.0,249.0,182.0,230.0,224.0,210.0,239.0,233.0,238.0,252.0,181.0,234.0,223.0,212.0,239.0,233.0,238.0,253.0,186.0,244.0,219.0,223.0,234.0,233.0,237.0,248.0
P,day2,1790745315.281048,0,121.0,297.0,161.0,295.0,196.0,285.0,219.0,277.0,241.0,269.0,210.0,243.0,248.0,256.0,272.0,262.0,293.0,268.0,195.0,245.0,229.0,287.0,240.0,318.0,247.0,339.0,178.0,256.0,206.0,303.0,189.0,310.0,175.0,304.0,161.0,272.0,185.0,308.0,174.0,312.0,162.0,306.0
P,day2,1790745315.3946726,1,122.0,296.0,163.0,293.0,198.0,283.0,221.0,275.0,242.0,267.0,211.0,243.0,250.0,254.0,274.0,258.0,296.0,261.0,198.0,245.0,232.0,284.0,244.0,312.0,252.0,333.0,183.0,255.0,209.0,300.0,193.0,306.0,178.0,302.0,167.0,270.0,190.0,304.0,178.0,309.0,166.0,303.0
P,day2,1790745315.5228076,2,123.0,296.0,164.0,294.0,199.0,283.0,222.0,273.0,243.0,263.0,213.0,241.0,251.0,253.0,276.0,256.0,297.0,259.0,201.0,242.0,234.0,282.0,246.0,311.0,253.0,331.0,186.0,252.0,212.0,298.0,195.0,306.0,180.0,302.0,172.0,267.0,193.0,302.0,179.0,307.0,167.0,301.0
P,day2,1790745315.654784,3,125.0,297.0,168.0,296.0,203.0,285.0,225.0,275.0,246.0,267.0,216.0,243.0,253.0,254.0,277.0,259.0,298.0,263.0,203.0,243.0,235.0,286.0,246.0,315.0,254.0,335.0,187.0,252.0,212.0,301.0,193.0,308.0,179.0,303.0,171.0,267.0,192.0,305.0,179.0,310.0,168.0,304.0
P,day2,1790745315.8084555,4,124.0,297.0,167.0,297.0,202.0,287.0,224.0,276.0,245.0,266.0,215.0,243.0,251.0,255.0,276.0,260.0,297.0,264.0,202.0,243.0,233.0,287.0,244.0,317.0,252.0,338.0,186.0,252.0,210.0,301.0,192.0,309.0,179.0,305.0,170.0,267.0,191.0,305.0,178.0,311.0,167.0,305.0
P,day2,1790745315.9508355,5,128.0,298.0,168.0,296.0,203.0,286.0,228.0,278.0,250.0,270.0,218.0,245.0,256.0,258.0,281.0,263.0,302.0,269.0,204.0,247.0,238.0,288.0,249.0,317.0,256.0,336.0,188.0,258.0,215.0,305.0,197.0,311.0,184.0,306.0,172.0,274.0,195.0,311.0,182.0,315.0,171.0,308.0
P,day2,1790745316.1018865,6,129.0,299.0,170.0,298.0,206.0,288.0,230.0,279.0,252.0,271.0,220.0,246.0,259.0,259.0,284.0,264.0,305.0,269.0,207.0,248.0,241.0,288.0,250.0,313.0,257.0,329.0,192.0,259.0,218.0,304.0,201.0,311.0,189.0,306.0,178.0,274.0,199.0,310.0,186.0,314.0,175.0,308.0
P,day2,1790745316.2168481,7,130.0,302.0,172.0,302.0,208.0,292.0,233.0,281.0,254.0,272.0,222.0,248.0,261.0,262.0,286.0,267.0,307.0,271.0,209.0,249.0,243.0,290.0,253.0,316.0,260.0,334.0,194.0,260.0,221.0,308.0,204.0,316.0,191.0,312.0,180.0,276.0,202.0,314.0,190.0,319.0,180.0,314.0
P,day2,1790745316.352654,8,131.0,300.0,174.0,298.0,209.0,286.0,233.0,276.0,256.0,267.0,222.0,245.0,260.0,257.0,285.0,263.0,306.0,268.0,208.0,246.0,241.0,288.0,250.0,317.0,258.0,336.0,192.0,257.0,217.0,304.0,201.0,311.0,189.0,306.0,175.0,272.0,197.0,309.0,186.0,314.0,175.0,307.0
P,day2,1790745316.491383,9,133.0,301.0,174.0,296.0,206.0,284.0,229.0,274.0,250.0,266.0,219.0,242.0,256.0,254.0,280.0,260.0,302.0,265.0,203.0,243.0,233.0,288.0,242.0,319.0,250.0,338.0,186.0,254.0,212.0,303.0,197.0,308.0,187.0,302.0,169.0,270.0,192.0,309.0,182.0,312.0,174.0,304.0
P,day2,1790745316.6544077,10,130.0,302.0,170.0,295.0,202.0,281.0,224.0,272.0,243.0,265.0,216.0,239.0,252.0,251.0,277.0,256.0,299.0,261.0,200.0,240.0,228.0,289.0,233.0,321.0,238.0,342.0,181.0,252.0,205.0,302.0,190.0,307.0,179.0,299.0,164.0,270.0,185.0,309.0,175.0,311.0,166.0,301.0
P,day2,1790745316.8329196,11,121.0,305.0,162.0,294.0,192.0,280.0,213.0,271.0,231.0,264.0,208.0,238.0,240.0,248.0,263.0,255.0,284.0,263.0,188.0,239.0,215.0,288.0,221.0,321.0,226.0,342.0,168.0,251.0,191.0,302.0,179.0,304.0,169.0,296.0,148.0,270.0,172.0,309.0,164.0,310.0,155.0,300.0
P,day2,1790745316.9736276,12,120.0,306.0,161.0,294.0,189.0,280.0,208.0,272.0,222.0,263.0,202.0,238.0,231.0,249.0,253.0,257.0,273.0,265.0,182.0,238.0,208.0,288.0,216.0,321.0,222.0,343.0,161.0,251.0,184.0,302.0,172.0,303.0,163.0,293.0,140.0,270.0,164.0,311.0,157.0,311.0,149.0,299.0
P,day2,1790745317.145865,13,122.0,304.0,163.0,293.0,189.0,280.0,207.0,273.0,222.0,264.0,200.0,237.0,229.0,249.0,252.0,257.0,272.0,266.0,181.0,238.0,208.0,288.0,216.0,321.0,223.0,342.0,160.0,252.0,184.0,302.0,172.0,303.0,162.0,294.0,140.0,271.0,164.0,310.0,157.0,311.0,148.0,299.0
P,day2,1790745317.2922268,14,122.0,303.0,161.0,292.0,188.0,279.0,207.0,271.0,223.0,263.0,199.0,237.0,230.0,248.0,253.0,256.0,272.0,264.0,180.0,239.0,209.0,287.0,217.0,320.0,224.0,341.0,160.0,252.0,185.0,301.0,173.0,304.0,162.0,296.0,141.0,271.0,165.0,310.0,158.0,311.0,149.0,301.0
P,day2,1790745317.5202813,15,122.0,307.0,159.0,296.0,189.0,279.0,210.0,266.0,229.0,254.0,195.0,236.0,233.0,242.0,259.0,246.0,281.0,249.0,178.0,240.0,218.0,279.0,232.0,311.0,241.0,330.0,162.0,255.0,197.0,298.0,182.0,303.0,168.0,297.0,147.0,275.0,178.0,307.0,169.0,309.0,158.0,302.0
P,day2,1790745317.671706,16,119.0,305.0,163.0,296.0,194.0,277.0,212.0,260.0,229.0,245.0,195.0,230.0,234.0,233.0,259.0,232.0,281.0,232.0,181.0,233.0,223.0,266.0,239.0,294.0,251.0,314.0,167.0,245.0,205.0,288.0,189.0,301.0,173.0,300.0,155.0,264.0,186.0,297.0,175.0,307.0,162.0,304.0
P,day2,1790745317.7821214,17,122.0,308.0,168.0,298.0,197.0,278.0,214.0,259.0,230.0,243.0,195.0,231.0,235.0,232.0,260.0,229.0,282.0,227.0,180.0,233.0,224.0,262.0,241.0,290.0,252.0,311.0,166.0,246.0,207.0,287.0,191.0,301.0,175.0,302.0,155.0,264.0,187.0,296.0,176.0,306.0,164.0,303.0
P,day2,1790745317.8785043,18,126.0,310.0,170.0,299.0,198.0,277.0,213.0,257.0,227.0,241.0,195.0,231.0,234.0,229.0,258.0,224.0,280.0,221.0,180.0,233.0,225.0,259.0,243.0,286.0,254.0,306.0,167.0,245.0,208.0,284.0,192.0,301.0,176.0,303.0,156.0,263.0,190.0,294.0,179.0,306.0,166.0,305.0
P,day2,1790745318.0193336,19,129.0,316.0,174.0,303.0,200.0,277.0,213.0,255.0,226.0,236.0,191.0,230.0,231.0,226.0,257.0,220.0,279.0,216.0,177.0,232.0,225.0,258.0,244.0,285.0,257.0,304.0,165.0,246.0,209.0,283.0,195.0,300.0,179.0,302.0,156.0,264.0,191.0,294.0,181.0,307.0,169.0,305.0
P,day2,1790745318.1534019,20,130.0,323.0,176.0,308.0,203.0,283.0,216.0,262.0,231.0,245.0,196.0,236.0,236.0,233.0,260.0,229.0,282.0,226.0,182.0,239.0,228.0,270.0,246.0,296.0,259.0,312.0,169.0,253.0,212.0,292.0,199.0,307.0,185.0,308.0,160.0,273.0,193.0,305.0,184.0,315.0,172.0,312.0
P,day2,1790745318.272775,21,125.0,321.0,169.0,307.0,199.0,284.0,216.0,265.0,233.0,250.0,198.0,238.0,237.0,238.0,262.0,235.0,283.0,234.0,184.0,240.0,229.0,274.0,244.0,303.0,254.0,320.0,171.0,255.0,211.0,296.0,198.0,309.0,184.0,309.0,161.0,275.0,193.0,308.0,183.0,317.0,170.0,314.0
P,day2,1790745318.401037,22,121.0,319.0,164.0,307.0,198.0,287.0,218.0,273.0,236.0,262.0,204.0,243.0,244.0,248.0,270.0,251.0,292.0,255.0,190.0,247.0,228.0,292.0,237.0,321.0,243.0,338.0,175.0,261.0,206.0,308.0,192.0,316.0,179.0,311.0,162.0,282.0,187.0,318.0,175.0,322.0,164.0,314.0
P,day2,1790745318.5222223,23,118.0,314.0,163.0,305.0,197.0,290.0,219.0,279.0,237.0,270.0,208.0,245.0,248.0,257.0,273.0,264.0,296.0,270.0,192.0,247.0,224.0,295.0,235.0,326.0,243.0,347.0,173.0,261.0,203.0,312.0,188.0,320.0,176.0,315.0,157.0,280.0,182.0,320.0,173.0,324.0,163.0,315.0
P,day2,1790745318.6359305,24,112.0,295.0,154.0,282.0,188.0,272.0,214.0,271.0,233.0,272.0,203.0,232.0,241.0,249.0,265.0,259.0,286.0,268.0,186.0,236.0,217.0,287.0,224.0,316.0,232.0,333.0,167.0,250.0,195.0,300.0,180.0,304.0,170.0,297.0,150.0,267.0,175.0,306.0,165.0,307.0,156.0,297.0
P,day2,1790745318.7696652,25,116.0,286.0,156.0,277.0,189.0,267.0,213.0,266.0,234.0,265.0,205.0,227.0,243.0,245.0,269.0,257.0,289.0,268.0,190.0,231.0,218.0,282.0,226.0,311.0,233.0,327.0,171.0,245.0,196.0,297.0,181.0,299.0,169.0,290.0,154.0,263.0,175.0,303.0,165.0,303.0,156.0,292.0
P,day2,1790745318.9008508,26,115.0,283.0,153.0,273.0,187.0,264.0,213.0,263.0,235.0,264.0,204.0,226.0,243.0,244.0,269.0,256.0,289.0,268.0,189.0,231.0,218.0,283.0,224.0,310.0,231.0,324.0,170.0,245.0,196.0,296.0,181.0,297.0,172.0,288.0,152.0,263.0,176.0,301.0,165.0,300.0,157.0,289.0
P,day2,1790745318.9916332,27,113.0,281.0,154.0,271.0,188.0,264.0,214.0,266.0,234.0,268.0,206.0,227.0,243.0,248.0,268.0,260.0,287.0,272.0,190.0,232.0,217.0,284.0,223.0,311.0,229.0,328.0,171.0,246.0,196.0,297.0,182.0,298.0,172.0,290.0,153.0,263.0,175.0,302.0,166.0,302.0,158.0,292.0
P,day2,1790745319.112496,28,115.0,280.0,154.0,268.0,189.0,260.0,214.0,263.0,234.0,265.0,206.0,223.0,243.0,243.0,268.0,256.0,288.0,269.0,190.0,229.0,218.0,281.0,225.0,309.0,232.0,327.0,172.0,243.0,197.0,294.0,182.0,293.0,171.0,283.0,153.0,261.0,176.0,299.0,167.0,297.0,158.0,286.0
P,day2,1790745319.2270708,29,116.0,278.0,155.0,267.0,190.0,259.0,215.0,261.0,236.0,263.0,208.0,222.0,247.0,244.0,273.0,257.0,294.0,270.0,192.0,227.0,220.0,280.0,226.0,309.0,233.0,326.0,173.0,242.0,199.0,293.0,184.0,294.0,172.0,284.0,154.0,259.0,178.0,298.0,168.0,296.0,160.0,285.0
P,day2,1790745319.352546,30,120.0,278.0,161.0,269.0,195.0,260.0,219.0,258.0,237.0,258.0,209.0,217.0,246.0,237.0,270.0,248.0,291.0,257.0,194.0,222.0,222.0,274.0,230.0,302.0,238.0,320.0,176.0,236.0,203.0,286.0,186.0,290.0,173.0,283.0,160.0,254.0,184.0,291.0,172.0,293.0,162.0,284.0
P,day2,1790745319.4716122,31,122.0,280.0,161.0,271.0,195.0,260.0,219.0,258.0,237.0,256.0,209.0,217.0,244.0,235.0,268.0,245.0,289.0,255.0,194.0,221.0,223.0,274.0,231.0,303.0,240.0,320.0,176.0,235.0,203.0,286.0,186.0,289.0,174.0,281.0,160.0,253.0,183.0,291.0,172.0,292.0,163.0,282.0
P,day2,1790745319.6066606,32,124.0,280.0,164.0,272.0,197.0,262.0,220.0,258.0,238.0,256.0,210.0,218.0,247.0,236.0,273.0,246.0,294.0,255.0,195.0,222.0,225.0,274.0,233.0,302.0,243.0,318.0,177.0,235.0,204.0,286.0,188.0,287.0,177.0,278.0,161.0,254.0,185.0,292.0,174.0,292.0,166.0,281.0
P,day2,1790745319.7241654,33,128.0,281.0,167.0,272.0,200.0,261.0,224.0,258.0,243.0,256.0,210.0,218.0,248.0,234.0,272.0,242.0,294.0,248.0,196.0,223.0,229.0,271.0,237.0,299.0,246.0,315.0,179.0,238.0,209.0,283.0,193.0,287.0,180.0,281.0,164.0,256.0,191.0,290.0,180.0,292.0,170.0,284.0
P,day2,1790745319.8490484,34,137.0,286.0,180.0,281.0,215.0,267.0,237.0,257.0,258.0,248.0,218.0,218.0,259.0,231.0,284.0,238.0,305.0,243.0,206.0,224.0,244.0,266.0,254.0,294.0,262.0,310.0,193.0,239.0,226.0,281.0,211.0,290.0,198.0,288.0,182.0,257.0,210.0,289.0,199.0,294.0,188.0,288.0
P,day2,1790745319.986855,35,136.0,294.0,178.0,286.0,214.0,270.0,238.0,259.0,259.0,249.0,219.0,223.0,261.0,235.0,285.0,241.0,306.0,245.0,208.0,229.0,246.0,271.0,256.0,297.0,264.0,313.0,197.0,243.0,228.0,287.0,211.0,296.0,199.0,294.0,188.0,262.0,213.0,296.0,201.0,302.0,191.0,297.0
P,day2,1790745320.1204872,36,132.0,301.0,177.0,294.0,213.0,278.0,236.0,265.0,257.0,255.0,216.0,227.0,260.0,239.0,284.0,244.0,306.0,247.0,206.0,232.0,246.0,272.0,257.0,300.0,264.0,318.0,195.0,246.0,228.0,290.0,212.0,301.0,198.0,301.0,186.0,265.0,214.0,298.0,201.0,306.0,190.0,303.0
P,day2,1790745320.2306485,37,127.0,304.0,166.0,290.0,204.0,273.0,233.0,264.0,255.0,258.0,212.0,229.0,258.0,241.0,282.0,246.0,304.0,250.0,203.0,235.0,244.0,276.0,256.0,302.0,265.0,319.0,194.0,250.0,226.0,292.0,212.0,302.0,200.0,301.0,186.0,269.0,213.0,300.0,202.0,307.0,192.0,303.0
P,day2,1790745320.3545558,38,128.0,304.0,172.0,293.0,207.0,276.0,230.0,263.0,250.0,254.0,210.0,227.0,254.0,239.0,278.0,243.0,300.0,247.0,197.0,232.0,240.0,270.0,252.0,298.0,259.0,315.0,185.0,246.0,223.0,288.0,209.0,302.0,197.0,302.0,174.0,265.0,207.0,297.0,197.0,306.0,186.0,303.0
P,day2,1790745320.488371,39,126.0,303.0,171.0,291.0,203.0,273.0,224.0,259.0,244.0,248.0,206.0,226.0,247.0,235.0,272.0,239.0,294.0,243.0,191.0,230.0,234.0,268.0,242.0,297.0,249.0,313.0,176.0,244.0,215.0,284.0,201.0,296.0,189.0,295.0,164.0,264.0,196.0,294.0,186.0,301.0,174.0,297.0
P,day2,1790745320.623123,40,124.0,303.0,169.0,290.0,199.0,272.0,218.0,258.0,236.0,247.0,199.0,223.0,239.0,232.0,264.0,236.0,286.0,241.0,184.0,227.0,225.0,269.0,237.0,299.0,246.0,317.0,168.0,242.0,207.0,285.0,191.0,295.0,178.0,292.0,155.0,262.0,188.0,295.0,178.0,301.0,166.0,295.0
P,day2,1790745320.7297444,41,114.0,307.0,154.0,289.0,184.0,270.0,204.0,260.0,220.0,254.0,191.0,225.0,227.0,234.0,251.0,240.0,272.0,247.0,174.0,232.0,212.0,272.0,221.0,303.0,228.0,323.0,157.0,248.0,190.0,290.0,177.0,298.0,165.0,294.0,141.0,268.0,172.0,300.0,163.0,305.0,151.0,298.0
P,day2,1790745320.8727462,42,108.0,312.0,149.0,294.0,177.0,275.0,197.0,264.0,212.0,255.0,185.0,227.0,220.0,237.0,246.0,244.0,267.0,250.0,167.0,232.0,203.0,280.0,213.0,311.0,222.0,329.0,149.0,249.0,181.0,295.0,168.0,298.0,156.0,290.0,133.0,271.0,163.0,305.0,155.0,307.0,144.0,298.0
P,day2,1790745320.9792736,43,108.0,313.0,150.0,296.0,179.0,278.0,199.0,268.0,213.0,261.0,185.0,229.0,220.0,240.0,245.0,247.0,267.0,254.0,166.0,234.0,203.0,283.0,213.0,315.0,222.0,334.0,148.0,251.0,181.0,299.0,168.0,303.0,157.0,295.0,132.0,273.0,162.0,309.0,154.0,310.0,144.0,300.0
P,day2,1790745321.0809586,44,108.0,312.0,149.0,295.0,179.0,277.0,199.0,267.0,214.0,261.0,185.0,229.0,220.0,240.0,245.0,247.0,266.0,254.0,166.0,234.0,204.0,283.0,214.0,315.0,223.0,334.0,148.0,251.0,182.0,299.0,169.0,303.0,157.0,296.0,132.0,273.0,163.0,308.0,156.0,310.0,146.0,301.0
P,day2,1790745321.1762218,45,108.0,312.0,151.0,296.0,180.0,278.0,201.0,268.0,216.0,262.0,186.0,230.0,222.0,242.0,247.0,248.0,270.0,255.0,167.0,236.0,206.0,285.0,216.0,318.0,224.0,337.0,149.0,252.0,183.0,300.0,171.0,304.0,159.0,297.0,133.0,274.0,165.0,309.0,157.0,311.0,147.0,301.0
P,day2,1790745321.2792072,46,107.0,313.0,151.0,297.0,181.0,279.0,201.0,269.0,217.0,263.0,187.0,232.0,223.0,243.0,249.0,251.0,271.0,259.0,169.0,237.0,208.0,286.0,218.0,319.0,225.0,338.0,151.0,254.0,185.0,302.0,172.0,307.0,161.0,301.0,136.0,276.0,166.0,311.0,159.0,314.0,150.0,304.0
P,day2,1790745321.4217596,47,109.0,312.0,153.0,297.0,184.0,280.0,206.0,272.0,223.0,267.0,191.0,236.0,230.0,248.0,256.0,257.0,278.0,266.0,173.0,242.0,211.0,288.0,220.0,319.0,227.0,337.0,156.0,258.0,190.0,305.0,177.0,311.0,167.0,304.0,141.0,279.0,171.0,315.0,164.0,316.0,155.0,307.0
P,day2,1790745321.5560844,48,112.0,307.0,154.0,295.0,187.0,281.0,211.0,274.0,230.0,269.0,198.0,237.0,237.0,253.0,262.0,265.0,284.0,275.0,181.0,243.0,215.0,294.0,222.0,326.0,228.0,344.0,164.0,258.0,193.0,307.0,180.0,313.0,169.0,306.0,148.0,278.0,175.0,315.0,166.0,316.0,158.0,307.0
P,day2,1790745321.6850977,49,115.0,304.0,157.0,293.0,190.0,281.0,213.0,277.0,231.0,275.0,202.0,240.0,238.0,258.0,261.0,271.0,280.0,283.0,185.0,244.0,216.0,296.0,223.0,325.0,230.0,342.0,167.0,258.0,194.0,309.0,181.0,313.0,172.0,305.0,151.0,277.0,175.0,316.0,167.0,316.0,159.0,306.0
P,day2,1790745321.8130898,50,116.0,303.0,156.0,293.0,189.0,281.0,212.0,278.0,232.0,276.0,202.0,241.0,238.0,258.0,261.0,271.0,279.0,284.0,185.0,245.0,216.0,298.0,221.0,327.0,227.0,344.0,166.0,259.0,194.0,311.0,181.0,314.0,171.0,306.0,150.0,278.0,174.0,317.0,166.0,317.0,158.0,306.0
P,day2,1790745321.9119775,51,117.0,296.0,156.0,286.0,188.0,274.0,212.0,270.0,233.0,267.0,203.0,236.0,240.0,255.0,264.0,267.0,284.0,278.0,186.0,241.0,218.0,289.0,226.0,317.0,233.0,334.0,168.0,255.0,196.0,305.0,183.0,309.0,172.0,302.0,151.0,273.0,177.0,313.0,167.0,315.0,158.0,306.0
P,day2,1790745322.074478,52,117.0,295.0,156.0,286.0,189.0,275.0,213.0,272.0,234.0,268.0,204.0,237.0,240.0,254.0,263.0,267.0,282.0,279.0,188.0,241.0,218.0,292.0,223.0,320.0,229.0,335.0,169.0,255.0,196.0,305.0,183.0,308.0,174.0,300.0,152.0,273.0,177.0,312.0,168.0,311.0,160.0,301.0
P,day2,1790745322.1794608,53,117.0,295.0,156.0,287.0,189.0,276.0,213.0,273.0,235.0,269.0,203.0,236.0,239.0,253.0,263.0,266.0,281.0,279.0,187.0,241.0,218.0,292.0,223.0,320.0,229.0,336.0,169.0,255.0,196.0,305.0,182.0,309.0,173.0,301.0,152.0,273.0,177.0,311.0,168.0,312.0,159.0,301.0
P,day2,1790745322.3044143,54,119.0,299.0,158.0,289.0,191.0,275.0,213.0,267.0,231.0,261.0,203.0,234.0,239.0,245.0,264.0,253.0,285.0,261.0,187.0,238.0,219.0,289.0,223.0,317.0,227.0,331.0,169.0,253.0,197.0,302.0,184.0,303.0,174.0,294.0,152.0,272.0,177.0,309.0,168.0,308.0,159.0,297.0
P,day2,1790745322.4370747,55,122.0,302.0,164.0,292.0,193.0,274.0,210.0,259.0,226.0,246.0,197.0,228.0,232.0,234.0,256.0,238.0,277.0,242.0,181.0,231.0,217.0,272.0,231.0,301.0,241.0,318.0,166.0,245.0,198.0,291.0,184.0,300.0,170.0,297.0,152.0,265.0,180.0,300.0,170.0,306.0,159.0,300.0
P,day2,1790745322.5805771,56,118.0,306.0,161.0,295.0,191.0,276.0,209.0,261.0,227.0,248.0,194.0,230.0,231.0,237.0,256.0,241.0,278.0,246.0,179.0,232.0,219.0,277.0,230.0,307.0,238.0,324.0,163.0,247.0,199.0,293.0,184.0,302.0,172.0,297.0,150.0,267.0,180.0,302.0,170.0,307.0,159.0,301.0
P,day2,1790745322.720924,57,105.0,304.0,151.0,294.0,188.0,283.0,211.0,281.0,226.0,282.0,203.0,243.0,236.0,260.0,258.0,271.0,278.0,282.0,186.0,247.0,213.0,299.0,218.0,331.0,225.0,350.0,166.0,261.0,190.0,313.0,176.0,314.0,167.0,305.0,148.0,279.0,171.0,321.0,161.0,320.0,151.0,309.0
P,day2,1790745322.857412,58,112.0,298.0,152.0,286.0,185.0,277.0,209.0,278.0,227.0,280.0,201.0,240.0,236.0,260.0,258.0,272.0,276.0,284.0,185.0,245.0,212.0,299.0,218.0,325.0,225.0,340.0,166.0,259.0,190.0,311.0,178.0,313.0,169.0,304.0,148.0,277.0,171.0,317.0,163.0,315.0,156.0,304.0
P,day2,1790745322.9835072,59,113.0,298.0,150.0,286.0,184.0,276.0,209.0,278.0,227.0,281.0,201.0,241.0,235.0,260.0,258.0,273.0,277.0,285.0,185.0,246.0,213.0,301.0,218.0,327.0,225.0,341.0,166.0,261.0,190.0,313.0,177.0,313.0,169.0,304.0,148.0,279.0,170.0,318.0,162.0,315.0,154.0,303.0
Q,day2,1790745353.8214254,0,108.0,267.0,152.0,279.0,188.0,288.0,209.0,310.0,224.0,333.0,215.0,237.0,244.0,274.0,259.0,293.0,273.0,309.0,201.0,237.0,222.0,290.0,203.0,292.0,195.0,281.0,182.0,245.0,201.0,296.0,182.0,294.0,174.0,281.0,163.0,256.0,178.0,294.0,165.0,293.0,158.0,281.0
Q,day2,1790745353.9376013,1,109.0,266.0,152.0,279.0,188.0,289.0,209.0,311.0,225.0,334.0,215.0,238.0,244.0,274.0,258.0,294.0,272.0,310.0,201.0,237.0,222.0,290.0,203.0,293.0,193.0,283.0,183.0,245.0,202.0,296.0,182.0,295.0,172.0,283.0,164.0,256.0,180.0,294.0,166.0,295.0,158.0,284.0
Q,day2,1790745354.068441,2,115.0,267.0,156.0,275.0,194.0,286.0,216.0,312.0,226.0,338.0,222.0,241.0,251.0,279.0,264.0,298.0,276.0,313.0,208.0,244.0,232.0,297.0,214.0,298.0,204.0,288.0,190.0,254.0,214.0,302.0,197.0,302.0,187.0,292.0,172.0,266.0,199.0,303.0,203.0,317.0,207.0,323.0
Q,day2,1790745354.2154152,3,117.0,267.0,157.0,276.0,195.0,286.0,215.0,310.0,225.0,336.0,223.0,242.0,250.0,280.0,264.0,300.0,277.0,315.0,213.0,244.0,237.0,296.0,218.0,296.0,208.0,284.0,199.0,253.0,220.0,302.0,202.0,301.0,192.0,290.0,183.0,264.0,202.0,302.0,192.0,306.0,185.0,301.0
Q,day2,1790745354.3124459,4,118.0,268.0,157.0,278.0,194.0,288.0,215.0,310.0,226.0,335.0,223.0,241.0,251.0,279.0,265.0,300.0,278.0,315.0,215.0,243.0,239.0,295.0,220.0,296.0,210.0,284.0,202.0,252.0,221.0,301.0,202.0,301.0,192.0,291.0,187.0,264.0,202.0,302.0,192.0,307.0,186.0,303.0
Q,day2,1790745354.4513285,5,118.0,269.0,158.0,280.0,194.0,289.0,215.0,311.0,225.0,335.0,223.0,242.0,250.0,280.0,265.0,300.0,278.0,315.0,214.0,244.0,238.0,296.0,219.0,298.0,209.0,287.0,201.0,254.0,221.0,302.0,203.0,303.0,192.0,293.0,187.0,266.0,204.0,304.0,199.0,313.0,196.0,313.0
Q,day2,1790745354.5884264,6,116.0,271.0,156.0,280.0,192.0,288.0,213.0,311.0,224.0,335.0,220.0,242.0,247.0,279.0,262.0,299.0,276.0,314.0,213.0,244.0,236.0,295.0,217.0,298.0,207.0,287.0,202.0,253.0,220.0,302.0,200.0,303.0,190.0,294.0,189.0,265.0,203.0,304.0,193.0,312.0,186.0,310.0
Q,day2,1790745354.716495,7,117.0,270.0,156.0,281.0,192.0,290.0,213.0,312.0,224.0,337.0,220.0,242.0,248.0,279.0,263.0,299.0,276.0,314.0,213.0,244.0,237.0,296.0,218.0,298.0,207.0,286.0,202.0,254.0,221.0,303.0,201.0,303.0,191.0,294.0,189.0,266.0,204.0,305.0,194.0,313.0,189.0,311.0
Q,day2,1790745354.8140967,8,118.0,270.0,156.0,283.0,192.0,292.0,213.0,313.0,224.0,336.0,220.0,243.0,248.0,279.0,263.0,299.0,275.0,315.0,213.0,244.0,237.0,296.0,218.0,298.0,207.0,286.0,202.0,254.0,220.0,303.0,201.0,304.0,191.0,293.0,188.0,266.0,203.0,305.0,192.0,310.0,185.0,305.0
Q,day2,1790745354.9358566,9,117.0,270.0,154.0,280.0,192.0,290.0,213.0,313.0,224.0,338.0,221.0,244.0,249.0,282.0,264.0,301.0,278.0,316.0,214.0,246.0,235.0,299.0,216.0,299.0,206.0,287.0,201.0,255.0,219.0,305.0,200.0,304.0,190.0,294.0,187.0,266.0,201.0,305.0,189.0,310.0,182.0,306.0
Q,day2,1790745355.0686772,10,118.0,267.0,156.0,273.0,195.0,286.0,215.0,314.0,226.0,342.0,224.0,245.0,251.0,284.0,265.0,305.0,278.0,322.0,213.0,249.0,231.0,302.0,214.0,300.0,207.0,287.0,196.0,258.0,212.0,308.0,195.0,303.0,189.0,290.0,178.0,270.0,192.0,307.0,181.0,306.0,175.0,296.0
Q,day2,1790745355.2057984,11,118.0,270.0,156.0,277.0,194.0,289.0,215.0,315.0,227.0,341.0,223.0,245.0,250.0,282.0,265.0,303.0,279.0,319.0,210.0,247.0,230.0,300.0,212.0,300.0,203.0,289.0,192.0,255.0,209.0,306.0,191.0,303.0,184.0,291.0,173.0,266.0,189.0,306.0,177.0,306.0,169.0,295.0
Q,day2,1790745355.3426518,12,117.0,271.0,154.0,274.0,192.0,286.0,213.0,314.0,225.0,340.0,222.0,245.0,249.0,282.0,265.0,301.0,279.0,318.0,208.0,247.0,226.0,302.0,208.0,302.0,202.0,293.0,189.0,255.0,203.0,307.0,186.0,301.0,180.0,288.0,169.0,266.0,183.0,306.0,171.0,302.0,164.0,290.0
Q,day2,1790745355.462074,13,115.0,270.0,153.0,272.0,191.0,284.0,211.0,313.0,223.0,340.0,220.0,244.0,247.0,281.0,263.0,301.0,278.0,319.0,205.0,247.0,222.0,303.0,205.0,304.0,200.0,294.0,184.0,256.0,198.0,309.0,183.0,302.0,178.0,288.0,164.0,267.0,177.0,307.0,166.0,304.0,161.0,291.0
Q,day2,1790745355.6060638,14,113.0,271.0,151.0,274.0,189.0,286.0,211.0,314.0,223.0,340.0,220.0,245.0,245.0,283.0,262.0,303.0,277.0,320.0,204.0,246.0,221.0,305.0,204.0,305.0,198.0,295.0,183.0,254.0,197.0,309.0,181.0,303.0,178.0,289.0,162.0,265.0,176.0,308.0,165.0,304.0,159.0,292.0
Q,day2,1790745355.7384717,15,113.0,270.0,151.0,274.0,189.0,286.0,211.0,314.0,223.0,340.0,221.0,245.0,246.0,283.0,263.0,303.0,278.0,321.0,204.0,245.0,220.0,305.0,203.0,304.0,197.0,291.0,183.0,253.0,196.0,310.0,181.0,303.0,177.0,288.0,161.0,264.0,175.0,308.0,164.0,304.0,159.0,291.0
Q,day2,1790745355.8726573,16,114.0,269.0,153.0,273.0,190.0,286.0,211.0,314.0,223.0,341.0,221.0,245.0,246.0,282.0,262.0,302.0,277.0,320.0,203.0,244.0,220.0,304.0,203.0,304.0,196.0,293.0,182.0,252.0,195.0,309.0,180.0,302.0,176.0,287.0,159.0,262.0,174.0,307.0,164.0,302.0,159.0,289.0
Q,day2,1790745356.002544,17,116.0,268.0,153.0,273.0,191.0,285.0,212.0,314.0,224.0,340.0,220.0,244.0,246.0,282.0,262.0,302.0,277.0,320.0,203.0,245.0,220.0,304.0,202.0,303.0,196.0,291.0,182.0,252.0,195.0,309.0,179.0,301.0,175.0,286.0,159.0,263.0,174.0,308.0,164.0,303.0,159.0,289.0
Q,day2,1790745356.1303735,18,116.0,268.0,154.0,272.0,191.0,285.0,212.0,314.0,224.0,340.0,221.0,244.0,246.0,282.0,262.0,303.0,277.0,321.0,204.0,245.0,220.0,305.0,202.0,304.0,197.0,293.0,182.0,252.0,194.0,310.0,179.0,302.0,176.0,286.0,160.0,262.0,174.0,308.0,164.0,303.0,159.0,289.0
Q,day2,1790745356.2284338,19,116.0,268.0,154.0,273.0,191.0,286.0,212.0,315.0,224.0,340.0,221.0,245.0,245.0,283.0,261.0,303.0,276.0,321.0,205.0,245.0,220.0,305.0,202.0,304.0,196.0,293.0,183.0,252.0,195.0,310.0,180.0,302.0,177.0,288.0,160.0,262.0,174.0,308.0,164.0,303.0,159.0,289.0
Q,day2,1790745356.329606,20,116.0,269.0,153.0,274.0,191.0,287.0,211.0,315.0,224.0,340.0,221.0,245.0,244.0,282.0,261.0,302.0,275.0,320.0,204.0,245.0,219.0,305.0,201.0,306.0,195.0,297.0,182.0,252.0,193.0,309.0,178.0,302.0,175.0,288.0,159.0,262.0,172.0,307.0,162.0,303.0,157.0,290.0
Q,day2,1790745356.4702635,21,115.0,269.0,153.0,274.0,191.0,287.0,212.0,315.0,224.0,341.0,220.0,245.0,244.0,282.0,260.0,302.0,274.0,320.0,203.0,245.0,218.0,304.0,201.0,305.0,194.0,296.0,181.0,252.0,193.0,308.0,178.0,302.0,174.0,288.0,159.0,261.0,172.0,306.0,162.0,302.0,157.0,290.0
Q,day2,1790745356.6049683,22,116.0,270.0,153.0,275.0,191.0,288.0,212.0,317.0,224.0,343.0,220.0,247.0,244.0,284.0,260.0,305.0,275.0,324.0,203.0,247.0,217.0,308.0,200.0,308.0,195.0,299.0,180.0,254.0,192.0,312.0,177.0,304.0,174.0,290.0,158.0,264.0,171.0,309.0,161.0,305.0,157.0,292.0
Q,day2,1790745356.7371063,23,116.0,271.0,154.0,277.0,191.0,290.0,211.0,318.0,223.0,343.0,220.0,248.0,245.0,285.0,261.0,305.0,276.0,324.0,203.0,247.0,218.0,307.0,200.0,304.0,193.0,291.0,181.0,254.0,193.0,312.0,177.0,303.0,174.0,288.0,159.0,264.0,172.0,309.0,162.0,304.0,158.0,290.0
Q,day2,1790745356.869601,24,116.0,270.0,154.0,273.0,192.0,286.0,213.0,315.0,225.0,341.0,220.0,245.0,246.0,281.0,263.0,301.0,278.0,319.0,203.0,247.0,221.0,304.0,205.0,306.0,200.0,298.0,182.0,255.0,196.0,309.0,181.0,301.0,176.0,287.0,160.0,266.0,176.0,307.0,166.0,303.0,160.0,290.0
Q,day2,1790745357.0035098,25,118.0,270.0,156.0,278.0,193.0,287.0,214.0,310.0,225.0,334.0,221.0,241.0,251.0,275.0,268.0,291.0,285.0,303.0,208.0,243.0,232.0,295.0,214.0,297.0,203.0,285.0,191.0,253.0,211.0,302.0,193.0,300.0,184.0,287.0,173.0,264.0,191.0,301.0,180.0,302.0,172.0,292.0
Q,day2,1790745357.1354861,26,114.0,271.0,154.0,278.0,191.0,286.0,213.0,307.0,226.0,331.0,219.0,239.0,248.0,272.0,266.0,287.0,283.0,299.0,208.0,240.0,233.0,290.0,214.0,293.0,204.0,283.0,194.0,249.0,215.0,297.0,194.0,297.0,183.0,287.0,178.0,261.0,199.0,299.0,194.0,308.0,191.0,308.0
Q,day2,1790745357.2705443,27,113.0,271.0,152.0,279.0,189.0,286.0,211.0,305.0,224.0,328.0,215.0,238.0,246.0,270.0,264.0,285.0,280.0,296.0,206.0,239.0,232.0,288.0,213.0,292.0,201.0,283.0,194.0,248.0,214.0,295.0,193.0,297.0,181.0,288.0,180.0,260.0,196.0,297.0,187.0,304.0,181.0,302.0
Q,day2,1790745357.418354,28,111.0,276.0,150.0,282.0,186.0,288.0,207.0,308.0,220.0,330.0,211.0,242.0,241.0,274.0,258.0,287.0,273.0,297.0,203.0,245.0,226.0,292.0,208.0,296.0,197.0,290.0,191.0,255.0,212.0,299.0,194.0,301.0,182.0,293.0,177.0,267.0,200.0,301.0,209.0,318.0,218.0,329.0
Q,day2,1790745357.5261343,29,110.0,276.0,150.0,287.0,186.0,292.0,207.0,311.0,221.0,331.0,211.0,244.0,241.0,274.0,258.0,288.0,274.0,297.0,205.0,244.0,229.0,292.0,209.0,297.0,197.0,289.0,194.0,252.0,213.0,300.0,193.0,302.0,180.0,293.0,182.0,265.0,198.0,302.0,193.0,314.0,190.0,316.0
Q,day2,1790745357.6368933,30,110.0,277.0,149.0,284.0,185.0,290.0,207.0,309.0,221.0,330.0,211.0,243.0,241.0,274.0,259.0,288.0,274.0,298.0,204.0,244.0,228.0,292.0,209.0,297.0,198.0,289.0,194.0,253.0,212.0,300.0,192.0,302.0,181.0,293.0,181.0,265.0,196.0,302.0,189.0,312.0,185.0,312.0
Q,day2,1790745357.7525432,31,113.0,276.0,151.0,283.0,189.0,290.0,210.0,311.0,221.0,334.0,216.0,245.0,246.0,277.0,263.0,293.0,279.0,305.0,207.0,247.0,229.0,297.0,210.0,300.0,200.0,289.0,193.0,256.0,212.0,304.0,192.0,303.0,181.0,293.0,178.0,268.0,195.0,306.0,186.0,311.0,181.0,307.0
Q,day2,1790745357.862561,32,116.0,277.0,153.0,283.0,192.0,293.0,214.0,317.0,227.0,342.0,220.0,248.0,251.0,283.0,268.0,301.0,284.0,315.0,209.0,251.0,230.0,305.0,211.0,304.0,201.0,290.0,193.0,260.0,210.0,311.0,191.0,306.0,184.0,293.0,175.0,272.0,191.0,311.0,178.0,309.0,171.0,299.0
Q,day2,1790745357.9885154,33,117.0,279.0,156.0,286.0,195.0,297.0,216.0,322.0,230.0,345.0,224.0,252.0,253.0,290.0,270.0,308.0,286.0,323.0,212.0,255.0,230.0,309.0,213.0,310.0,206.0,300.0,195.0,264.0,209.0,315.0,192.0,312.0,186.0,300.0,177.0,276.0,191.0,316.0,178.0,314.0,171.0,304.0
Q,day2,1790745358.100648,34,121.0,288.0,160.0,288.0,202.0,302.0,225.0,332.0,236.0,359.0,232.0,263.0,262.0,303.0,281.0,322.0,299.0,337.0,218.0,267.0,231.0,328.0,219.0,332.0,216.0,325.0,199.0,278.0,209.0,332.0,194.0,323.0,190.0,309.0,178.0,291.0,190.0,330.0,180.0,325.0,175.0,312.0
Q,day2,1790745358.2040849,35,119.0,290.0,160.0,288.0,203.0,303.0,224.0,336.0,233.0,365.0,233.0,265.0,261.0,308.0,280.0,328.0,297.0,344.0,216.0,269.0,231.0,331.0,216.0,326.0,211.0,311.0,193.0,279.0,208.0,336.0,192.0,324.0,188.0,307.0,170.0,291.0,186.0,334.0,176.0,326.0,169.0,310.0
Q,day2,1790745358.337886,36,116.0,288.0,158.0,291.0,200.0,305.0,222.0,338.0,235.0,368.0,231.0,262.0,259.0,305.0,279.0,326.0,297.0,344.0,212.0,264.0,230.0,330.0,213.0,329.0,206.0,317.0,188.0,273.0,204.0,333.0,188.0,324.0,184.0,306.0,165.0,285.0,180.0,331.0,169.0,325.0,164.0,309.0
Q,day2,1790745358.4492853,37,116.0,288.0,159.0,291.0,201.0,305.0,223.0,337.0,234.0,365.0,231.0,262.0,260.0,304.0,280.0,325.0,299.0,342.0,212.0,263.0,230.0,329.0,212.0,328.0,205.0,315.0,189.0,272.0,205.0,333.0,188.0,324.0,185.0,307.0,166.0,284.0,182.0,331.0,171.0,325.0,166.0,309.0
Q,day2,1790745358.5467393,38,120.0,294.0,160.0,290.0,202.0,303.0,226.0,336.0,240.0,365.0,236.0,268.0,263.0,311.0,282.0,331.0,299.0,348.0,217.0,271.0,233.0,341.0,219.0,338.0,215.0,325.0,193.0,281.0,205.0,345.0,191.0,334.0,189.0,317.0,168.0,293.0,182.0,342.0,171.0,333.0,166.0,317.0
Q,day2,1790745358.6721845,39,118.0,293.0,159.0,291.0,202.0,306.0,223.0,343.0,235.0,373.0,235.0,269.0,262.0,312.0,281.0,332.0,298.0,349.0,215.0,272.0,232.0,342.0,214.0,337.0,209.0,320.0,190.0,282.0,203.0,347.0,188.0,335.0,185.0,317.0,164.0,294.0,179.0,344.0,168.0,335.0,163.0,318.0
Q,day2,1790745358.806418,40,119.0,287.0,160.0,289.0,203.0,306.0,224.0,344.0,236.0,376.0,233.0,264.0,261.0,310.0,280.0,332.0,297.0,351.0,212.0,267.0,230.0,336.0,212.0,330.0,206.0,313.0,186.0,277.0,203.0,341.0,187.0,329.0,184.0,309.0,161.0,288.0,179.0,338.0,169.0,329.0,163.0,311.0
Q,day2,1790745358.9212236,41,119.0,288.0,161.0,295.0,202.0,310.0,223.0,344.0,235.0,373.0,232.0,261.0,259.0,304.0,278.0,326.0,295.0,345.0,211.0,260.0,229.0,330.0,208.0,327.0,201.0,312.0,185.0,269.0,201.0,334.0,185.0,324.0,182.0,306.0,160.0,281.0,178.0,331.0,167.0,324.0,161.0,307.0
Q,day2,1790745359.0655274,42,119.0,287.0,162.0,294.0,203.0,309.0,223.0,342.0,233.0,371.0,233.0,261.0,258.0,304.0,276.0,327.0,292.0,346.0,212.0,259.0,228.0,330.0,206.0,329.0,199.0,316.0,185.0,267.0,198.0,332.0,182.0,324.0,179.0,306.0,159.0,278.0,174.0,329.0,163.0,322.0,159.0,306.0
Q,day2,1790745359.2070696,43,125.0,284.0,167.0,292.0,205.0,307.0,223.0,341.0,235.0,369.0,228.0,254.0,254.0,295.0,270.0,319.0,284.0,340.0,205.0,252.0,223.0,322.0,209.0,332.0,208.0,330.0,179.0,260.0,193.0,325.0,180.0,317.0,177.0,300.0,153.0,272.0,169.0,322.0,162.0,315.0,157.0,299.0
Q,day2,1790745359.2983894,44,129.0,280.0,172.0,288.0,207.0,303.0,223.0,336.0,230.0,364.0,228.0,250.0,253.0,291.0,270.0,314.0,283.0,333.0,205.0,248.0,224.0,316.0,206.0,319.0,201.0,308.0,179.0,257.0,193.0,321.0,181.0,315.0,179.0,299.0,155.0,269.0,169.0,319.0,161.0,313.0,158.0,297.0
Q,day2,1790745359.4247396,45,131.0,278.0,171.0,288.0,205.0,302.0,223.0,332.0,233.0,358.0,227.0,247.0,252.0,286.0,269.0,309.0,283.0,328.0,204.0,246.0,223.0,312.0,208.0,316.0,203.0,305.0,178.0,254.0,193.0,317.0,182.0,312.0,179.0,296.0,154.0,267.0,170.0,316.0,164.0,312.0,160.0,296.0
Q,day2,1790745359.5311506,46,132.0,275.0,170.0,286.0,205.0,300.0,223.0,330.0,234.0,356.0,225.0,246.0,250.0,283.0,267.0,306.0,281.0,325.0,203.0,243.0,223.0,308.0,207.0,314.0,200.0,306.0,178.0,251.0,194.0,313.0,181.0,312.0,178.0,297.0,154.0,263.0,171.0,313.0,165.0,311.0,160.0,297.0
Q,day2,1790745359.6721761,47,131.0,275.0,169.0,286.0,202.0,301.0,220.0,331.0,234.0,357.0,223.0,247.0,249.0,285.0,266.0,307.0,282.0,326.0,202.0,244.0,222.0,309.0,204.0,313.0,198.0,301.0,176.0,251.0,193.0,313.0,180.0,311.0,176.0,296.0,152.0,263.0,170.0,312.0,163.0,310.0,157.0,295.0
Q,day2,1790745359.7968771,48,128.0,278.0,166.0,285.0,202.0,299.0,221.0,328.0,232.0,355.0,223.0,249.0,250.0,288.0,269.0,310.0,285.0,328.0,202.0,247.0,224.0,311.0,207.0,312.0,200.0,298.0,177.0,255.0,196.0,316.0,181.0,310.0,177.0,295.0,153.0,268.0,174.0,314.0,165.0,310.0,158.0,295.0
Q,day2,1790745359.9390867,49,127.0,280.0,164.0,284.0,201.0,297.0,221.0,326.0,234.0,351.0,223.0,248.0,251.0,286.0,268.0,307.0,284.0,325.0,203.0,248.0,228.0,309.0,214.0,315.0,208.0,309.0,179.0,257.0,198.0,314.0,185.0,309.0,179.0,295.0,155.0,270.0,177.0,314.0,168.0,309.0,160.0,296.0
Q,day2,1790745360.0752661,50,121.0,283.0,158.0,288.0,197.0,299.0,220.0,325.0,237.0,349.0,221.0,248.0,250.0,284.0,269.0,304.0,286.0,321.0,202.0,249.0,228.0,307.0,210.0,312.0,201.0,303.0,180.0,258.0,201.0,314.0,184.0,310.0,178.0,296.0,158.0,272.0,179.0,314.0,169.0,312.0,161.0,299.0
Q,day2,1790745360.1958363,51,117.0,283.0,157.0,289.0,194.0,297.0,217.0,320.0,233.0,342.0,220.0,248.0,250.0,282.0,268.0,301.0,285.0,317.0,204.0,249.0,229.0,303.0,212.0,308.0,204.0,300.0,184.0,257.0,206.0,310.0,190.0,308.0,182.0,296.0,164.0,270.0,184.0,311.0,173.0,311.0,165.0,300.0
Q,day2,1790745360.3258743,52,117.0,284.0,156.0,290.0,193.0,297.0,216.0,319.0,233.0,341.0,219.0,249.0,249.0,282.0,267.0,300.0,283.0,315.0,204.0,249.0,229.0,301.0,212.0,306.0,204.0,299.0,185.0,257.0,208.0,309.0,191.0,308.0,183.0,297.0,166.0,270.0,187.0,311.0,174.0,311.0,166.0,300.0
Q,day2,1790745360.457026,53,116.0,283.0,155.0,291.0,192.0,299.0,215.0,320.0,232.0,341.0,217.0,248.0,248.0,281.0,265.0,299.0,281.0,314.0,203.0,249.0,227.0,301.0,210.0,304.0,202.0,295.0,185.0,258.0,207.0,309.0,189.0,308.0,180.0,296.0,166.0,270.0,187.0,310.0,174.0,311.0,166.0,301.0
Q,day2,1790745360.5903893,54,116.0,283.0,156.0,290.0,193.0,297.0,215.0,318.0,231.0,341.0,217.0,248.0,247.0,281.0,264.0,299.0,279.0,313.0,203.0,250.0,227.0,302.0,210.0,305.0,202.0,296.0,185.0,260.0,207.0,310.0,189.0,308.0,181.0,297.0,167.0,272.0,188.0,311.0,176.0,312.0,167.0,302.0
R,day2,1790745410.6641815,0,207.0,409.0,234.0,395.0,256.0,368.0,263.0,346.0,254.0,334.0,242.0,319.0,250.0,290.0,255.0,270.0,259.0,253.0,225.0,316.0,235.0,281.0,250.0,262.0,262.0,247.0,210.0,322.0,241.0,313.0,243.0,337.0,237.0,351.0,202.0,335.0,234.0,338.0,234.0,356.0,224.0,365.0
R,day2,1790745410.8028703,1,206.0,408.0,234.0,394.0,257.0,369.0,263.0,347.0,254.0,331.0,245.0,321.0,255.0,290.0,260.0,270.0,264.0,252.0,228.0,317.0,240.0,280.0,255.0,262.0,266.0,247.0,211.0,321.0,242.0,315.0,243.0,340.0,235.0,353.0,201.0,332.0,232.0,340.0,232.0,357.0,222.0,365.0
R,day2,1790745410.9391444,2,205.0,406.0,233.0,393.0,255.0,369.0,261.0,347.0,251.0,331.0,245.0,320.0,255.0,290.0,260.0,270.0,264.0,252.0,228.0,316.0,240.0,280.0,255.0,262.0,266.0,247.0,212.0,320.0,240.0,313.0,242.0,339.0,237.0,353.0,201.0,331.0,230.0,337.0,229.0,355.0,221.0,364.0
R,day2,1790745411.047782,3,205.0,407.0,233.0,394.0,255.0,369.0,262.0,347.0,253.0,331.0,242.0,319.0,251.0,290.0,256.0,270.0,260.0,253.0,226.0,315.0,238.0,279.0,252.0,261.0,264.0,247.0,210.0,319.0,240.0,311.0,241.0,337.0,234.0,351.0,200.0,331.0,231.0,336.0,230.0,355.0,220.0,363.0
R,day2,1790745411.1483505,4,200.0,405.0,230.0,390.0,252.0,364.0,261.0,344.0,253.0,332.0,235.0,317.0,243.0,288.0,249.0,268.0,253.0,251.0,220.0,314.0,230.0,278.0,245.0,258.0,257.0,244.0,206.0,319.0,239.0,314.0,240.0,338.0,233.0,350.0,200.0,332.0,232.0,338.0,230.0,355.0,220.0,362.0
R,day2,1790745411.2650816,5,198.0,404.0,227.0,388.0,249.0,361.0,260.0,341.0,255.0,331.0,230.0,315.0,238.0,286.0,243.0,265.0,248.0,249.0,214.0,314.0,223.0,275.0,237.0,256.0,249.0,243.0,202.0,322.0,238.0,312.0,241.0,335.0,234.0,347.0,199.0,336.0,235.0,340.0,234.0,356.0,222.0,362.0
R,day2,1790745411.3873744,6,195.0,403.0,225.0,385.0,245.0,358.0,256.0,339.0,253.0,326.0,226.0,313.0,232.0,283.0,237.0,263.0,242.0,247.0,210.0,313.0,215.0,274.0,228.0,256.0,241.0,244.0,200.0,322.0,236.0,311.0,239.0,334.0,234.0,347.0,199.0,337.0,236.0,341.0,234.0,356.0,223.0,362.0
R,day2,1790745411.481404,7,194.0,404.0,224.0,385.0,242.0,357.0,251.0,337.0,247.0,325.0,224.0,314.0,229.0,282.0,233.0,262.0,238.0,246.0,208.0,314.0,212.0,274.0,224.0,255.0,236.0,243.0,198.0,323.0,236.0,312.0,239.0,335.0,234.0,348.0,198.0,337.0,236.0,342.0,234.0,357.0,223.0,363.0
R,day2,1790745411.60253,8,193.0,404.0,224.0,385.0,243.0,357.0,251.0,338.0,247.0,327.0,226.0,314.0,232.0,283.0,236.0,263.0,241.0,247.0,209.0,314.0,213.0,274.0,225.0,255.0,237.0,244.0,198.0,323.0,235.0,313.0,239.0,335.0,235.0,348.0,196.0,338.0,234.0,342.0,233.0,358.0,223.0,364.0
R,day2,1790745411.7068458,9,193.0,405.0,223.0,386.0,243.0,358.0,252.0,339.0,249.0,326.0,226.0,314.0,233.0,284.0,237.0,263.0,242.0,248.0,210.0,314.0,215.0,274.0,227.0,255.0,240.0,242.0,198.0,323.0,237.0,312.0,240.0,335.0,234.0,348.0,197.0,338.0,235.0,342.0,233.0,359.0,223.0,364.0
R,day2,1790745411.821564,10,192.0,405.0,223.0,387.0,244.0,359.0,253.0,339.0,251.0,327.0,228.0,314.0,235.0,286.0,240.0,265.0,245.0,250.0,212.0,314.0,219.0,275.0,231.0,255.0,243.0,243.0,200.0,322.0,240.0,313.0,241.0,337.0,234.0,350.0,198.0,337.0,237.0,342.0,235.0,359.0,224.0,364.0
R,day2,1790745411.9470408,11,194.0,404.0,224.0,387.0,245.0,361.0,256.0,343.0,254.0,330.0,231.0,316.0,240.0,287.0,246.0,267.0,251.0,251.0,215.0,315.0,225.0,277.0,239.0,259.0,251.0,246.0,202.0,322.0,239.0,315.0,240.0,337.0,233.0,349.0,198.0,337.0,234.0,342.0,233.0,358.0,222.0,363.0
R,day2,1790745412.0693057,12,199.0,406.0,228.0,392.0,251.0,366.0,262.0,346.0,255.0,334.0,239.0,319.0,250.0,290.0,257.0,270.0,262.0,254.0,222.0,315.0,234.0,279.0,250.0,261.0,263.0,248.0,207.0,321.0,240.0,316.0,241.0,340.0,234.0,352.0,200.0,333.0,233.0,341.0,231.0,358.0,220.0,364.0
R,day2,1790745412.2050276,13,198.0,406.0,228.0,394.0,253.0,371.0,260.0,351.0,252.0,335.0,244.0,322.0,256.0,291.0,264.0,272.0,270.0,255.0,227.0,317.0,243.0,280.0,259.0,263.0,272.0,251.0,210.0,320.0,242.0,317.0,241.0,342.0,233.0,356.0,201.0,332.0,231.0,343.0,228.0,360.0,216.0,367.0
R,day2,1790745412.3219118,14,195.0,406.0,225.0,397.0,251.0,373.0,259.0,352.0,250.0,336.0,246.0,323.0,259.0,294.0,266.0,275.0,271.0,258.0,229.0,318.0,244.0,282.0,261.0,265.0,274.0,252.0,211.0,321.0,241.0,315.0,241.0,341.0,233.0,355.0,199.0,331.0,228.0,340.0,224.0,358.0,212.0,364.0
R,day2,1790745412.4313335,15,194.0,405.0,223.0,396.0,249.0,374.0,256.0,353.0,246.0,338.0,247.0,324.0,259.0,293.0,265.0,274.0,271.0,257.0,230.0,318.0,244.0,281.0,260.0,265.0,274.0,252.0,211.0,321.0,237.0,314.0,240.0,337.0,235.0,351.0,196.0,331.0,221.0,339.0,220.0,355.0,211.0,362.0
R,day2,1790745412.5502627,16,192.0,406.0,220.0,398.0,249.0,376.0,254.0,353.0,243.0,337.0,246.0,322.0,257.0,294.0,264.0,274.0,270.0,258.0,229.0,315.0,242.0,281.0,259.0,264.0,273.0,252.0,210.0,318.0,235.0,314.0,235.0,338.0,230.0,352.0,194.0,329.0,218.0,338.0,217.0,356.0,210.0,364.0
R,day2,1790745412.6856291,17,191.0,405.0,219.0,398.0,247.0,377.0,253.0,354.0,242.0,337.0,245.0,322.0,255.0,293.0,261.0,274.0,268.0,257.0,227.0,316.0,240.0,280.0,256.0,263.0,270.0,252.0,208.0,319.0,234.0,313.0,235.0,338.0,230.0,352.0,192.0,330.0,217.0,338.0,217.0,356.0,209.0,364.0
R,day2,1790745412.8212914,18,186.0,404.0,214.0,395.0,241.0,372.0,247.0,349.0,237.0,333.0,232.0,320.0,242.0,288.0,248.0,268.0,253.0,251.0,213.0,317.0,224.0,277.0,240.0,259.0,254.0,246.0,196.0,322.0,223.0,310.0,228.0,334.0,224.0,349.0,184.0,333.0,212.0,336.0,212.0,352.0,203.0,361.0
R,day2,1790745412.940083,19,186.0,403.0,210.0,388.0,231.0,361.0,238.0,337.0,225.0,324.0,214.0,315.0,218.0,283.0,222.0,262.0,226.0,244.0,197.0,315.0,202.0,276.0,214.0,255.0,225.0,239.0,182.0,321.0,208.0,307.0,219.0,328.0,220.0,343.0,171.0,335.0,199.0,332.0,204.0,347.0,199.0,357.0
R,day2,1790745413.0725167,20,186.0,406.0,208.0,388.0,224.0,356.0,224.0,330.0,208.0,317.0,197.0,317.0,194.0,285.0,193.0,264.0,192.0,246.0,181.0,318.0,177.0,278.0,185.0,255.0,192.0,236.0,167.0,326.0,189.0,302.0,202.0,324.0,202.0,339.0,159.0,338.0,189.0,329.0,195.0,346.0,191.0,358.0
R,day2,1790745413.2069924,21,187.0,407.0,209.0,387.0,223.0,355.0,222.0,331.0,206.0,319.0,192.0,314.0,189.0,285.0,185.0,264.0,183.0,248.0,175.0,316.0,172.0,277.0,178.0,254.0,184.0,236.0,162.0,325.0,187.0,304.0,195.0,327.0,192.0,342.0,155.0,339.0,186.0,331.0,192.0,348.0,184.0,359.0
R,day2,1790745413.3144228,22,185.0,407.0,207.0,387.0,222.0,354.0,222.0,330.0,206.0,318.0,191.0,315.0,187.0,284.0,184.0,264.0,182.0,247.0,174.0,316.0,170.0,277.0,177.0,254.0,183.0,235.0,160.0,325.0,185.0,303.0,194.0,325.0,191.0,341.0,154.0,339.0,186.0,330.0,192.0,346.0,185.0,358.0
R,day2,1790745413.413776,23,184.0,406.0,207.0,387.0,222.0,355.0,223.0,331.0,207.0,318.0,193.0,316.0,190.0,284.0,188.0,264.0,186.0,246.0,177.0,317.0,173.0,277.0,182.0,255.0,188.0,236.0,163.0,325.0,188.0,306.0,197.0,328.0,194.0,343.0,156.0,338.0,187.0,331.0,192.0,348.0,185.0,358.0
R,day2,1790745413.5574028,24,184.0,407.0,209.0,388.0,225.0,358.0,228.0,334.0,213.0,320.0,200.0,315.0,199.0,283.0,198.0,263.0,197.0,246.0,184.0,317.0,182.0,276.0,192.0,255.0,200.0,238.0,170.0,325.0,193.0,305.0,202.0,327.0,199.0,342.0,161.0,339.0,190.0,332.0,196.0,347.0,189.0,358.0
R,day2,1790745413.6851711,25,186.0,405.0,211.0,389.0,231.0,360.0,235.0,337.0,221.0,324.0,210.0,313.0,212.0,282.0,212.0,263.0,214.0,246.0,193.0,315.0,193.0,275.0,204.0,255.0,215.0,239.0,178.0,324.0,203.0,308.0,212.0,330.0,211.0,346.0,169.0,339.0,198.0,335.0,202.0,351.0,195.0,361.0
R,day2,1790745413.7810261,26,179.0,409.0,210.0,399.0,236.0,375.0,245.0,354.0,235.0,340.0,227.0,323.0,237.0,293.0,242.0,272.0,247.0,255.0,209.0,318.0,221.0,279.0,237.0,261.0,251.0,248.0,192.0,323.0,223.0,318.0,225.0,343.0,218.0,358.0,181.0,337.0,213.0,345.0,211.0,363.0,201.0,371.0
R,day2,1790745413.9405785,27,178.0,410.0,209.0,398.0,235.0,374.0,245.0,353.0,235.0,340.0,226.0,321.0,236.0,292.0,241.0,272.0,247.0,255.0,208.0,317.0,219.0,280.0,236.0,261.0,250.0,248.0,190.0,323.0,223.0,319.0,224.0,344.0,217.0,358.0,180.0,338.0,214.0,344.0,212.0,362.0,201.0,371.0
R,day2,1790745414.0751224,28,178.0,410.0,209.0,398.0,236.0,374.0,245.0,353.0,235.0,340.0,226.0,322.0,236.0,292.0,242.0,272.0,247.0,255.0,207.0,318.0,219.0,279.0,236.0,261.0,250.0,248.0,190.0,324.0,223.0,320.0,224.0,345.0,217.0,359.0,180.0,339.0,214.0,346.0,212.0,364.0,200.0,372.0
R,day2,1790745414.1762574,29,177.0,409.0,209.0,397.0,234.0,374.0,244.0,353.0,234.0,340.0,225.0,322.0,235.0,291.0,241.0,272.0,246.0,254.0,206.0,318.0,219.0,279.0,236.0,261.0,250.0,248.0,190.0,324.0,222.0,320.0,223.0,345.0,216.0,360.0,180.0,339.0,213.0,345.0,211.0,363.0,200.0,372.0
R,day2,1790745414.3042321,30,167.0,404.0,202.0,385.0,225.0,360.0,237.0,344.0,235.0,328.0,209.0,313.0,216.0,281.0,225.0,261.0,234.0,246.0,195.0,313.0,204.0,271.0,220.0,254.0,235.0,244.0,185.0,322.0,223.0,313.0,225.0,336.0,219.0,351.0,183.0,338.0,221.0,344.0,219.0,359.0,209.0,366.0
R,day2,1790745414.4223917,31,164.0,401.0,200.0,379.0,220.0,352.0,231.0,333.0,232.0,323.0,199.0,306.0,207.0,275.0,216.0,255.0,225.0,240.0,187.0,308.0,196.0,266.0,211.0,248.0,224.0,236.0,180.0,318.0,223.0,307.0,225.0,330.0,218.0,345.0,184.0,334.0,223.0,337.0,221.0,353.0,212.0,360.0
R,day2,1790745414.530233,32,163.0,399.0,198.0,375.0,217.0,347.0,228.0,329.0,231.0,323.0,196.0,305.0,205.0,274.0,213.0,254.0,221.0,240.0,185.0,307.0,193.0,267.0,207.0,248.0,221.0,236.0,179.0,317.0,222.0,306.0,223.0,329.0,217.0,344.0,182.0,333.0,222.0,336.0,219.0,352.0,210.0,360.0
R,day2,1790745414.6540866,33,161.0,399.0,195.0,378.0,214.0,350.0,226.0,332.0,232.0,323.0,194.0,305.0,203.0,276.0,212.0,255.0,220.0,240.0,183.0,307.0,194.0,266.0,207.0,247.0,220.0,235.0,177.0,316.0,222.0,305.0,223.0,328.0,216.0,341.0,181.0,333.0,221.0,334.0,219.0,351.0,209.0,358.0
R,day2,1790745414.791231,34,167.0,401.0,198.0,373.0,211.0,344.0,218.0,325.0,221.0,316.0,181.0,304.0,183.0,272.0,189.0,251.0,195.0,234.0,171.0,307.0,174.0,267.0,184.0,247.0,195.0,232.0,166.0,317.0,206.0,303.0,212.0,325.0,211.0,341.0,171.0,333.0,208.0,331.0,211.0,348.0,206.0,359.0
R,day2,1790745414.9071076,35,170.0,396.0,197.0,369.0,206.0,337.0,210.0,316.0,207.0,306.0,172.0,301.0,169.0,271.0,168.0,250.0,168.0,233.0,160.0,305.0,155.0,267.0,162.0,244.0,168.0,227.0,154.0,316.0,188.0,294.0,198.0,314.0,198.0,329.0,158.0,329.0,196.0,321.0,200.0,336.0,194.0,345.0
R,day2,1790745415.035432,36,170.0,395.0,194.0,375.0,205.0,343.0,210.0,321.0,204.0,305.0,176.0,305.0,172.0,273.0,170.0,251.0,169.0,233.0,162.0,307.0,154.0,267.0,160.0,244.0,167.0,227.0,153.0,317.0,183.0,293.0,194.0,314.0,192.0,328.0,155.0,329.0,191.0,322.0,195.0,338.0,186.0,347.0
R,day2,1790745415.157827,37,172.0,395.0,196.0,374.0,209.0,343.0,215.0,322.0,206.0,310.0,180.0,302.0,177.0,271.0,176.0,250.0,176.0,233.0,166.0,306.0,161.0,267.0,169.0,245.0,176.0,229.0,157.0,316.0,187.0,295.0,197.0,315.0,195.0,329.0,158.0,330.0,193.0,323.0,197.0,337.0,190.0,346.0
R,day2,1790745415.272957,38,173.0,396.0,197.0,375.0,211.0,344.0,218.0,323.0,210.0,311.0,183.0,304.0,181.0,273.0,180.0,252.0,179.0,235.0,168.0,307.0,164.0,267.0,172.0,244.0,179.0,227.0,159.0,317.0,189.0,295.0,199.0,316.0,196.0,330.0,159.0,330.0,195.0,323.0,199.0,339.0,190.0,348.0
R,day2,1790745415.4038482,39,167.0,396.0,195.0,380.0,213.0,353.0,222.0,333.0,214.0,320.0,192.0,305.0,193.0,274.0,196.0,253.0,199.0,237.0,177.0,307.0,176.0,267.0,188.0,247.0,199.0,233.0,166.0,317.0,192.0,300.0,203.0,320.0,202.0,334.0,161.0,333.0,192.0,327.0,198.0,341.0,193.0,352.0
R,day2,1790745415.5411165,40,164.0,400.0,195.0,386.0,217.0,362.0,228.0,344.0,223.0,332.0,202.0,312.0,210.0,281.0,216.0,261.0,222.0,245.0,186.0,312.0,193.0,272.0,209.0,253.0,224.0,241.0,173.0,320.0,205.0,311.0,209.0,332.0,205.0,345.0,168.0,336.0,202.0,339.0,203.0,353.0,194.0,360.0
R,day2,1790745415.675784,41,164.0,401.0,195.0,387.0,217.0,362.0,228.0,344.0,222.0,330.0,205.0,313.0,213.0,283.0,219.0,263.0,224.0,247.0,188.0,313.0,196.0,274.0,212.0,255.0,227.0,243.0,174.0,321.0,206.0,314.0,210.0,335.0,205.0,347.0,168.0,337.0,201.0,341.0,202.0,354.0,193.0,360.0
R,day2,1790745415.824572,42,168.0,401.0,199.0,388.0,223.0,365.0,232.0,347.0,225.0,332.0,211.0,315.0,220.0,284.0,225.0,265.0,231.0,249.0,193.0,313.0,203.0,273.0,219.0,255.0,234.0,243.0,178.0,320.0,210.0,316.0,212.0,338.0,206.0,352.0,170.0,335.0,202.0,342.0,202.0,357.0,192.0,363.0
R,day2,1790745415.9309754,43,175.0,402.0,204.0,392.0,229.0,368.0,238.0,347.0,227.0,333.0,222.0,319.0,230.0,290.0,235.0,271.0,240.0,254.0,204.0,315.0,214.0,278.0,230.0,261.0,243.0,247.0,187.0,321.0,214.0,315.0,215.0,338.0,208.0,351.0,174.0,334.0,203.0,340.0,202.0,357.0,192.0,364.0
R,day2,1790745416.0581474,44,179.0,404.0,206.0,395.0,233.0,372.0,239.0,351.0,229.0,333.0,227.0,320.0,235.0,292.0,239.0,272.0,244.0,255.0,208.0,315.0,220.0,279.0,236.0,262.0,249.0,249.0,190.0,320.0,218.0,311.0,219.0,337.0,213.0,352.0,176.0,333.0,204.0,339.0,204.0,358.0,194.0,367.0
R,day2,1790745416.1646118,45,182.0,405.0,210.0,396.0,236.0,373.0,240.0,350.0,229.0,332.0,230.0,321.0,238.0,293.0,242.0,273.0,246.0,255.0,212.0,316.0,223.0,280.0,238.0,263.0,251.0,251.0,193.0,320.0,219.0,309.0,221.0,335.0,217.0,351.0,179.0,331.0,205.0,336.0,205.0,356.0,197.0,366.0
R,day2,1790745416.2648833,46,185.0,405.0,211.0,396.0,238.0,372.0,241.0,348.0,228.0,331.0,232.0,319.0,238.0,293.0,242.0,273.0,246.0,256.0,213.0,312.0,224.0,279.0,239.0,261.0,254.0,249.0,194.0,315.0,219.0,309.0,221.0,335.0,218.0,350.0,179.0,328.0,204.0,334.0,206.0,354.0,200.0,365.0
R,day2,1790745416.3873203,47,186.0,404.0,212.0,396.0,239.0,372.0,242.0,348.0,229.0,331.0,234.0,319.0,240.0,293.0,244.0,273.0,248.0,256.0,215.0,311.0,226.0,280.0,242.0,263.0,256.0,251.0,196.0,314.0,221.0,307.0,223.0,334.0,220.0,349.0,180.0,326.0,205.0,333.0,207.0,352.0,202.0,363.0
R,day2,1790745416.5228403,48,181.0,401.0,207.0,392.0,234.0,367.0,240.0,343.0,225.0,327.0,225.0,316.0,232.0,286.0,236.0,267.0,240.0,250.0,207.0,312.0,215.0,275.0,230.0,257.0,244.0,245.0,189.0,316.0,213.0,305.0,217.0,329.0,214.0,345.0,175.0,328.0,200.0,332.0,202.0,350.0,196.0,359.0
R,day2,1790745416.639136,49,180.0,401.0,207.0,390.0,231.0,365.0,236.0,341.0,223.0,324.0,220.0,317.0,226.0,287.0,229.0,266.0,232.0,248.0,202.0,313.0,211.0,275.0,225.0,256.0,238.0,241.0,185.0,317.0,210.0,302.0,215.0,327.0,211.0,342.0,172.0,328.0,199.0,329.0,201.0,348.0,194.0,359.0
R,day2,1790745416.7716842,50,181.0,400.0,207.0,389.0,231.0,362.0,235.0,338.0,221.0,322.0,215.0,313.0,220.0,284.0,221.0,264.0,223.0,248.0,198.0,311.0,203.0,273.0,216.0,253.0,228.0,239.0,181.0,316.0,204.0,300.0,210.0,325.0,207.0,341.0,168.0,329.0,194.0,326.0,198.0,345.0,191.0,355.0
R,day2,1790745416.8861265,51,183.0,401.0,208.0,387.0,229.0,360.0,232.0,336.0,218.0,319.0,212.0,312.0,216.0,283.0,217.0,262.0,219.0,245.0,195.0,309.0,200.0,272.0,213.0,253.0,224.0,238.0,178.0,316.0,204.0,299.0,208.0,325.0,204.0,341.0,167.0,328.0,195.0,326.0,198.0,345.0,190.0,355.0
R,day2,1790745417.0258136,52,182.0,401.0,208.0,388.0,229.0,360.0,233.0,337.0,219.0,321.0,212.0,311.0,217.0,282.0,218.0,262.0,220.0,244.0,195.0,309.0,200.0,272.0,214.0,253.0,225.0,238.0,179.0,316.0,204.0,302.0,208.0,328.0,204.0,343.0,167.0,328.0,196.0,327.0,198.0,347.0,189.0,357.0
R,day2,1790745417.1566405,53,179.0,400.0,206.0,390.0,230.0,367.0,237.0,345.0,226.0,331.0,221.0,319.0,228.0,289.0,233.0,270.0,237.0,254.0,204.0,316.0,212.0,277.0,227.0,260.0,240.0,246.0,187.0,322.0,210.0,307.0,216.0,329.0,213.0,344.0,173.0,334.0,198.0,332.0,202.0,348.0,197.0,358.0
R,day2,1790745417.2885907,54,180.0,404.0,209.0,395.0,233.0,372.0,241.0,350.0,230.0,336.0,226.0,323.0,235.0,293.0,241.0,274.0,247.0,258.0,207.0,318.0,219.0,280.0,236.0,264.0,251.0,253.0,189.0,322.0,219.0,317.0,219.0,341.0,213.0,356.0,178.0,335.0,207.0,343.0,205.0,361.0,195.0,369.0
S,day2,1790745461.9147174,0,142.0,368.0,167.0,357.0,185.0,331.0,175.0,302.0,160.0,286.0,196.0,312.0,201.0,287.0,192.0,309.0,191.0,320.0,178.0,305.0,182.0,281.0,175.0,306.0,175.0,314.0,160.0,302.0,162.0,277.0,158.0,302.0,159.0,311.0,141.0,300.0,143.0,282.0,143.0,298.0,142.0,307.0
S,day2,1790745462.0362217,1,143.0,367.0,167.0,357.0,185.0,331.0,177.0,303.0,163.0,286.0,197.0,311.0,202.0,287.0,191.0,307.0,190.0,319.0,179.0,304.0,183.0,280.0,174.0,304.0,175.0,313.0,161.0,300.0,163.0,277.0,158.0,300.0,159.0,309.0,143.0,298.0,145.0,282.0,143.0,298.0,143.0,306.0
S,day2,1790745462.125294,2,143.0,365.0,168.0,355.0,185.0,330.0,177.0,301.0,164.0,284.0,198.0,310.0,203.0,285.0,193.0,306.0,192.0,318.0,181.0,302.0,184.0,279.0,176.0,303.0,176.0,311.0,163.0,298.0,164.0,276.0,160.0,299.0,160.0,308.0,145.0,296.0,147.0,280.0,145.0,296.0,144.0,305.0
S,day2,1790745462.2468922,3,145.0,362.0,171.0,354.0,191.0,328.0,182.0,299.0,165.0,283.0,205.0,308.0,210.0,287.0,200.0,308.0,198.0,321.0,188.0,300.0,190.0,280.0,181.0,303.0,183.0,312.0,171.0,295.0,170.0,277.0,164.0,299.0,166.0,308.0,154.0,292.0,155.0,278.0,151.0,293.0,151.0,302.0
S,day2,1790745462.3449185,4,151.0,367.0,178.0,360.0,201.0,335.0,194.0,305.0,180.0,286.0,214.0,315.0,222.0,294.0,211.0,313.0,208.0,324.0,198.0,306.0,204.0,285.0,195.0,308.0,194.0,316.0,181.0,300.0,184.0,280.0,178.0,302.0,178.0,311.0,162.0,296.0,167.0,280.0,164.0,296.0,162.0,304.0
S,day2,1790745462.4547122,5,152.0,368.0,180.0,361.0,204.0,338.0,200.0,308.0,188.0,289.0,218.0,319.0,230.0,296.0,216.0,316.0,211.0,327.0,202.0,309.0,211.0,288.0,198.0,312.0,197.0,319.0,186.0,302.0,192.0,280.0,184.0,304.0,182.0,313.0,167.0,297.0,174.0,281.0,169.0,297.0,166.0,306.0
S,day2,1790745462.5765374,6,154.0,367.0,182.0,363.0,207.0,340.0,205.0,308.0,193.0,286.0,222.0,318.0,233.0,294.0,219.0,316.0,215.0,327.0,206.0,308.0,215.0,286.0,202.0,311.0,200.0,318.0,189.0,301.0,196.0,278.0,187.0,304.0,185.0,312.0,170.0,296.0,177.0,279.0,171.0,298.0,168.0,306.0
S,day2,1790745462.6961658,7,156.0,366.0,182.0,362.0,208.0,339.0,207.0,309.0,196.0,286.0,221.0,318.0,234.0,295.0,221.0,316.0,216.0,327.0,205.0,307.0,217.0,286.0,205.0,311.0,202.0,317.0,189.0,300.0,198.0,277.0,190.0,303.0,187.0,311.0,170.0,295.0,179.0,279.0,175.0,296.0,171.0,304.0
S,day2,1790745462.8080468,8,156.0,364.0,182.0,361.0,208.0,339.0,208.0,309.0,197.0,286.0,221.0,320.0,234.0,297.0,220.0,319.0,215.0,329.0,206.0,309.0,218.0,288.0,204.0,313.0,202.0,318.0,189.0,301.0,199.0,279.0,189.0,304.0,187.0,312.0,171.0,294.0,180.0,279.0,174.0,298.0,170.0,305.0
S,day2,1790745462.9273524,9,153.0,362.0,181.0,360.0,207.0,339.0,205.0,308.0,194.0,287.0,220.0,319.0,233.0,297.0,218.0,317.0,213.0,326.0,205.0,308.0,214.0,287.0,201.0,311.0,199.0,316.0,189.0,300.0,196.0,278.0,186.0,302.0,185.0,310.0,170.0,294.0,177.0,278.0,172.0,296.0,169.0,303.0
S,day2,1790745463.0530007,10,140.0,362.0,166.0,351.0,184.0,326.0,177.0,298.0,162.0,281.0,195.0,303.0,206.0,284.0,196.0,302.0,190.0,313.0,180.0,296.0,188.0,275.0,180.0,297.0,175.0,308.0,163.0,292.0,170.0,271.0,166.0,292.0,162.0,303.0,145.0,290.0,152.0,271.0,151.0,285.0,147.0,297.0
S,day2,1790745463.1690955,11,129.0,364.0,156.0,353.0,174.0,326.0,165.0,297.0,149.0,280.0,186.0,301.0,189.0,278.0,178.0,299.0,176.0,310.0,167.0,293.0,169.0,272.0,159.0,296.0,159.0,305.0,149.0,289.0,148.0,269.0,142.0,292.0,143.0,301.0,130.0,289.0,130.0,273.0,127.0,288.0,128.0,297.0
S,day2,1790745463.2898107,12,123.0,371.0,150.0,356.0,166.0,326.0,153.0,297.0,135.0,280.0,177.0,302.0,179.0,277.0,169.0,301.0,169.0,312.0,157.0,295.0,156.0,273.0,149.0,300.0,151.0,307.0,137.0,293.0,134.0,271.0,132.0,297.0,134.0,305.0,117.0,293.0,115.0,277.0,115.0,294.0,117.0,303.0
S,day2,1790745463.3982399,13,124.0,371.0,150.0,356.0,164.0,323.0,150.0,294.0,130.0,277.0,173.0,300.0,176.0,276.0,171.0,301.0,171.0,312.0,153.0,293.0,153.0,271.0,151.0,301.0,151.0,307.0,133.0,292.0,131.0,271.0,132.0,298.0,134.0,305.0,111.0,294.0,112.0,278.0,115.0,296.0,116.0,303.0
S,day2,1790745463.5038445,14,126.0,368.0,153.0,354.0,171.0,326.0,159.0,297.0,141.0,281.0,181.0,299.0,184.0,274.0,175.0,297.0,174.0,309.0,160.0,291.0,162.0,270.0,154.0,296.0,155.0,304.0,141.0,289.0,140.0,270.0,136.0,295.0,138.0,303.0,120.0,289.0,121.0,274.0,119.0,291.0,120.0,300.0
S,day2,1790745463.6083224,15,135.0,364.0,162.0,352.0,181.0,321.0,169.0,291.0,151.0,273.0,192.0,293.0,195.0,269.0,186.0,293.0,185.0,305.0,171.0,286.0,171.0,265.0,165.0,293.0,166.0,301.0,150.0,284.0,150.0,262.0,147.0,289.0,148.0,298.0,128.0,285.0,130.0,268.0,129.0,286.0,129.0,295.0
S,day2,1790745463.7244108,16,140.0,365.0,169.0,351.0,189.0,318.0,180.0,285.0,161.0,266.0,200.0,292.0,206.0,264.0,197.0,291.0,195.0,304.0,178.0,284.0,183.0,259.0,176.0,290.0,174.0,298.0,156.0,282.0,159.0,255.0,156.0,286.0,155.0,295.0,133.0,282.0,138.0,262.0,138.0,283.0,136.0,293.0
S,day2,1790745463.8274698,17,142.0,365.0,172.0,352.0,196.0,316.0,186.0,280.0,164.0,258.0,202.0,288.0,211.0,258.0,203.0,289.0,199.0,302.0,179.0,280.0,187.0,253.0,182.0,288.0,178.0,296.0,157.0,277.0,162.0,249.0,162.0,284.0,158.0,294.0,132.0,277.0,140.0,256.0,142.0,280.0,139.0,290.0
S,day2,1790745463.9484127,18,141.0,376.0,173.0,360.0,196.0,321.0,184.0,282.0,163.0,259.0,204.0,293.0,214.0,261.0,204.0,292.0,201.0,305.0,180.0,285.0,188.0,254.0,182.0,291.0,178.0,299.0,155.0,282.0,160.0,250.0,160.0,285.0,157.0,296.0,128.0,281.0,135.0,256.0,139.0,279.0,137.0,291.0
S,day2,1790745464.0537224,19,140.0,384.0,174.0,367.0,198.0,327.0,185.0,287.0,161.0,263.0,205.0,297.0,214.0,264.0,206.0,296.0,203.0,311.0,180.0,289.0,188.0,258.0,182.0,296.0,179.0,304.0,154.0,287.0,159.0,254.0,159.0,290.0,157.0,301.0,127.0,287.0,135.0,261.0,137.0,286.0,134.0,298.0
S,day2,1790745464.1742523,20,138.0,387.0,171.0,369.0,196.0,327.0,183.0,287.0,158.0,263.0,201.0,296.0,209.0,264.0,205.0,295.0,203.0,311.0,176.0,288.0,183.0,258.0,180.0,295.0,177.0,304.0,151.0,286.0,155.0,254.0,157.0,290.0,155.0,301.0,123.0,286.0,131.0,261.0,135.0,286.0,133.0,297.0
S,day2,1790745464.2970595,21,132.0,377.0,164.0,360.0,188.0,319.0,177.0,281.0,153.0,258.0,194.0,289.0,204.0,257.0,197.0,290.0,194.0,303.0,171.0,282.0,178.0,252.0,174.0,290.0,172.0,298.0,146.0,280.0,150.0,249.0,152.0,286.0,151.0,297.0,120.0,281.0,126.0,256.0,131.0,282.0,129.0,294.0
S,day2,1790745464.407948,22,132.0,371.0,163.0,354.0,183.0,315.0,169.0,279.0,146.0,259.0,190.0,286.0,197.0,255.0,189.0,285.0,186.0,299.0,167.0,279.0,172.0,250.0,166.0,284.0,165.0,294.0,144.0,278.0,145.0,248.0,145.0,280.0,144.0,291.0,119.0,278.0,123.0,256.0,125.0,278.0,124.0,289.0
S,day2,1790745464.534845,23,126.0,371.0,157.0,348.0,174.0,310.0,160.0,275.0,134.0,261.0,180.0,280.0,184.0,253.0,176.0,282.0,175.0,294.0,158.0,275.0,160.0,250.0,154.0,282.0,155.0,291.0,135.0,275.0,132.0,249.0,132.0,279.0,133.0,289.0,111.0,278.0,112.0,257.0,112.0,276.0,112.0,287.0
S,day2,1790745464.6569777,24,116.0,361.0,143.0,335.0,152.0,296.0,132.0,265.0,107.0,255.0,156.0,270.0,154.0,244.0,154.0,271.0,157.0,285.0,134.0,268.0,129.0,245.0,132.0,275.0,136.0,285.0,112.0,272.0,106.0,247.0,112.0,273.0,115.0,285.0,90.0,278.0,88.0,257.0,94.0,273.0,96.0,284.0
S,day2,1790745464.800297,25,107.0,359.0,134.0,335.0,144.0,294.0,122.0,264.0,97.0,257.0,146.0,270.0,142.0,243.0,142.0,271.0,146.0,283.0,124.0,268.0,117.0,245.0,121.0,276.0,125.0,285.0,102.0,271.0,93.0,248.0,100.0,276.0,104.0,286.0,80.0,277.0,78.0,257.0,83.0,274.0,84.0,285.0
S,day2,1790745464.9030535,26,107.0,362.0,132.0,335.0,140.0,296.0,117.0,268.0,92.0,258.0,144.0,270.0,137.0,246.0,138.0,273.0,143.0,285.0,120.0,269.0,114.0,247.0,117.0,278.0,121.0,286.0,98.0,274.0,89.0,249.0,97.0,278.0,100.0,288.0,75.0,282.0,71.0,261.0,78.0,279.0,80.0,288.0
S,day2,1790745465.014202,27,114.0,364.0,140.0,338.0,147.0,300.0,124.0,274.0,96.0,269.0,145.0,275.0,147.0,251.0,148.0,275.0,149.0,291.0,124.0,274.0,122.0,250.0,126.0,276.0,129.0,290.0,103.0,277.0,98.0,254.0,106.0,275.0,110.0,289.0,81.0,284.0,79.0,264.0,86.0,279.0,89.0,293.0
S,day2,1790745465.1327174,28,136.0,366.0,163.0,344.0,174.0,309.0,161.0,281.0,135.0,274.0,171.0,280.0,178.0,260.0,178.0,282.0,176.0,296.0,152.0,277.0,155.0,259.0,160.0,283.0,161.0,296.0,133.0,279.0,134.0,261.0,143.0,281.0,145.0,295.0,113.0,284.0,114.0,264.0,122.0,277.0,125.0,291.0
S,day2,1790745465.2732737,29,167.0,370.0,199.0,354.0,220.0,323.0,212.0,292.0,190.0,277.0,223.0,296.0,237.0,273.0,229.0,295.0,222.0,307.0,206.0,289.0,215.0,267.0,211.0,291.0,206.0,302.0,188.0,287.0,195.0,265.0,195.0,286.0,192.0,297.0,168.0,286.0,178.0,267.0,180.0,282.0,177.0,293.0
S,day2,1790745465.3907235,30,178.0,367.0,210.0,357.0,234.0,332.0,230.0,300.0,215.0,280.0,239.0,307.0,257.0,284.0,248.0,305.0,240.0,318.0,224.0,298.0,238.0,275.0,232.0,299.0,224.0,310.0,207.0,293.0,218.0,270.0,217.0,293.0,210.0,304.0,187.0,290.0,200.0,271.0,201.0,288.0,195.0,297.0
S,day2,1790745465.4970586,31,181.0,366.0,209.0,363.0,239.0,338.0,241.0,307.0,229.0,284.0,249.0,315.0,267.0,294.0,252.0,315.0,244.0,324.0,234.0,304.0,249.0,283.0,236.0,309.0,230.0,315.0,217.0,297.0,230.0,275.0,222.0,301.0,215.0,308.0,197.0,290.0,211.0,275.0,206.0,293.0,200.0,300.0
S,day2,1790745465.6144223,32,181.0,364.0,209.0,362.0,240.0,339.0,243.0,308.0,233.0,284.0,250.0,316.0,268.0,297.0,253.0,318.0,244.0,325.0,235.0,304.0,252.0,286.0,237.0,311.0,230.0,315.0,218.0,296.0,233.0,277.0,223.0,302.0,216.0,307.0,198.0,289.0,213.0,276.0,208.0,294.0,201.0,300.0
S,day2,1790745465.7586174,33,176.0,359.0,206.0,354.0,234.0,333.0,235.0,305.0,223.0,285.0,242.0,311.0,262.0,293.0,248.0,312.0,239.0,321.0,229.0,300.0,244.0,283.0,233.0,305.0,226.0,313.0,214.0,293.0,228.0,274.0,221.0,297.0,214.0,306.0,196.0,286.0,210.0,272.0,208.0,288.0,201.0,296.0
S,day2,1790745465.9097595,34,160.0,351.0,188.0,343.0,212.0,320.0,209.0,290.0,195.0,271.0,220.0,295.0,234.0,272.0,222.0,291.0,216.0,302.0,205.0,286.0,215.0,263.0,205.0,285.0,201.0,293.0,188.0,281.0,196.0,257.0,191.0,279.0,187.0,288.0,169.0,278.0,177.0,258.0,174.0,275.0,169.0,285.0
S,day2,1790745466.0409641,35,153.0,352.0,179.0,344.0,203.0,317.0,196.0,287.0,179.0,269.0,210.0,294.0,222.0,270.0,210.0,293.0,205.0,302.0,193.0,286.0,203.0,263.0,193.0,290.0,190.0,295.0,176.0,282.0,183.0,259.0,178.0,285.0,175.0,292.0,156.0,279.0,164.0,262.0,162.0,280.0,158.0,287.0
S,day2,1790745466.174586,36,142.0,357.0,168.0,344.0,183.0,316.0,176.0,289.0,161.0,272.0,193.0,293.0,199.0,268.0,190.0,289.0,188.0,301.0,175.0,287.0,178.0,263.0,172.0,288.0,171.0,297.0,156.0,285.0,158.0,260.0,155.0,283.0,154.0,293.0,137.0,285.0,139.0,266.0,139.0,280.0,139.0,290.0
S,day2,1790745466.3040392,37,141.0,362.0,166.0,343.0,179.0,312.0,166.0,285.0,147.0,273.0,186.0,292.0,190.0,267.0,184.0,291.0,184.0,302.0,167.0,287.0,169.0,265.0,165.0,292.0,166.0,299.0,148.0,287.0,148.0,264.0,148.0,289.0,149.0,297.0,127.0,289.0,129.0,270.0,131.0,286.0,132.0,295.0
S,day2,1790745466.441311,38,143.0,366.0,167.0,346.0,177.0,313.0,164.0,287.0,145.0,273.0,184.0,292.0,185.0,268.0,182.0,292.0,182.0,302.0,164.0,289.0,164.0,267.0,163.0,295.0,164.0,301.0,145.0,291.0,143.0,268.0,146.0,293.0,147.0,300.0,124.0,294.0,125.0,275.0,129.0,292.0,129.0,299.0
S,day2,1790745466.5457454,39,144.0,366.0,168.0,347.0,178.0,313.0,163.0,286.0,143.0,272.0,183.0,292.0,185.0,267.0,183.0,291.0,184.0,301.0,163.0,289.0,164.0,266.0,164.0,295.0,164.0,301.0,144.0,291.0,143.0,267.0,147.0,292.0,147.0,300.0,123.0,295.0,124.0,275.0,129.0,291.0,130.0,300.0
S,day2,1790745466.6478262,40,132.0,364.0,155.0,341.0,165.0,309.0,147.0,284.0,125.0,276.0,168.0,289.0,167.0,265.0,163.0,287.0,164.0,299.0,149.0,287.0,146.0,265.0,144.0,290.0,146.0,300.0,131.0,289.0,126.0,266.0,128.0,288.0,130.0,298.0,112.0,292.0,108.0,275.0,112.0,288.0,114.0,297.0
S,day2,1790745466.7824674,41,130.0,368.0,151.0,345.0,157.0,311.0,138.0,287.0,117.0,281.0,159.0,289.0,155.0,267.0,156.0,290.0,159.0,301.0,139.0,288.0,133.0,270.0,136.0,295.0,140.0,302.0,120.0,292.0,112.0,273.0,118.0,296.0,122.0,303.0,101.0,298.0,97.0,282.0,101.0,297.0,104.0,304.0
S,day2,1790745466.9044113,42,132.0,370.0,151.0,347.0,153.0,311.0,129.0,289.0,105.0,284.0,151.0,287.0,145.0,267.0,150.0,290.0,155.0,299.0,130.0,289.0,124.0,272.0,132.0,296.0,136.0,304.0,112.0,296.0,101.0,278.0,112.0,300.0,116.0,308.0,93.0,306.0,88.0,291.0,95.0,305.0,98.0,313.0
S,day2,1790745467.0395231,43,132.0,374.0,152.0,349.0,153.0,313.0,128.0,292.0,105.0,286.0,153.0,293.0,147.0,272.0,151.0,294.0,157.0,304.0,133.0,296.0,125.0,275.0,133.0,300.0,137.0,308.0,114.0,302.0,104.0,281.0,115.0,304.0,118.0,313.0,95.0,312.0,90.0,293.0,99.0,307.0,101.0,315.0
S,day2,1790745467.173526,44,137.0,369.0,159.0,351.0,170.0,319.0,153.0,293.0,130.0,285.0,172.0,292.0,171.0,273.0,170.0,296.0,172.0,306.0,153.0,289.0,150.0,274.0,151.0,298.0,154.0,305.0,136.0,291.0,129.0,277.0,133.0,299.0,136.0,305.0,118.0,295.0,114.0,282.0,117.0,296.0,118.0,303.0
S,day2,1790745467.3047888,45,139.0,367.0,164.0,349.0,176.0,319.0,162.0,293.0,143.0,280.0,183.0,295.0,184.0,272.0,178.0,294.0,177.0,306.0,164.0,290.0,163.0,269.0,159.0,294.0,159.0,303.0,145.0,290.0,143.0,270.0,142.0,293.0,143.0,302.0,126.0,293.0,125.0,275.0,126.0,291.0,127.0,301.0
S,day2,1790745467.4403372,46,139.0,365.0,165.0,349.0,178.0,318.0,166.0,289.0,149.0,274.0,187.0,294.0,190.0,270.0,184.0,293.0,184.0,305.0,168.0,289.0,168.0,268.0,165.0,296.0,166.0,302.0,148.0,288.0,148.0,266.0,148.0,293.0,149.0,300.0,127.0,290.0,129.0,272.0,131.0,290.0,130.0,298.0
S,day2,1790745467.5719547,47,137.0,360.0,163.0,347.0,181.0,316.0,172.0,287.0,154.0,269.0,189.0,294.0,196.0,270.0,188.0,294.0,186.0,305.0,171.0,287.0,176.0,265.0,170.0,293.0,168.0,299.0,152.0,285.0,155.0,261.0,153.0,288.0,152.0,295.0,131.0,284.0,136.0,265.0,137.0,283.0,135.0,292.0
S,day2,1790745467.7066135,48,137.0,359.0,164.0,345.0,182.0,315.0,174.0,286.0,156.0,268.0,190.0,294.0,198.0,270.0,190.0,293.0,187.0,304.0,171.0,286.0,178.0,264.0,171.0,291.0,168.0,299.0,152.0,284.0,157.0,261.0,154.0,286.0,151.0,295.0,131.0,284.0,138.0,265.0,138.0,282.0,135.0,291.0
S,day2,1790745467.8415287,49,139.0,359.0,166.0,346.0,185.0,318.0,177.0,289.0,159.0,272.0,195.0,296.0,203.0,273.0,193.0,296.0,190.0,307.0,177.0,289.0,182.0,267.0,175.0,292.0,173.0,299.0,159.0,285.0,162.0,263.0,158.0,287.0,157.0,296.0,138.0,284.0,144.0,267.0,143.0,284.0,141.0,293.0
S,day2,1790745467.9502382,50,145.0,359.0,171.0,349.0,190.0,321.0,183.0,291.0,167.0,272.0,201.0,299.0,209.0,274.0,200.0,299.0,199.0,310.0,183.0,291.0,188.0,268.0,181.0,296.0,180.0,302.0,164.0,287.0,168.0,263.0,164.0,289.0,163.0,298.0,144.0,285.0,149.0,267.0,148.0,285.0,145.0,293.0
S,day2,1790745468.0643902,51,150.0,358.0,176.0,348.0,198.0,321.0,189.0,290.0,171.0,273.0,207.0,298.0,214.0,275.0,205.0,297.0,203.0,310.0,189.0,290.0,193.0,267.0,186.0,292.0,185.0,302.0,171.0,286.0,172.0,263.0,168.0,287.0,167.0,297.0,151.0,284.0,154.0,266.0,152.0,282.0,149.0,293.0
S,day2,1790745468.1734943,52,155.0,360.0,181.0,350.0,202.0,325.0,193.0,296.0,178.0,277.0,210.0,303.0,220.0,277.0,210.0,299.0,206.0,312.0,192.0,295.0,200.0,271.0,192.0,295.0,190.0,305.0,175.0,292.0,180.0,265.0,176.0,289.0,174.0,300.0,155.0,289.0,161.0,269.0,160.0,284.0,157.0,296.0
S,day2,1790745468.2825906,53,158.0,363.0,184.0,352.0,205.0,324.0,197.0,294.0,180.0,276.0,212.0,302.0,221.0,278.0,213.0,301.0,210.0,312.0,194.0,295.0,202.0,271.0,195.0,297.0,192.0,305.0,176.0,292.0,181.0,267.0,179.0,292.0,176.0,301.0,156.0,290.0,162.0,270.0,162.0,287.0,160.0,297.0
T,day2,1790745498.2081783,0,175.0,368.0,195.0,344.0,203.0,308.0,202.0,280.0,205.0,256.0,182.0,293.0,189.0,270.0,197.0,256.0,205.0,244.0,167.0,296.0,181.0,278.0,186.0,303.0,187.0,325.0,151.0,301.0,169.0,288.0,173.0,314.0,173.0,335.0,135.0,308.0,154.0,293.0,160.0,310.0,159.0,327.0
T,day2,1790745498.332103,1,176.0,368.0,196.0,343.0,203.0,306.0,202.0,278.0,207.0,255.0,180.0,292.0,188.0,270.0,196.0,256.0,205.0,243.0,165.0,296.0,182.0,277.0,186.0,303.0,187.0,326.0,151.0,301.0,170.0,287.0,174.0,315.0,173.0,336.0,135.0,308.0,155.0,293.0,162.0,311.0,160.0,327.0
T,day2,1790745498.4409401,2,176.0,368.0,196.0,342.0,203.0,305.0,202.0,277.0,207.0,254.0,180.0,291.0,188.0,269.0,197.0,255.0,205.0,243.0,166.0,295.0,181.0,276.0,186.0,303.0,187.0,325.0,151.0,300.0,169.0,286.0,173.0,314.0,173.0,335.0,135.0,308.0,155.0,292.0,161.0,310.0,159.0,327.0
T,day2,1790745498.573048,3,176.0,368.0,197.0,342.0,204.0,304.0,203.0,276.0,208.0,253.0,183.0,291.0,191.0,269.0,199.0,255.0,207.0,243.0,168.0,294.0,184.0,276.0,188.0,302.0,188.0,324.0,153.0,299.0,171.0,285.0,175.0,313.0,174.0,334.0,136.0,306.0,156.0,291.0,162.0,309.0,160.0,326.0
T,day2,1790745498.6905606,4,176.0,369.0,198.0,343.0,206.0,306.0,206.0,278.0,210.0,255.0,186.0,292.0,195.0,271.0,202.0,257.0,209.0,244.0,171.0,295.0,186.0,276.0,189.0,301.0,190.0,322.0,155.0,299.0,174.0,286.0,175.0,314.0,174.0,335.0,138.0,306.0,158.0,291.0,163.0,310.0,160.0,326.0
T,day2,1790745498.8243442,5,176.0,368.0,199.0,344.0,207.0,306.0,206.0,278.0,212.0,254.0,188.0,293.0,197.0,271.0,203.0,257.0,210.0,244.0,173.0,295.0,187.0,276.0,189.0,301.0,189.0,323.0,157.0,299.0,174.0,285.0,175.0,314.0,174.0,335.0,139.0,306.0,158.0,291.0,163.0,310.0,160.0,327.0
T,day2,1790745498.9504313,6,176.0,369.0,199.0,344.0,207.0,307.0,207.0,279.0,213.0,256.0,186.0,293.0,195.0,272.0,203.0,258.0,212.0,245.0,171.0,295.0,187.0,277.0,190.0,303.0,189.0,325.0,156.0,299.0,174.0,285.0,176.0,314.0,175.0,335.0,139.0,306.0,159.0,291.0,164.0,309.0,161.0,326.0
T,day2,1790745499.0568514,7,177.0,368.0,195.0,342.0,201.0,306.0,201.0,278.0,206.0,255.0,176.0,293.0,184.0,269.0,194.0,255.0,204.0,243.0,163.0,297.0,180.0,278.0,186.0,304.0,186.0,326.0,150.0,302.0,169.0,286.0,174.0,314.0,174.0,335.0,135.0,308.0,156.0,293.0,163.0,310.0,161.0,326.0
T,day2,1790745499.1762455,8,178.0,368.0,193.0,341.0,195.0,303.0,195.0,275.0,201.0,252.0,165.0,288.0,174.0,266.0,185.0,252.0,195.0,241.0,152.0,292.0,173.0,274.0,183.0,301.0,185.0,322.0,140.0,298.0,166.0,285.0,174.0,312.0,175.0,332.0,129.0,307.0,154.0,293.0,164.0,310.0,163.0,326.0
T,day2,1790745499.3076398,9,178.0,369.0,193.0,340.0,194.0,302.0,194.0,275.0,201.0,251.0,161.0,287.0,173.0,264.0,184.0,251.0,194.0,239.0,148.0,291.0,172.0,272.0,183.0,299.0,187.0,320.0,137.0,297.0,166.0,284.0,175.0,311.0,176.0,330.0,128.0,306.0,156.0,293.0,166.0,310.0,165.0,325.0
T,day2,1790745499.439798,10,178.0,369.0,194.0,341.0,195.0,303.0,195.0,275.0,201.0,251.0,163.0,286.0,173.0,264.0,184.0,251.0,195.0,239.0,149.0,290.0,172.0,273.0,183.0,299.0,186.0,319.0,138.0,296.0,167.0,284.0,176.0,312.0,177.0,331.0,129.0,306.0,156.0,293.0,166.0,311.0,167.0,326.0
T,day2,1790745499.554669,11,179.0,368.0,194.0,340.0,196.0,303.0,195.0,275.0,201.0,251.0,164.0,287.0,174.0,264.0,185.0,251.0,196.0,239.0,151.0,291.0,173.0,272.0,184.0,298.0,187.0,319.0,140.0,297.0,167.0,283.0,176.0,310.0,178.0,330.0,130.0,306.0,157.0,292.0,167.0,310.0,167.0,325.0
T,day2,1790745499.675176,12,180.0,366.0,195.0,338.0,197.0,301.0,197.0,275.0,203.0,250.0,165.0,287.0,175.0,264.0,186.0,251.0,197.0,239.0,152.0,291.0,176.0,272.0,186.0,298.0,188.0,319.0,141.0,297.0,169.0,282.0,177.0,310.0,178.0,329.0,132.0,305.0,158.0,291.0,168.0,308.0,167.0,323.0
T,day2,1790745499.8087988,13,182.0,365.0,196.0,338.0,198.0,301.0,198.0,274.0,204.0,251.0,168.0,286.0,177.0,264.0,187.0,251.0,198.0,239.0,154.0,290.0,176.0,272.0,186.0,298.0,189.0,318.0,143.0,296.0,170.0,282.0,178.0,310.0,179.0,329.0,133.0,305.0,159.0,291.0,168.0,308.0,168.0,323.0
T,day2,1790745499.9437225,14,182.0,365.0,197.0,338.0,199.0,301.0,199.0,273.0,204.0,250.0,167.0,285.0,177.0,263.0,188.0,249.0,199.0,237.0,154.0,289.0,177.0,271.0,187.0,297.0,189.0,318.0,143.0,296.0,170.0,282.0,178.0,309.0,179.0,328.0,133.0,304.0,160.0,290.0,169.0,307.0,169.0,322.0
T,day2,1790745500.0582557,15,181.0,364.0,197.0,337.0,200.0,301.0,200.0,274.0,206.0,250.0,171.0,285.0,180.0,263.0,191.0,250.0,201.0,238.0,158.0,289.0,178.0,271.0,187.0,297.0,189.0,318.0,146.0,295.0,170.0,281.0,177.0,308.0,178.0,328.0,134.0,303.0,158.0,288.0,167.0,305.0,167.0,320.0
T,day2,1790745500.1727345,16,178.0,363.0,196.0,337.0,203.0,301.0,204.0,273.0,210.0,250.0,179.0,286.0,188.0,264.0,197.0,251.0,207.0,239.0,165.0,290.0,183.0,272.0,188.0,299.0,188.0,321.0,151.0,295.0,171.0,281.0,176.0,309.0,176.0,330.0,136.0,302.0,158.0,288.0,165.0,306.0,165.0,322.0
T,day2,1790745500.2915404,17,175.0,363.0,199.0,339.0,207.0,302.0,208.0,273.0,214.0,251.0,189.0,286.0,199.0,265.0,206.0,251.0,213.0,239.0,173.0,289.0,187.0,272.0,188.0,298.0,188.0,320.0,157.0,294.0,173.0,280.0,175.0,308.0,175.0,329.0,139.0,300.0,158.0,286.0,163.0,304.0,162.0,321.0
T,day2,1790745500.425437,18,176.0,360.0,199.0,338.0,208.0,301.0,208.0,273.0,215.0,250.0,189.0,286.0,199.0,266.0,206.0,252.0,214.0,240.0,174.0,288.0,189.0,270.0,190.0,296.0,189.0,318.0,158.0,292.0,176.0,279.0,177.0,308.0,176.0,329.0,141.0,298.0,160.0,284.0,164.0,303.0,163.0,320.0
T,day2,1790745500.5580664,19,176.0,360.0,200.0,337.0,208.0,300.0,209.0,272.0,215.0,249.0,188.0,285.0,198.0,264.0,206.0,250.0,214.0,238.0,173.0,287.0,190.0,269.0,191.0,296.0,189.0,318.0,158.0,291.0,176.0,278.0,177.0,307.0,176.0,328.0,141.0,298.0,160.0,283.0,165.0,303.0,163.0,319.0
T,day2,1790745500.6931467,20,175.0,360.0,199.0,337.0,208.0,299.0,209.0,271.0,216.0,249.0,188.0,284.0,197.0,263.0,205.0,249.0,214.0,237.0,173.0,286.0,189.0,268.0,191.0,295.0,190.0,318.0,157.0,290.0,176.0,277.0,177.0,306.0,176.0,328.0,140.0,297.0,160.0,282.0,165.0,302.0,162.0,318.0
T,day2,1790745500.8027217,21,177.0,360.0,201.0,336.0,210.0,299.0,210.0,271.0,216.0,248.0,190.0,285.0,200.0,264.0,207.0,251.0,215.0,238.0,175.0,286.0,191.0,268.0,192.0,294.0,191.0,316.0,159.0,291.0,177.0,278.0,178.0,307.0,176.0,328.0,141.0,297.0,161.0,282.0,165.0,302.0,162.0,319.0
T,day2,1790745500.909163,22,176.0,359.0,202.0,338.0,214.0,302.0,216.0,273.0,220.0,249.0,200.0,289.0,208.0,267.0,214.0,255.0,221.0,244.0,184.0,290.0,195.0,272.0,195.0,294.0,193.0,314.0,167.0,292.0,181.0,280.0,180.0,306.0,178.0,327.0,149.0,297.0,165.0,285.0,167.0,304.0,166.0,320.0
T,day2,1790745501.0205386,23,178.0,359.0,205.0,343.0,219.0,313.0,220.0,284.0,222.0,263.0,214.0,298.0,223.0,276.0,228.0,260.0,233.0,246.0,198.0,295.0,208.0,274.0,204.0,295.0,200.0,315.0,181.0,295.0,192.0,282.0,186.0,306.0,181.0,325.0,162.0,297.0,174.0,284.0,173.0,301.0,168.0,315.0
T,day2,1790745501.1542616,24,182.0,361.0,209.0,346.0,224.0,315.0,227.0,284.0,234.0,262.0,219.0,300.0,229.0,277.0,234.0,261.0,240.0,247.0,203.0,297.0,213.0,276.0,208.0,297.0,204.0,317.0,186.0,297.0,197.0,282.0,191.0,308.0,186.0,328.0,167.0,298.0,179.0,285.0,178.0,303.0,174.0,318.0
T,day2,1790745501.273583,25,181.0,362.0,209.0,346.0,223.0,315.0,225.0,285.0,233.0,262.0,218.0,300.0,227.0,277.0,232.0,261.0,238.0,247.0,202.0,297.0,213.0,275.0,208.0,297.0,204.0,318.0,184.0,297.0,195.0,282.0,190.0,309.0,186.0,330.0,165.0,299.0,178.0,285.0,177.0,303.0,173.0,319.0
T,day2,1790745501.3903718,26,180.0,363.0,208.0,346.0,222.0,313.0,225.0,282.0,233.0,259.0,216.0,300.0,226.0,276.0,231.0,260.0,237.0,246.0,200.0,297.0,211.0,275.0,205.0,298.0,202.0,319.0,183.0,297.0,194.0,282.0,188.0,309.0,184.0,329.0,164.0,299.0,177.0,285.0,175.0,303.0,171.0,318.0
T,day2,1790745501.5124192,27,180.0,362.0,208.0,346.0,222.0,314.0,224.0,284.0,233.0,261.0,216.0,300.0,225.0,276.0,230.0,260.0,236.0,246.0,200.0,297.0,210.0,275.0,205.0,297.0,202.0,318.0,183.0,297.0,194.0,282.0,188.0,309.0,184.0,330.0,164.0,299.0,176.0,286.0,175.0,304.0,170.0,319.0
T,day2,1790745501.6403143,28,180.0,364.0,207.0,347.0,221.0,315.0,223.0,284.0,232.0,262.0,216.0,300.0,224.0,276.0,229.0,260.0,235.0,247.0,199.0,297.0,209.0,276.0,204.0,298.0,201.0,319.0,182.0,298.0,193.0,283.0,187.0,310.0,184.0,331.0,163.0,300.0,175.0,287.0,174.0,306.0,170.0,321.0
T,day2,1790745501.772702,29,180.0,364.0,208.0,346.0,221.0,313.0,223.0,283.0,231.0,260.0,214.0,299.0,223.0,276.0,228.0,260.0,234.0,247.0,198.0,297.0,209.0,276.0,205.0,298.0,202.0,319.0,180.0,298.0,193.0,283.0,187.0,311.0,184.0,332.0,162.0,300.0,175.0,287.0,174.0,307.0,170.0,322.0
T,day2,1790745501.9094615,30,180.0,365.0,208.0,346.0,220.0,311.0,221.0,281.0,230.0,258.0,211.0,298.0,220.0,277.0,226.0,261.0,232.0,248.0,195.0,297.0,206.0,276.0,203.0,299.0,201.0,320.0,177.0,298.0,191.0,284.0,188.0,311.0,185.0,332.0,159.0,301.0,173.0,289.0,174.0,308.0,170.0,324.0
T,day2,1790745502.04045,31,179.0,365.0,206.0,347.0,218.0,312.0,220.0,281.0,229.0,258.0,210.0,298.0,218.0,276.0,224.0,261.0,230.0,248.0,194.0,297.0,205.0,276.0,202.0,299.0,200.0,320.0,176.0,298.0,189.0,284.0,185.0,311.0,183.0,333.0,157.0,301.0,171.0,288.0,171.0,308.0,168.0,325.0
T,day2,1790745502.149359,32,181.0,365.0,204.0,343.0,214.0,307.0,215.0,278.0,220.0,254.0,201.0,293.0,208.0,272.0,214.0,258.0,221.0,246.0,185.0,294.0,195.0,277.0,194.0,302.0,193.0,324.0,168.0,297.0,180.0,285.0,181.0,311.0,180.0,333.0,150.0,303.0,165.0,290.0,168.0,307.0,166.0,323.0
T,day2,1790745502.2499413,33,179.0,364.0,202.0,341.0,212.0,305.0,213.0,277.0,218.0,254.0,195.0,291.0,203.0,271.0,210.0,257.0,218.0,245.0,180.0,293.0,192.0,275.0,194.0,299.0,194.0,321.0,163.0,296.0,178.0,284.0,180.0,311.0,180.0,332.0,145.0,303.0,161.0,290.0,166.0,309.0,165.0,325.0
T,day2,1790745502.385888,34,172.0,365.0,192.0,341.0,200.0,303.0,199.0,275.0,203.0,251.0,179.0,291.0,187.0,270.0,194.0,256.0,202.0,244.0,164.0,294.0,179.0,276.0,183.0,301.0,184.0,322.0,149.0,300.0,166.0,287.0,170.0,314.0,171.0,334.0,132.0,307.0,151.0,293.0,156.0,311.0,155.0,326.0
T,day2,1790745502.5258882,35,169.0,365.0,189.0,341.0,194.0,302.0,192.0,275.0,197.0,252.0,172.0,291.0,179.0,268.0,186.0,254.0,194.0,241.0,158.0,295.0,172.0,274.0,177.0,301.0,179.0,323.0,143.0,300.0,160.0,285.0,165.0,313.0,166.0,334.0,127.0,307.0,146.0,291.0,152.0,310.0,151.0,326.0
T,day2,1790745502.6602392,36,169.0,365.0,188.0,339.0,194.0,300.0,192.0,273.0,196.0,251.0,172.0,290.0,179.0,267.0,186.0,253.0,194.0,241.0,157.0,294.0,171.0,274.0,176.0,300.0,178.0,323.0,142.0,299.0,160.0,285.0,164.0,313.0,164.0,334.0,126.0,307.0,145.0,291.0,152.0,309.0,150.0,324.0
T,day2,1790745502.7468827,37,168.0,365.0,188.0,339.0,193.0,301.0,191.0,273.0,197.0,251.0,171.0,290.0,178.0,268.0,185.0,254.0,193.0,241.0,156.0,294.0,171.0,274.0,176.0,301.0,177.0,323.0,142.0,300.0,159.0,285.0,163.0,314.0,164.0,335.0,126.0,307.0,145.0,291.0,151.0,309.0,149.0,325.0
T,day2,1790745502.8484557,38,169.0,365.0,188.0,339.0,192.0,302.0,190.0,274.0,195.0,251.0,170.0,290.0,177.0,268.0,184.0,253.0,192.0,240.0,156.0,294.0,169.0,274.0,175.0,300.0,177.0,323.0,141.0,300.0,158.0,285.0,163.0,314.0,164.0,335.0,125.0,308.0,145.0,291.0,151.0,309.0,150.0,326.0
T,day2,1790745502.9906843,39,168.0,362.0,188.0,336.0,192.0,297.0,190.0,269.0,195.0,247.0,170.0,285.0,178.0,264.0,185.0,250.0,192.0,237.0,155.0,290.0,170.0,271.0,175.0,298.0,177.0,320.0,140.0,296.0,158.0,282.0,163.0,310.0,164.0,331.0,124.0,304.0,143.0,288.0,150.0,307.0,149.0,323.0
T,day2,1790745503.1196852,40,166.0,363.0,183.0,338.0,185.0,299.0,180.0,271.0,181.0,248.0,160.0,291.0,165.0,268.0,172.0,253.0,180.0,240.0,146.0,296.0,160.0,275.0,168.0,300.0,171.0,322.0,132.0,303.0,149.0,286.0,156.0,313.0,159.0,333.0,117.0,312.0,134.0,294.0,143.0,310.0,143.0,325.0
T,day2,1790745503.2164795,41,163.0,365.0,181.0,339.0,183.0,301.0,178.0,273.0,179.0,250.0,159.0,291.0,163.0,268.0,170.0,253.0,177.0,240.0,145.0,296.0,158.0,277.0,165.0,302.0,169.0,325.0,131.0,303.0,146.0,287.0,154.0,314.0,157.0,335.0,115.0,312.0,132.0,293.0,140.0,309.0,141.0,325.0
T,day2,1790745503.3533359,42,164.0,364.0,181.0,338.0,182.0,299.0,177.0,272.0,180.0,248.0,158.0,290.0,162.0,267.0,168.0,251.0,175.0,237.0,144.0,295.0,157.0,275.0,165.0,301.0,167.0,323.0,130.0,302.0,146.0,286.0,154.0,313.0,156.0,334.0,115.0,312.0,132.0,292.0,141.0,309.0,141.0,324.0
T,day2,1790745503.493121,43,164.0,365.0,181.0,339.0,182.0,300.0,177.0,272.0,180.0,249.0,158.0,289.0,163.0,267.0,169.0,252.0,176.0,238.0,144.0,295.0,157.0,275.0,165.0,301.0,168.0,324.0,130.0,302.0,146.0,286.0,154.0,313.0,157.0,334.0,115.0,311.0,133.0,293.0,141.0,309.0,142.0,324.0
T,day2,1790745503.5969684,44,167.0,366.0,183.0,339.0,183.0,300.0,178.0,272.0,181.0,249.0,157.0,290.0,162.0,266.0,169.0,252.0,177.0,239.0,143.0,296.0,157.0,275.0,166.0,301.0,170.0,323.0,130.0,303.0,147.0,287.0,156.0,315.0,158.0,335.0,116.0,313.0,135.0,294.0,144.0,311.0,145.0,326.0
T,day2,1790745503.7061841,45,168.0,366.0,184.0,339.0,186.0,300.0,182.0,273.0,185.0,250.0,160.0,289.0,165.0,266.0,172.0,251.0,180.0,238.0,146.0,295.0,160.0,274.0,168.0,300.0,172.0,322.0,133.0,302.0,150.0,286.0,158.0,313.0,161.0,333.0,118.0,311.0,137.0,293.0,146.0,310.0,147.0,325.0
T,day2,1790745503.7993546,46,169.0,364.0,185.0,338.0,186.0,300.0,182.0,273.0,184.0,250.0,158.0,288.0,163.0,265.0,172.0,251.0,180.0,238.0,144.0,294.0,160.0,274.0,170.0,300.0,173.0,322.0,131.0,301.0,150.0,287.0,159.0,314.0,162.0,334.0,118.0,311.0,138.0,295.0,148.0,312.0,149.0,327.0
T,day2,1790745503.941835,47,170.0,365.0,184.0,338.0,184.0,300.0,181.0,273.0,184.0,249.0,153.0,287.0,161.0,265.0,169.0,250.0,178.0,237.0,140.0,293.0,158.0,274.0,170.0,299.0,175.0,320.0,128.0,300.0,151.0,286.0,161.0,313.0,165.0,333.0,116.0,310.0,140.0,295.0,151.0,312.0,151.0,327.0
T,day2,1790745504.0471046,48,171.0,365.0,186.0,339.0,185.0,300.0,181.0,273.0,185.0,249.0,155.0,287.0,161.0,264.0,170.0,249.0,179.0,236.0,140.0,291.0,159.0,273.0,171.0,299.0,176.0,320.0,128.0,299.0,153.0,286.0,163.0,312.0,166.0,331.0,117.0,309.0,142.0,296.0,152.0,312.0,153.0,326.0
T,day2,1790745504.185184,49,173.0,366.0,187.0,339.0,189.0,302.0,187.0,274.0,190.0,251.0,160.0,287.0,167.0,264.0,175.0,250.0,184.0,238.0,147.0,293.0,164.0,275.0,175.0,300.0,179.0,320.0,134.0,300.0,155.0,287.0,164.0,312.0,168.0,331.0,122.0,310.0,142.0,294.0,152.0,310.0,154.0,324.0
T,day2,1790745504.3254151,50,175.0,365.0,189.0,337.0,188.0,299.0,186.0,272.0,190.0,248.0,155.0,285.0,164.0,263.0,174.0,249.0,184.0,236.0,141.0,290.0,164.0,272.0,176.0,298.0,180.0,318.0,130.0,298.0,158.0,285.0,168.0,312.0,170.0,330.0,120.0,308.0,148.0,295.0,158.0,312.0,158.0,326.0
T,day2,1790745504.4328525,51,174.0,365.0,186.0,336.0,184.0,299.0,183.0,273.0,187.0,248.0,145.0,286.0,155.0,263.0,168.0,249.0,180.0,237.0,132.0,291.0,161.0,271.0,174.0,296.0,177.0,316.0,124.0,298.0,159.0,283.0,169.0,310.0,170.0,328.0,120.0,309.0,151.0,294.0,162.0,311.0,162.0,326.0
T,day2,1790745504.5710492,52,173.0,368.0,185.0,336.0,182.0,299.0,180.0,273.0,183.0,248.0,137.0,290.0,149.0,264.0,163.0,250.0,176.0,238.0,125.0,295.0,158.0,272.0,172.0,296.0,174.0,316.0,120.0,302.0,157.0,283.0,169.0,309.0,169.0,327.0,119.0,312.0,152.0,294.0,162.0,312.0,162.0,327.0
T,day2,1790745504.687637,53,175.0,366.0,190.0,337.0,192.0,302.0,190.0,275.0,192.0,251.0,156.0,286.0,165.0,263.0,177.0,251.0,187.0,240.0,144.0,290.0,167.0,273.0,180.0,296.0,183.0,316.0,133.0,297.0,162.0,283.0,172.0,308.0,174.0,327.0,125.0,306.0,153.0,293.0,164.0,309.0,164.0,325.0
T,day2,1790745504.8034947,54,179.0,366.0,195.0,338.0,198.0,302.0,197.0,275.0,198.0,251.0,171.0,289.0,177.0,266.0,186.0,252.0,194.0,240.0,158.0,294.0,175.0,274.0,185.0,298.0,188.0,319.0,146.0,299.0,166.0,284.0,174.0,310.0,176.0,330.0,132.0,308.0,153.0,291.0,162.0,308.0,162.0,324.0
T,day2,1790745504.927471,55,179.0,367.0,200.0,342.0,208.0,306.0,207.0,278.0,208.0,254.0,187.0,291.0,194.0,269.0,201.0,255.0,208.0,244.0,172.0,294.0,185.0,277.0,190.0,300.0,192.0,321.0,156.0,300.0,174.0,287.0,178.0,313.0,179.0,333.0,140.0,308.0,157.0,294.0,164.0,311.0,165.0,326.0
T,day2,1790745505.0573585,56,183.0,366.0,203.0,342.0,211.0,305.0,209.0,278.0,213.0,255.0,190.0,291.0,197.0,270.0,204.0,256.0,212.0,245.0,175.0,294.0,189.0,276.0,193.0,300.0,195.0,321.0,160.0,299.0,177.0,286.0,180.0,314.0,181.0,334.0,144.0,306.0,162.0,291.0,168.0,309.0,167.0,325.0
U,day2,1790745534.9209952,0,164.0,439.0,185.0,425.0,194.0,399.0,175.0,381.0,155.0,369.0,196.0,356.0,197.0,322.0,196.0,301.0,193.0,283.0,177.0,355.0,179.0,316.0,180.0,292.0,181.0,271.0,159.0,364.0,158.0,353.0,164.0,374.0,167.0,389.0,141.0,377.0,147.0,373.0,155.0,389.0,160.0,401.0
U,day2,1790745535.026359,1,163.0,439.0,184.0,425.0,193.0,400.0,173.0,382.0,154.0,369.0,195.0,356.0,197.0,322.0,196.0,300.0,193.0,282.0,177.0,355.0,178.0,316.0,180.0,291.0,182.0,271.0,159.0,364.0,158.0,354.0,163.0,374.0,166.0,389.0,141.0,377.0,146.0,372.0,154.0,388.0,159.0,400.0
U,day2,1790745535.1270373,2,163.0,431.0,186.0,418.0,195.0,395.0,183.0,375.0,170.0,359.0,196.0,351.0,198.0,317.0,197.0,294.0,195.0,276.0,178.0,350.0,179.0,311.0,180.0,285.0,180.0,264.0,160.0,358.0,157.0,343.0,162.0,360.0,165.0,374.0,143.0,372.0,144.0,363.0,151.0,376.0,156.0,387.0
U,day2,1790745535.2211375,3,165.0,426.0,188.0,413.0,199.0,390.0,186.0,371.0,170.0,356.0,199.0,345.0,200.0,311.0,200.0,290.0,198.0,271.0,181.0,344.0,182.0,305.0,183.0,280.0,185.0,260.0,163.0,353.0,161.0,343.0,167.0,362.0,170.0,377.0,145.0,366.0,149.0,360.0,156.0,375.0,161.0,386.0
U,day2,1790745535.3353453,4,168.0,422.0,190.0,410.0,200.0,387.0,185.0,369.0,168.0,354.0,201.0,342.0,204.0,309.0,204.0,288.0,203.0,269.0,183.0,341.0,185.0,303.0,187.0,278.0,190.0,257.0,165.0,350.0,163.0,338.0,168.0,357.0,171.0,371.0,147.0,363.0,151.0,356.0,158.0,371.0,162.0,383.0
U,day2,1790745535.4548287,5,169.0,420.0,192.0,407.0,203.0,383.0,187.0,363.0,169.0,349.0,205.0,339.0,207.0,305.0,208.0,283.0,207.0,264.0,187.0,338.0,188.0,298.0,192.0,273.0,194.0,253.0,168.0,346.0,169.0,335.0,174.0,355.0,176.0,370.0,150.0,359.0,155.0,351.0,161.0,367.0,164.0,380.0
U,day2,1790745535.5626135,6,172.0,415.0,195.0,402.0,207.0,377.0,202.0,357.0,196.0,340.0,208.0,334.0,213.0,300.0,215.0,278.0,214.0,260.0,189.0,333.0,194.0,292.0,198.0,268.0,200.0,247.0,170.0,340.0,174.0,329.0,180.0,350.0,182.0,366.0,151.0,353.0,160.0,346.0,167.0,362.0,169.0,374.0
U,day2,1790745535.6811185,7,174.0,411.0,197.0,400.0,208.0,376.0,204.0,356.0,200.0,338.0,212.0,332.0,217.0,297.0,219.0,276.0,218.0,257.0,193.0,330.0,198.0,290.0,202.0,264.0,205.0,244.0,174.0,337.0,177.0,325.0,183.0,346.0,184.0,362.0,155.0,349.0,164.0,341.0,171.0,357.0,173.0,369.0
U,day2,1790745535.786645,8,174.0,410.0,198.0,399.0,211.0,375.0,202.0,354.0,190.0,338.0,214.0,330.0,219.0,296.0,221.0,275.0,221.0,256.0,196.0,329.0,200.0,289.0,205.0,264.0,208.0,243.0,177.0,336.0,179.0,322.0,183.0,342.0,185.0,358.0,158.0,348.0,165.0,339.0,172.0,353.0,174.0,366.0
U,day2,1790745535.8867536,9,176.0,411.0,200.0,399.0,212.0,375.0,199.0,354.0,182.0,340.0,216.0,330.0,221.0,297.0,223.0,275.0,223.0,257.0,198.0,328.0,203.0,289.0,207.0,264.0,210.0,243.0,179.0,336.0,180.0,323.0,185.0,345.0,186.0,360.0,159.0,347.0,167.0,340.0,173.0,355.0,175.0,368.0
U,day2,1790745535.9776237,10,177.0,411.0,201.0,399.0,213.0,374.0,198.0,354.0,181.0,339.0,217.0,330.0,222.0,297.0,224.0,275.0,224.0,257.0,198.0,328.0,203.0,288.0,208.0,263.0,212.0,244.0,179.0,334.0,181.0,324.0,185.0,346.0,186.0,361.0,161.0,346.0,168.0,341.0,174.0,357.0,176.0,369.0
U,day2,1790745536.0711155,11,176.0,411.0,201.0,398.0,213.0,373.0,198.0,352.0,180.0,337.0,217.0,331.0,223.0,298.0,225.0,276.0,225.0,258.0,199.0,329.0,204.0,288.0,209.0,264.0,214.0,244.0,180.0,335.0,181.0,324.0,185.0,346.0,185.0,361.0,161.0,346.0,168.0,341.0,173.0,357.0,175.0,369.0
U,day2,1790745536.1788237,12,175.0,412.0,200.0,401.0,213.0,375.0,199.0,354.0,181.0,339.0,218.0,333.0,224.0,299.0,226.0,278.0,226.0,259.0,200.0,330.0,206.0,289.0,212.0,265.0,216.0,246.0,181.0,336.0,182.0,326.0,185.0,348.0,185.0,364.0,162.0,346.0,168.0,341.0,173.0,359.0,175.0,371.0
U,day2,1790745536.2714972,13,173.0,413.0,198.0,402.0,212.0,377.0,200.0,356.0,183.0,341.0,217.0,334.0,224.0,300.0,226.0,279.0,227.0,260.0,199.0,331.0,206.0,291.0,212.0,267.0,217.0,248.0,179.0,337.0,182.0,326.0,185.0,349.0,185.0,364.0,160.0,347.0,167.0,341.0,172.0,358.0,173.0,370.0
U,day2,1790745536.3699663,14,171.0,414.0,195.0,400.0,206.0,374.0,190.0,354.0,170.0,342.0,207.0,332.0,209.0,298.0,209.0,276.0,208.0,258.0,189.0,331.0,190.0,291.0,193.0,266.0,195.0,245.0,170.0,339.0,174.0,328.0,180.0,349.0,181.0,363.0,152.0,352.0,160.0,342.0,168.0,357.0,171.0,369.0
U,day2,1790745536.4879513,15,169.0,415.0,191.0,401.0,202.0,375.0,184.0,353.0,164.0,340.0,202.0,332.0,201.0,297.0,199.0,275.0,196.0,258.0,183.0,330.0,180.0,290.0,181.0,265.0,182.0,246.0,165.0,339.0,163.0,331.0,169.0,351.0,173.0,365.0,148.0,351.0,153.0,345.0,160.0,360.0,164.0,372.0
U,day2,1790745536.5884316,16,170.0,416.0,192.0,402.0,202.0,375.0,183.0,354.0,164.0,340.0,198.0,331.0,195.0,297.0,192.0,276.0,188.0,258.0,179.0,331.0,174.0,290.0,174.0,266.0,174.0,247.0,161.0,342.0,160.0,331.0,168.0,353.0,172.0,368.0,145.0,356.0,150.0,346.0,159.0,362.0,163.0,375.0
U,day2,1790745536.7002106,17,169.0,418.0,191.0,401.0,199.0,372.0,178.0,353.0,158.0,342.0,194.0,331.0,190.0,297.0,185.0,276.0,179.0,259.0,176.0,333.0,169.0,292.0,166.0,267.0,164.0,247.0,159.0,344.0,154.0,333.0,163.0,354.0,169.0,369.0,144.0,360.0,146.0,350.0,155.0,366.0,160.0,378.0
U,day2,1790745536.8141794,18,169.0,417.0,190.0,401.0,199.0,374.0,180.0,353.0,161.0,340.0,194.0,328.0,189.0,294.0,184.0,273.0,179.0,256.0,176.0,330.0,169.0,290.0,166.0,265.0,164.0,246.0,159.0,342.0,153.0,329.0,162.0,350.0,168.0,366.0,144.0,357.0,146.0,346.0,155.0,361.0,161.0,374.0
U,day2,1790745536.915051,19,169.0,415.0,192.0,400.0,201.0,374.0,184.0,353.0,165.0,339.0,199.0,329.0,196.0,294.0,192.0,273.0,188.0,255.0,180.0,329.0,176.0,288.0,175.0,263.0,174.0,244.0,163.0,339.0,160.0,329.0,167.0,349.0,170.0,364.0,146.0,353.0,150.0,344.0,157.0,360.0,161.0,372.0
U,day2,1790745537.0197961,20,169.0,413.0,193.0,399.0,204.0,374.0,195.0,353.0,186.0,335.0,203.0,327.0,203.0,293.0,202.0,272.0,198.0,254.0,185.0,327.0,184.0,287.0,185.0,261.0,186.0,241.0,166.0,336.0,167.0,324.0,172.0,345.0,175.0,361.0,149.0,349.0,155.0,341.0,162.0,356.0,165.0,368.0
U,day2,1790745537.1332588,21,170.0,404.0,194.0,394.0,208.0,371.0,204.0,350.0,200.0,331.0,211.0,323.0,216.0,289.0,217.0,267.0,216.0,248.0,193.0,322.0,198.0,281.0,201.0,255.0,203.0,235.0,175.0,330.0,176.0,315.0,179.0,336.0,181.0,352.0,156.0,342.0,162.0,331.0,168.0,348.0,171.0,361.0
U,day2,1790745537.2371244,22,170.0,401.0,195.0,392.0,211.0,369.0,206.0,347.0,199.0,329.0,215.0,322.0,221.0,287.0,223.0,265.0,223.0,246.0,197.0,319.0,204.0,278.0,208.0,252.0,211.0,232.0,179.0,326.0,180.0,312.0,183.0,335.0,183.0,352.0,160.0,337.0,166.0,327.0,171.0,345.0,172.0,361.0
U,day2,1790745537.326425,23,171.0,396.0,195.0,389.0,211.0,367.0,212.0,345.0,209.0,323.0,219.0,319.0,227.0,285.0,229.0,264.0,230.0,245.0,202.0,316.0,210.0,276.0,216.0,251.0,221.0,230.0,183.0,322.0,184.0,307.0,186.0,331.0,187.0,348.0,163.0,333.0,169.0,323.0,174.0,341.0,176.0,356.0
U,day2,1790745537.4263892,24,170.0,396.0,195.0,389.0,211.0,366.0,205.0,342.0,194.0,321.0,221.0,320.0,228.0,286.0,231.0,264.0,233.0,245.0,203.0,317.0,212.0,276.0,218.0,250.0,223.0,230.0,184.0,322.0,184.0,309.0,186.0,332.0,187.0,349.0,165.0,332.0,170.0,323.0,174.0,342.0,176.0,357.0
U,day2,1790745537.5507262,25,169.0,398.0,194.0,390.0,210.0,366.0,202.0,341.0,189.0,320.0,220.0,322.0,229.0,288.0,232.0,266.0,234.0,247.0,203.0,319.0,212.0,278.0,220.0,253.0,226.0,234.0,183.0,324.0,185.0,309.0,186.0,334.0,186.0,351.0,163.0,334.0,170.0,323.0,173.0,343.0,173.0,358.0
U,day2,1790745537.6595955,26,168.0,399.0,194.0,390.0,210.0,365.0,203.0,341.0,194.0,321.0,218.0,323.0,227.0,289.0,231.0,268.0,233.0,249.0,200.0,319.0,210.0,280.0,218.0,255.0,224.0,234.0,181.0,325.0,184.0,309.0,185.0,333.0,185.0,351.0,161.0,335.0,169.0,324.0,172.0,342.0,172.0,358.0
U,day2,1790745537.777979,27,165.0,400.0,191.0,391.0,207.0,368.0,201.0,347.0,195.0,327.0,212.0,323.0,220.0,289.0,224.0,267.0,225.0,249.0,195.0,320.0,203.0,279.0,209.0,254.0,214.0,234.0,176.0,326.0,179.0,312.0,181.0,334.0,181.0,350.0,156.0,337.0,165.0,325.0,170.0,342.0,170.0,357.0
U,day2,1790745537.884405,28,164.0,403.0,189.0,391.0,204.0,365.0,188.0,341.0,171.0,325.0,207.0,322.0,213.0,288.0,215.0,266.0,216.0,247.0,189.0,319.0,195.0,279.0,201.0,254.0,205.0,234.0,171.0,327.0,173.0,313.0,177.0,335.0,177.0,351.0,152.0,338.0,160.0,327.0,165.0,345.0,166.0,359.0
U,day2,1790745537.9862225,29,162.0,404.0,187.0,391.0,200.0,365.0,183.0,342.0,166.0,325.0,202.0,323.0,206.0,289.0,205.0,267.0,205.0,249.0,183.0,321.0,187.0,280.0,190.0,255.0,193.0,234.0,165.0,328.0,166.0,313.0,171.0,337.0,172.0,354.0,147.0,340.0,153.0,330.0,159.0,349.0,161.0,363.0
U,day2,1790745538.0980637,30,162.0,405.0,187.0,392.0,200.0,365.0,183.0,342.0,165.0,326.0,201.0,323.0,204.0,288.0,203.0,266.0,201.0,247.0,183.0,321.0,185.0,280.0,187.0,254.0,189.0,234.0,164.0,329.0,164.0,314.0,169.0,337.0,171.0,354.0,146.0,342.0,152.0,331.0,158.0,349.0,161.0,364.0
U,day2,1790745538.2217958,31,164.0,409.0,187.0,395.0,199.0,367.0,182.0,346.0,165.0,330.0,196.0,323.0,195.0,288.0,193.0,267.0,190.0,249.0,176.0,324.0,175.0,282.0,176.0,256.0,177.0,236.0,159.0,334.0,157.0,319.0,163.0,343.0,167.0,360.0,142.0,348.0,147.0,337.0,154.0,355.0,158.0,370.0
U,day2,1790745538.3652546,32,167.0,412.0,190.0,396.0,200.0,368.0,182.0,346.0,164.0,331.0,196.0,324.0,195.0,289.0,192.0,267.0,189.0,249.0,177.0,325.0,175.0,283.0,175.0,257.0,175.0,237.0,159.0,335.0,158.0,323.0,166.0,347.0,170.0,363.0,142.0,350.0,148.0,340.0,156.0,357.0,159.0,370.0
U,day2,1790745538.4821923,33,167.0,413.0,190.0,398.0,201.0,370.0,184.0,348.0,166.0,332.0,197.0,324.0,195.0,289.0,193.0,267.0,189.0,249.0,178.0,325.0,175.0,282.0,176.0,257.0,176.0,237.0,160.0,336.0,159.0,324.0,167.0,348.0,171.0,364.0,142.0,350.0,148.0,340.0,156.0,357.0,159.0,370.0
U,day2,1790745538.6095924,34,167.0,413.0,190.0,397.0,201.0,370.0,184.0,348.0,167.0,331.0,196.0,324.0,195.0,289.0,193.0,267.0,189.0,248.0,177.0,325.0,175.0,282.0,176.0,257.0,176.0,237.0,160.0,335.0,160.0,323.0,167.0,346.0,171.0,362.0,143.0,349.0,150.0,339.0,158.0,356.0,161.0,369.0
U,day2,1790745538.7481909,35,167.0,409.0,191.0,396.0,204.0,370.0,198.0,348.0,195.0,328.0,200.0,322.0,201.0,287.0,200.0,266.0,197.0,248.0,181.0,321.0,182.0,279.0,183.0,254.0,185.0,234.0,164.0,330.0,164.0,318.0,171.0,341.0,175.0,358.0,146.0,344.0,153.0,335.0,161.0,352.0,166.0,365.0
U,day2,1790745538.8670733,36,171.0,401.0,195.0,391.0,209.0,366.0,197.0,342.0,181.0,324.0,215.0,323.0,222.0,290.0,224.0,268.0,224.0,250.0,197.0,319.0,203.0,277.0,208.0,253.0,212.0,234.0,178.0,325.0,180.0,313.0,184.0,336.0,185.0,353.0,159.0,336.0,166.0,327.0,172.0,345.0,173.0,358.0
U,day2,1790745538.9913304,37,171.0,400.0,196.0,390.0,211.0,365.0,197.0,341.0,181.0,323.0,218.0,323.0,225.0,289.0,226.0,267.0,227.0,248.0,200.0,319.0,207.0,279.0,213.0,254.0,217.0,234.0,180.0,325.0,184.0,312.0,186.0,336.0,185.0,352.0,161.0,336.0,170.0,326.0,174.0,344.0,173.0,358.0
U,day2,1790745539.1087759,38,173.0,399.0,198.0,390.0,213.0,365.0,200.0,342.0,185.0,323.0,221.0,323.0,230.0,289.0,233.0,267.0,234.0,248.0,203.0,319.0,212.0,279.0,219.0,254.0,225.0,235.0,184.0,325.0,188.0,313.0,190.0,337.0,189.0,352.0,164.0,336.0,173.0,326.0,177.0,344.0,176.0,358.0
U,day2,1790745539.2381246,39,174.0,398.0,198.0,390.0,213.0,366.0,202.0,342.0,189.0,322.0,224.0,323.0,233.0,290.0,236.0,268.0,238.0,249.0,206.0,319.0,216.0,278.0,224.0,254.0,231.0,235.0,186.0,324.0,189.0,311.0,190.0,336.0,189.0,353.0,166.0,334.0,174.0,324.0,177.0,344.0,176.0,359.0
U,day2,1790745539.3697891,40,173.0,396.0,197.0,390.0,213.0,367.0,201.0,343.0,189.0,322.0,225.0,324.0,234.0,291.0,239.0,270.0,242.0,251.0,207.0,319.0,218.0,279.0,227.0,255.0,234.0,237.0,188.0,324.0,190.0,310.0,190.0,335.0,189.0,351.0,168.0,333.0,175.0,321.0,178.0,341.0,177.0,357.0
U,day2,1790745539.5056596,41,173.0,395.0,197.0,389.0,213.0,366.0,201.0,342.0,189.0,321.0,224.0,323.0,234.0,291.0,239.0,269.0,243.0,251.0,207.0,319.0,219.0,279.0,228.0,255.0,235.0,237.0,187.0,323.0,191.0,309.0,191.0,334.0,189.0,351.0,167.0,332.0,176.0,322.0,178.0,342.0,177.0,357.0
U,day2,1790745539.620137,42,171.0,396.0,196.0,389.0,211.0,365.0,198.0,341.0,183.0,322.0,222.0,324.0,232.0,292.0,237.0,271.0,241.0,252.0,205.0,320.0,217.0,280.0,226.0,257.0,233.0,238.0,186.0,324.0,189.0,311.0,189.0,334.0,188.0,350.0,166.0,333.0,173.0,324.0,176.0,344.0,175.0,358.0
U,day2,1790745539.7743611,43,164.0,402.0,189.0,390.0,204.0,365.0,194.0,343.0,179.0,327.0,208.0,323.0,215.0,290.0,218.0,269.0,220.0,251.0,190.0,320.0,197.0,280.0,203.0,257.0,208.0,238.0,171.0,326.0,174.0,314.0,179.0,336.0,179.0,351.0,152.0,337.0,161.0,330.0,166.0,346.0,167.0,359.0
U,day2,1790745539.9090002,44,161.0,403.0,186.0,389.0,199.0,363.0,181.0,340.0,162.0,327.0,202.0,323.0,207.0,290.0,209.0,268.0,208.0,250.0,184.0,321.0,190.0,280.0,195.0,255.0,198.0,235.0,166.0,328.0,167.0,315.0,170.0,338.0,172.0,355.0,147.0,339.0,154.0,329.0,158.0,347.0,159.0,361.0
U,day2,1790745540.0415132,45,155.0,405.0,178.0,390.0,189.0,361.0,169.0,339.0,150.0,325.0,191.0,321.0,193.0,286.0,192.0,263.0,190.0,245.0,172.0,320.0,174.0,278.0,175.0,253.0,176.0,233.0,155.0,328.0,150.0,315.0,154.0,339.0,158.0,356.0,138.0,340.0,139.0,330.0,144.0,349.0,148.0,365.0
U,day2,1790745540.1577494,46,157.0,407.0,180.0,391.0,191.0,361.0,172.0,341.0,153.0,328.0,188.0,320.0,190.0,286.0,188.0,264.0,185.0,246.0,169.0,320.0,171.0,278.0,172.0,253.0,172.0,233.0,151.0,329.0,152.0,319.0,159.0,343.0,163.0,359.0,133.0,342.0,140.0,335.0,148.0,353.0,151.0,366.0
U,day2,1790745540.2837875,47,155.0,409.0,180.0,392.0,196.0,363.0,179.0,342.0,161.0,329.0,182.0,320.0,182.0,284.0,181.0,263.0,177.0,244.0,164.0,320.0,164.0,279.0,165.0,254.0,163.0,233.0,146.0,329.0,152.0,319.0,160.0,344.0,163.0,361.0,128.0,343.0,139.0,338.0,150.0,357.0,155.0,372.0
U,day2,1790745540.398474,48,155.0,408.0,180.0,393.0,195.0,363.0,180.0,343.0,160.0,330.0,180.0,318.0,178.0,283.0,176.0,262.0,171.0,243.0,159.0,319.0,159.0,277.0,160.0,253.0,160.0,232.0,141.0,328.0,151.0,317.0,161.0,342.0,163.0,358.0,124.0,343.0,141.0,340.0,151.0,359.0,153.0,371.0
U,day2,1790745540.5325716,49,156.0,408.0,181.0,393.0,196.0,364.0,181.0,344.0,162.0,331.0,183.0,318.0,183.0,283.0,181.0,262.0,176.0,243.0,163.0,318.0,164.0,277.0,166.0,252.0,165.0,232.0,144.0,327.0,153.0,318.0,162.0,343.0,164.0,360.0,126.0,340.0,141.0,338.0,150.0,358.0,153.0,371.0
U,day2,1790745540.6511028,50,155.0,407.0,181.0,392.0,197.0,364.0,180.0,342.0,160.0,327.0,190.0,321.0,193.0,286.0,192.0,265.0,190.0,246.0,170.0,321.0,173.0,277.0,175.0,252.0,176.0,233.0,151.0,329.0,155.0,319.0,163.0,345.0,166.0,362.0,131.0,343.0,139.0,334.0,149.0,354.0,153.0,370.0
U,day2,1790745540.7687821,51,157.0,407.0,184.0,392.0,196.0,364.0,178.0,343.0,159.0,330.0,198.0,322.0,202.0,287.0,203.0,265.0,202.0,246.0,178.0,320.0,181.0,277.0,184.0,252.0,187.0,233.0,158.0,328.0,160.0,316.0,166.0,340.0,167.0,356.0,138.0,341.0,146.0,332.0,153.0,350.0,155.0,364.0
U,day2,1790745540.8819005,52,152.0,405.0,179.0,391.0,192.0,363.0,172.0,341.0,154.0,326.0,196.0,322.0,201.0,286.0,201.0,263.0,200.0,243.0,177.0,319.0,182.0,277.0,186.0,251.0,189.0,230.0,158.0,327.0,154.0,314.0,157.0,337.0,160.0,354.0,140.0,338.0,142.0,329.0,147.0,349.0,150.0,364.0
U,day2,1790745541.611614,53,156.0,409.0,181.0,398.0,194.0,371.0,178.0,348.0,162.0,330.0,198.0,326.0,203.0,290.0,203.0,268.0,202.0,248.0,179.0,323.0,184.0,281.0,188.0,255.0,191.0,235.0,159.0,331.0,160.0,317.0,164.0,340.0,165.0,358.0,139.0,342.0,147.0,333.0,152.0,352.0,154.0,368.0
V,day2,1790745560.259353,0,137.0,416.0,156.0,405.0,162.0,384.0,142.0,370.0,122.0,357.0,171.0,337.0,184.0,304.0,191.0,283.0,197.0,265.0,150.0,334.0,146.0,295.0,145.0,270.0,144.0,249.0,131.0,341.0,125.0,335.0,130.0,356.0,134.0,369.0,116.0,355.0,115.0,359.0,122.0,376.0,128.0,386.0
V,day2,1790745560.3527498,1,139.0,412.0,157.0,400.0,162.0,379.0,142.0,364.0,122.0,352.0,173.0,333.0,186.0,301.0,193.0,279.0,198.0,261.0,152.0,330.0,148.0,290.0,147.0,266.0,146.0,246.0,133.0,337.0,126.0,331.0,131.0,351.0,136.0,364.0,118.0,350.0,116.0,353.0,123.0,370.0,129.0,380.0
V,day2,1790745560.476379,2,142.0,405.0,161.0,393.0,169.0,371.0,152.0,356.0,135.0,343.0,178.0,326.0,191.0,294.0,199.0,273.0,205.0,255.0,156.0,323.0,154.0,283.0,153.0,258.0,153.0,237.0,137.0,331.0,132.0,321.0,137.0,341.0,140.0,355.0,121.0,345.0,121.0,344.0,127.0,360.0,132.0,371.0
V,day2,1790745560.603437,3,145.0,401.0,165.0,389.0,172.0,366.0,151.0,351.0,131.0,339.0,185.0,322.0,199.0,290.0,207.0,269.0,212.0,251.0,163.0,319.0,161.0,278.0,161.0,253.0,161.0,233.0,143.0,326.0,139.0,315.0,143.0,337.0,146.0,350.0,127.0,340.0,127.0,338.0,134.0,355.0,139.0,367.0
V,day2,1790745560.713214,4,151.0,399.0,174.0,383.0,182.0,357.0,164.0,340.0,145.0,328.0,191.0,318.0,206.0,287.0,215.0,266.0,220.0,249.0,170.0,315.0,169.0,274.0,169.0,249.0,169.0,229.0,150.0,323.0,148.0,311.0,153.0,330.0,155.0,343.0,133.0,336.0,135.0,332.0,141.0,346.0,146.0,356.0
V,day2,1790745560.8048565,5,155.0,399.0,176.0,384.0,185.0,359.0,163.0,344.0,142.0,333.0,196.0,319.0,212.0,288.0,221.0,268.0,228.0,250.0,175.0,316.0,175.0,274.0,176.0,249.0,177.0,229.0,155.0,323.0,155.0,314.0,158.0,333.0,160.0,346.0,139.0,336.0,140.0,334.0,146.0,350.0,150.0,360.0
V,day2,1790745560.9055748,6,155.0,398.0,178.0,386.0,189.0,363.0,169.0,345.0,149.0,332.0,201.0,320.0,218.0,288.0,228.0,268.0,235.0,251.0,180.0,314.0,181.0,272.0,183.0,247.0,185.0,227.0,159.0,321.0,160.0,312.0,164.0,332.0,164.0,345.0,142.0,333.0,147.0,331.0,153.0,347.0,157.0,359.0
V,day2,1790745561.0037298,7,156.0,397.0,179.0,387.0,191.0,365.0,171.0,346.0,152.0,330.0,203.0,320.0,221.0,288.0,231.0,268.0,239.0,251.0,181.0,314.0,185.0,272.0,188.0,247.0,191.0,226.0,162.0,321.0,160.0,310.0,163.0,332.0,164.0,345.0,144.0,334.0,148.0,331.0,154.0,348.0,158.0,359.0
V,day2,1790745561.1058116,8,156.0,398.0,179.0,386.0,190.0,363.0,169.0,344.0,149.0,329.0,202.0,319.0,219.0,287.0,230.0,268.0,238.0,251.0,180.0,314.0,183.0,271.0,187.0,247.0,189.0,227.0,160.0,320.0,161.0,311.0,165.0,333.0,166.0,347.0,143.0,332.0,148.0,330.0,155.0,347.0,159.0,358.0
V,day2,1790745561.2038474,9,156.0,398.0,180.0,385.0,191.0,361.0,173.0,343.0,153.0,330.0,199.0,318.0,216.0,287.0,226.0,268.0,234.0,252.0,177.0,313.0,179.0,271.0,183.0,247.0,186.0,228.0,157.0,320.0,160.0,312.0,166.0,332.0,168.0,345.0,140.0,332.0,148.0,331.0,155.0,346.0,158.0,357.0
V,day2,1790745561.2940805,10,151.0,398.0,174.0,382.0,185.0,358.0,168.0,341.0,150.0,330.0,191.0,318.0,207.0,287.0,216.0,268.0,222.0,251.0,170.0,315.0,170.0,275.0,172.0,250.0,174.0,230.0,150.0,323.0,149.0,312.0,154.0,329.0,157.0,342.0,133.0,336.0,137.0,333.0,144.0,347.0,148.0,357.0
V,day2,1790745561.4045007,11,145.0,404.0,167.0,386.0,176.0,359.0,156.0,343.0,136.0,335.0,176.0,320.0,191.0,289.0,199.0,268.0,204.0,251.0,155.0,319.0,152.0,279.0,152.0,254.0,151.0,234.0,136.0,330.0,134.0,317.0,143.0,337.0,147.0,352.0,120.0,346.0,123.0,337.0,131.0,351.0,135.0,362.0
V,day2,1790745561.5148673,12,143.0,407.0,164.0,390.0,173.0,367.0,157.0,353.0,141.0,343.0,173.0,322.0,186.0,290.0,193.0,269.0,198.0,252.0,152.0,322.0,147.0,282.0,145.0,257.0,144.0,236.0,133.0,333.0,129.0,323.0,137.0,343.0,142.0,357.0,117.0,349.0,118.0,344.0,127.0,358.0,132.0,369.0
V,day2,1790745561.620828,13,142.0,409.0,163.0,390.0,168.0,363.0,143.0,350.0,120.0,344.0,167.0,323.0,179.0,290.0,185.0,268.0,189.0,250.0,146.0,324.0,141.0,284.0,139.0,259.0,136.0,237.0,128.0,335.0,123.0,324.0,133.0,344.0,140.0,357.0,114.0,352.0,115.0,345.0,125.0,359.0,132.0,369.0
V,day2,1790745561.7145963,14,136.0,412.0,155.0,393.0,158.0,366.0,133.0,353.0,110.0,348.0,155.0,322.0,166.0,288.0,171.0,266.0,174.0,248.0,134.0,323.0,126.0,285.0,124.0,260.0,121.0,240.0,117.0,336.0,111.0,326.0,122.0,345.0,128.0,358.0,103.0,353.0,105.0,346.0,115.0,359.0,121.0,369.0
V,day2,1790745561.809573,15,133.0,413.0,150.0,396.0,150.0,370.0,123.0,358.0,99.0,351.0,148.0,324.0,155.0,288.0,160.0,266.0,161.0,247.0,127.0,325.0,118.0,285.0,112.0,261.0,107.0,241.0,110.0,337.0,101.0,330.0,109.0,350.0,114.0,363.0,98.0,353.0,96.0,350.0,106.0,365.0,114.0,376.0
V,day2,1790745561.9099681,16,133.0,413.0,149.0,396.0,148.0,371.0,122.0,358.0,98.0,350.0,148.0,323.0,155.0,289.0,159.0,265.0,161.0,246.0,127.0,325.0,117.0,285.0,111.0,261.0,106.0,242.0,110.0,337.0,101.0,331.0,110.0,352.0,116.0,366.0,99.0,354.0,94.0,347.0,105.0,362.0,114.0,374.0
V,day2,1790745562.0031714,17,134.0,412.0,151.0,395.0,151.0,370.0,125.0,357.0,100.0,347.0,150.0,322.0,158.0,287.0,163.0,264.0,166.0,245.0,129.0,324.0,119.0,283.0,114.0,259.0,110.0,240.0,112.0,336.0,104.0,329.0,112.0,349.0,117.0,363.0,100.0,352.0,97.0,346.0,107.0,361.0,115.0,373.0
V,day2,1790745562.0939863,18,140.0,411.0,158.0,394.0,161.0,369.0,135.0,354.0,112.0,345.0,161.0,323.0,171.0,288.0,177.0,265.0,180.0,247.0,140.0,323.0,133.0,283.0,127.0,258.0,123.0,239.0,123.0,335.0,117.0,326.0,125.0,345.0,130.0,359.0,110.0,351.0,109.0,345.0,118.0,359.0,127.0,371.0
V,day2,1790745562.2253826,19,144.0,402.0,166.0,388.0,174.0,366.0,157.0,349.0,140.0,334.0,180.0,320.0,195.0,288.0,204.0,267.0,210.0,250.0,159.0,318.0,157.0,276.0,157.0,252.0,157.0,230.0,139.0,327.0,136.0,316.0,142.0,336.0,146.0,350.0,124.0,343.0,124.0,336.0,132.0,351.0,138.0,362.0
V,day2,1790745562.321878,20,143.0,399.0,165.0,386.0,174.0,363.0,157.0,344.0,141.0,328.0,186.0,318.0,203.0,287.0,212.0,266.0,219.0,249.0,165.0,314.0,166.0,273.0,167.0,248.0,168.0,228.0,145.0,322.0,142.0,309.0,147.0,329.0,149.0,343.0,128.0,336.0,129.0,330.0,136.0,346.0,140.0,358.0
V,day2,1790745562.410314,21,144.0,395.0,167.0,385.0,178.0,362.0,161.0,343.0,145.0,326.0,191.0,317.0,208.0,287.0,219.0,267.0,227.0,250.0,170.0,313.0,173.0,271.0,175.0,247.0,177.0,226.0,149.0,319.0,146.0,306.0,149.0,327.0,152.0,341.0,132.0,332.0,132.0,328.0,137.0,345.0,141.0,358.0
V,day2,1790745562.5173697,22,146.0,395.0,168.0,386.0,180.0,366.0,162.0,347.0,147.0,330.0,196.0,321.0,214.0,291.0,225.0,272.0,233.0,255.0,174.0,314.0,178.0,272.0,182.0,248.0,185.0,227.0,154.0,320.0,151.0,310.0,154.0,331.0,155.0,345.0,136.0,331.0,137.0,330.0,142.0,347.0,146.0,360.0
V,day2,1790745562.6275969,23,149.0,397.0,172.0,390.0,184.0,370.0,165.0,352.0,147.0,337.0,200.0,325.0,220.0,295.0,232.0,276.0,241.0,260.0,179.0,318.0,185.0,276.0,190.0,252.0,195.0,231.0,158.0,322.0,158.0,312.0,159.0,333.0,159.0,345.0,140.0,333.0,143.0,333.0,147.0,350.0,151.0,363.0
V,day2,1790745562.7408664,24,147.0,397.0,171.0,391.0,184.0,371.0,165.0,353.0,147.0,335.0,201.0,325.0,222.0,296.0,235.0,278.0,244.0,262.0,181.0,318.0,188.0,276.0,194.0,253.0,198.0,232.0,160.0,322.0,157.0,314.0,158.0,338.0,159.0,352.0,142.0,331.0,142.0,333.0,146.0,353.0,151.0,364.0
V,day2,1790745562.8543692,25,148.0,397.0,170.0,392.0,183.0,374.0,168.0,355.0,152.0,337.0,203.0,328.0,224.0,300.0,238.0,282.0,248.0,266.0,183.0,319.0,191.0,279.0,197.0,255.0,203.0,235.0,163.0,322.0,158.0,315.0,157.0,337.0,158.0,351.0,144.0,331.0,143.0,333.0,147.0,353.0,151.0,365.0
V,day2,1790745562.9921567,26,146.0,396.0,168.0,392.0,183.0,375.0,168.0,355.0,155.0,337.0,202.0,327.0,223.0,299.0,236.0,281.0,247.0,265.0,182.0,319.0,190.0,279.0,196.0,255.0,202.0,235.0,161.0,322.0,159.0,315.0,158.0,337.0,159.0,351.0,143.0,332.0,144.0,334.0,147.0,353.0,151.0,365.0
V,day2,1790745563.1234741,27,139.0,391.0,162.0,376.0,174.0,353.0,156.0,336.0,137.0,326.0,185.0,315.0,203.0,286.0,214.0,267.0,222.0,251.0,164.0,310.0,168.0,270.0,172.0,246.0,175.0,226.0,144.0,315.0,143.0,307.0,149.0,327.0,152.0,340.0,127.0,327.0,130.0,325.0,136.0,342.0,141.0,354.0
V,day2,1790745563.2570794,28,136.0,392.0,158.0,379.0,166.0,355.0,146.0,339.0,126.0,328.0,175.0,313.0,191.0,281.0,200.0,261.0,206.0,244.0,154.0,310.0,155.0,269.0,156.0,245.0,157.0,224.0,134.0,318.0,129.0,305.0,135.0,325.0,140.0,340.0,118.0,332.0,118.0,327.0,125.0,342.0,130.0,354.0
V,day2,1790745563.3713284,29,132.0,395.0,153.0,381.0,160.0,356.0,136.0,341.0,114.0,330.0,167.0,313.0,181.0,281.0,189.0,259.0,194.0,241.0,146.0,311.0,145.0,270.0,144.0,245.0,144.0,224.0,127.0,320.0,121.0,310.0,126.0,330.0,130.0,344.0,111.0,334.0,110.0,331.0,117.0,347.0,123.0,358.0
V,day2,1790745563.4927275,30,126.0,396.0,144.0,380.0,148.0,356.0,124.0,344.0,102.0,336.0,151.0,313.0,161.0,279.0,166.0,257.0,170.0,239.0,130.0,312.0,125.0,272.0,123.0,247.0,122.0,227.0,112.0,322.0,106.0,314.0,114.0,335.0,120.0,347.0,98.0,336.0,96.0,333.0,104.0,348.0,110.0,359.0
V,day2,1790745563.626245,31,111.0,399.0,130.0,385.0,133.0,363.0,106.0,350.0,83.0,339.0,137.0,316.0,146.0,281.0,151.0,258.0,153.0,239.0,116.0,314.0,110.0,276.0,106.0,251.0,102.0,230.0,98.0,324.0,90.0,320.0,94.0,340.0,96.0,352.0,83.0,339.0,77.0,337.0,83.0,352.0,88.0,363.0
V,day2,1790745563.7393184,32,112.0,400.0,131.0,386.0,134.0,363.0,106.0,349.0,82.0,338.0,139.0,316.0,148.0,280.0,153.0,257.0,155.0,238.0,117.0,315.0,111.0,274.0,107.0,249.0,104.0,229.0,100.0,326.0,90.0,320.0,96.0,343.0,101.0,357.0,85.0,342.0,79.0,338.0,87.0,355.0,94.0,368.0
V,day2,1790745563.8634677,33,122.0,401.0,139.0,385.0,140.0,362.0,114.0,348.0,92.0,337.0,147.0,316.0,157.0,280.0,163.0,257.0,166.0,239.0,126.0,314.0,121.0,273.0,117.0,248.0,114.0,227.0,109.0,325.0,102.0,316.0,108.0,335.0,112.0,348.0,95.0,340.0,90.0,336.0,98.0,351.0,105.0,361.0
V,day2,1790745563.9850373,34,126.0,400.0,146.0,387.0,151.0,363.0,125.0,349.0,102.0,337.0,157.0,316.0,168.0,281.0,175.0,259.0,179.0,240.0,136.0,314.0,132.0,272.0,129.0,247.0,127.0,226.0,118.0,324.0,112.0,318.0,117.0,339.0,121.0,351.0,104.0,338.0,100.0,335.0,108.0,351.0,117.0,362.0
V,day2,1790745564.0997024,35,128.0,400.0,149.0,384.0,155.0,359.0,131.0,344.0,108.0,335.0,162.0,314.0,175.0,280.0,181.0,258.0,185.0,239.0,140.0,312.0,137.0,271.0,135.0,245.0,133.0,224.0,122.0,322.0,115.0,313.0,121.0,332.0,126.0,345.0,106.0,337.0,104.0,335.0,112.0,349.0,119.0,359.0
V,day2,1790745564.1979654,36,135.0,400.0,156.0,385.0,163.0,359.0,139.0,345.0,116.0,336.0,169.0,313.0,183.0,278.0,190.0,256.0,194.0,237.0,147.0,311.0,145.0,268.0,144.0,242.0,143.0,219.0,127.0,320.0,122.0,308.0,129.0,330.0,133.0,344.0,110.0,336.0,113.0,334.0,121.0,351.0,127.0,363.0
V,day2,1790745564.3390546,37,162.0,396.0,189.0,382.0,204.0,357.0,190.0,340.0,176.0,325.0,204.0,307.0,221.0,272.0,231.0,250.0,237.0,232.0,181.0,306.0,181.0,261.0,183.0,234.0,184.0,212.0,161.0,315.0,165.0,305.0,172.0,325.0,174.0,338.0,143.0,330.0,152.0,324.0,160.0,340.0,163.0,352.0
V,day2,1790745564.4590898,38,169.0,393.0,195.0,381.0,209.0,354.0,193.0,335.0,174.0,319.0,217.0,301.0,234.0,266.0,244.0,243.0,250.0,225.0,194.0,298.0,194.0,253.0,196.0,226.0,196.0,204.0,172.0,308.0,174.0,296.0,182.0,320.0,183.0,336.0,153.0,323.0,163.0,318.0,170.0,337.0,172.0,350.0
V,day2,1790745564.592212,39,172.0,391.0,200.0,379.0,215.0,352.0,194.0,331.0,171.0,318.0,219.0,300.0,236.0,265.0,246.0,242.0,252.0,222.0,195.0,298.0,197.0,252.0,199.0,223.0,201.0,201.0,174.0,307.0,177.0,293.0,184.0,317.0,185.0,335.0,155.0,322.0,164.0,315.0,173.0,333.0,176.0,347.0
V,day2,1790745564.683551,40,176.0,393.0,203.0,382.0,219.0,356.0,201.0,336.0,180.0,319.0,225.0,302.0,242.0,266.0,252.0,242.0,259.0,223.0,200.0,298.0,203.0,251.0,206.0,222.0,207.0,199.0,178.0,307.0,182.0,294.0,188.0,322.0,189.0,340.0,159.0,322.0,167.0,314.0,174.0,335.0,176.0,349.0
V,day2,1790745564.8043327,41,170.0,395.0,199.0,384.0,217.0,361.0,203.0,342.0,185.0,326.0,221.0,304.0,240.0,267.0,250.0,244.0,257.0,224.0,197.0,301.0,199.0,253.0,203.0,224.0,205.0,200.0,174.0,310.0,178.0,297.0,186.0,320.0,187.0,337.0,154.0,327.0,164.0,317.0,171.0,333.0,174.0,346.0
V,day2,1790745564.9408138,42,155.0,407.0,183.0,396.0,202.0,368.0,183.0,347.0,161.0,332.0,211.0,309.0,231.0,271.0,242.0,246.0,250.0,225.0,185.0,305.0,187.0,257.0,191.0,227.0,193.0,203.0,162.0,313.0,164.0,310.0,170.0,337.0,171.0,352.0,141.0,327.0,150.0,329.0,156.0,352.0,158.0,366.0
V,day2,1790745565.071649,43,152.0,413.0,181.0,402.0,199.0,376.0,177.0,357.0,153.0,340.0,208.0,315.0,228.0,275.0,239.0,248.0,247.0,225.0,181.0,309.0,183.0,258.0,186.0,226.0,188.0,201.0,156.0,317.0,153.0,313.0,158.0,342.0,160.0,361.0,135.0,332.0,140.0,335.0,147.0,359.0,152.0,377.0
V,day2,1790745565.2099757,44,150.0,415.0,180.0,404.0,198.0,378.0,175.0,360.0,150.0,344.0,208.0,317.0,228.0,276.0,240.0,249.0,248.0,226.0,180.0,311.0,183.0,260.0,186.0,227.0,186.0,201.0,156.0,320.0,152.0,313.0,156.0,343.0,157.0,362.0,134.0,335.0,138.0,335.0,146.0,359.0,151.0,378.0
V,day2,1790745565.353974,45,153.0,412.0,182.0,402.0,200.0,377.0,179.0,356.0,156.0,338.0,210.0,316.0,230.0,276.0,241.0,251.0,249.0,228.0,183.0,310.0,186.0,259.0,189.0,228.0,190.0,203.0,158.0,319.0,158.0,309.0,164.0,337.0,165.0,355.0,137.0,336.0,145.0,337.0,153.0,360.0,158.0,376.0
V,day2,1790745565.4601097,46,154.0,409.0,183.0,399.0,200.0,374.0,179.0,353.0,157.0,333.0,209.0,313.0,229.0,275.0,241.0,250.0,249.0,228.0,183.0,308.0,187.0,259.0,190.0,227.0,192.0,203.0,159.0,317.0,160.0,304.0,164.0,332.0,165.0,350.0,139.0,332.0,144.0,327.0,151.0,348.0,155.0,364.0
V,day2,1790745565.5858748,47,155.0,405.0,183.0,395.0,200.0,369.0,179.0,346.0,157.0,326.0,208.0,310.0,227.0,272.0,238.0,248.0,245.0,227.0,183.0,305.0,186.0,256.0,189.0,227.0,191.0,203.0,160.0,314.0,163.0,301.0,168.0,328.0,168.0,346.0,140.0,329.0,147.0,322.0,155.0,343.0,157.0,358.0
V,day2,1790745565.6846852,48,154.0,403.0,182.0,392.0,199.0,365.0,178.0,342.0,155.0,323.0,206.0,309.0,223.0,272.0,233.0,248.0,240.0,228.0,181.0,305.0,183.0,257.0,186.0,228.0,188.0,205.0,158.0,313.0,161.0,300.0,166.0,326.0,167.0,343.0,138.0,328.0,146.0,324.0,154.0,344.0,158.0,359.0
V,day2,1790745565.809616,49,155.0,401.0,182.0,390.0,198.0,364.0,177.0,342.0,155.0,324.0,205.0,310.0,222.0,273.0,231.0,250.0,238.0,231.0,180.0,305.0,182.0,258.0,185.0,230.0,186.0,208.0,158.0,314.0,159.0,301.0,164.0,328.0,166.0,345.0,138.0,328.0,144.0,324.0,152.0,345.0,156.0,359.0
V,day2,1790745565.9421413,50,156.0,400.0,181.0,388.0,196.0,364.0,176.0,344.0,155.0,328.0,203.0,311.0,219.0,276.0,229.0,254.0,236.0,235.0,180.0,307.0,181.0,261.0,184.0,234.0,186.0,213.0,158.0,315.0,158.0,307.0,162.0,331.0,165.0,345.0,140.0,328.0,144.0,329.0,151.0,348.0,156.0,360.0
V,day2,1790745566.0497844,51,153.0,401.0,177.0,385.0,188.0,360.0,166.0,343.0,144.0,332.0,193.0,311.0,209.0,274.0,219.0,252.0,225.0,234.0,169.0,308.0,169.0,262.0,170.0,236.0,171.0,215.0,148.0,316.0,150.0,313.0,157.0,333.0,160.0,345.0,131.0,329.0,139.0,332.0,147.0,349.0,153.0,359.0
V,day2,1790745566.1350548,52,148.0,403.0,171.0,384.0,180.0,355.0,157.0,339.0,135.0,330.0,177.0,308.0,190.0,272.0,197.0,249.0,201.0,230.0,155.0,309.0,149.0,265.0,148.0,239.0,146.0,217.0,135.0,321.0,134.0,306.0,145.0,327.0,150.0,342.0,119.0,339.0,126.0,330.0,137.0,345.0,142.0,357.0
V,day2,1790745566.2635083,53,146.0,406.0,169.0,388.0,178.0,362.0,160.0,346.0,143.0,333.0,170.0,310.0,178.0,274.0,182.0,251.0,183.0,232.0,147.0,313.0,137.0,270.0,132.0,245.0,128.0,225.0,128.0,326.0,125.0,315.0,135.0,336.0,140.0,350.0,112.0,345.0,116.0,340.0,126.0,356.0,131.0,367.0
V,day2,1790745566.39149,54,144.0,411.0,166.0,393.0,172.0,367.0,156.0,352.0,139.0,339.0,167.0,316.0,174.0,279.0,178.0,256.0,179.0,236.0,144.0,318.0,134.0,277.0,129.0,251.0,124.0,228.0,125.0,332.0,120.0,320.0,131.0,340.0,138.0,355.0,110.0,352.0,112.0,345.0,124.0,359.0,132.0,370.0
V,day2,1790745567.6619062,55,156.0,418.0,182.0,406.0,196.0,381.0,172.0,364.0,149.0,351.0,197.0,327.0,210.0,290.0,218.0,266.0,223.0,245.0,172.0,324.0,170.0,278.0,169.0,251.0,168.0,229.0,151.0,333.0,147.0,330.0,153.0,355.0,157.0,371.0,133.0,347.0,135.0,350.0,144.0,370.0,150.0,383.0
W,day2,1790745640.6946719,0,172.0,404.0,191.0,393.0,198.0,370.0,175.0,353.0,155.0,338.0,207.0,320.0,216.0,287.0,222.0,265.0,226.0,246.0,186.0,316.0,186.0,277.0,185.0,253.0,185.0,233.0,167.0,322.0,157.0,288.0,152.0,267.0,148.0,250.0,151.0,337.0,154.0,324.0,162.0,331.0,168.0,339.0
W,day2,1790745640.800937,1,172.0,403.0,192.0,392.0,199.0,370.0,178.0,352.0,160.0,336.0,207.0,319.0,217.0,286.0,222.0,264.0,226.0,245.0,186.0,315.0,186.0,276.0,185.0,252.0,185.0,232.0,167.0,322.0,158.0,287.0,153.0,266.0,149.0,248.0,151.0,337.0,155.0,324.0,164.0,332.0,170.0,341.0
W,day2,1790745640.9043927,2,172.0,402.0,192.0,391.0,199.0,369.0,177.0,352.0,158.0,338.0,207.0,318.0,216.0,285.0,222.0,263.0,225.0,244.0,185.0,314.0,185.0,275.0,185.0,251.0,184.0,231.0,166.0,321.0,157.0,287.0,152.0,265.0,148.0,247.0,151.0,335.0,154.0,320.0,162.0,327.0,167.0,334.0
W,day2,1790745641.0023909,3,172.0,402.0,191.0,392.0,198.0,370.0,176.0,352.0,156.0,336.0,207.0,319.0,217.0,285.0,222.0,263.0,226.0,243.0,185.0,314.0,186.0,276.0,184.0,252.0,184.0,231.0,167.0,321.0,157.0,287.0,152.0,266.0,148.0,248.0,151.0,336.0,154.0,321.0,161.0,328.0,167.0,335.0
W,day2,1790745641.1146064,4,173.0,403.0,192.0,393.0,199.0,370.0,177.0,352.0,157.0,336.0,208.0,319.0,217.0,285.0,222.0,263.0,226.0,244.0,185.0,314.0,185.0,275.0,184.0,251.0,183.0,231.0,167.0,321.0,157.0,287.0,151.0,266.0,147.0,248.0,151.0,336.0,155.0,323.0,163.0,332.0,170.0,342.0
W,day2,1790745641.2026663,5,172.0,404.0,192.0,393.0,199.0,371.0,178.0,352.0,159.0,335.0,208.0,318.0,217.0,284.0,222.0,262.0,225.0,243.0,186.0,314.0,185.0,275.0,184.0,250.0,183.0,230.0,166.0,321.0,157.0,286.0,151.0,265.0,147.0,247.0,151.0,337.0,155.0,324.0,164.0,333.0,171.0,342.0
W,day2,1790745641.2965481,6,173.0,405.0,193.0,393.0,199.0,370.0,178.0,351.0,160.0,335.0,210.0,319.0,219.0,285.0,224.0,263.0,227.0,244.0,188.0,315.0,187.0,276.0,186.0,251.0,185.0,230.0,168.0,322.0,158.0,287.0,153.0,265.0,150.0,247.0,152.0,338.0,156.0,324.0,165.0,332.0,172.0,342.0
W,day2,1790745641.3947458,7,177.0,411.0,197.0,402.0,204.0,380.0,185.0,361.0,166.0,345.0,217.0,327.0,228.0,293.0,233.0,270.0,237.0,251.0,196.0,321.0,196.0,281.0,196.0,256.0,195.0,235.0,177.0,327.0,167.0,292.0,162.0,270.0,157.0,253.0,161.0,343.0,163.0,333.0,170.0,343.0,176.0,354.0
W,day2,1790745641.4952593,8,178.0,416.0,199.0,408.0,208.0,387.0,191.0,367.0,173.0,350.0,223.0,333.0,236.0,299.0,244.0,277.0,249.0,257.0,202.0,326.0,205.0,286.0,206.0,260.0,207.0,240.0,182.0,332.0,174.0,295.0,170.0,272.0,168.0,253.0,165.0,347.0,168.0,337.0,176.0,349.0,181.0,362.0
W,day2,1790745641.6063178,9,176.0,418.0,198.0,413.0,212.0,394.0,196.0,373.0,177.0,356.0,229.0,341.0,245.0,308.0,255.0,287.0,262.0,268.0,207.0,332.0,214.0,293.0,218.0,267.0,222.0,246.0,187.0,336.0,184.0,300.0,183.0,276.0,182.0,257.0,168.0,351.0,174.0,342.0,180.0,357.0,184.0,373.0
W,day2,1790745641.7016973,10,172.0,417.0,194.0,413.0,208.0,396.0,195.0,376.0,181.0,357.0,229.0,342.0,247.0,311.0,259.0,290.0,268.0,272.0,208.0,333.0,218.0,294.0,223.0,269.0,228.0,249.0,188.0,336.0,187.0,301.0,187.0,278.0,189.0,258.0,168.0,349.0,175.0,342.0,180.0,358.0,184.0,375.0
W,day2,1790745641.794083,11,169.0,415.0,192.0,409.0,206.0,389.0,187.0,368.0,167.0,352.0,222.0,336.0,241.0,305.0,252.0,284.0,261.0,266.0,202.0,328.0,211.0,289.0,217.0,265.0,221.0,245.0,182.0,332.0,182.0,295.0,183.0,272.0,184.0,253.0,164.0,345.0,169.0,333.0,174.0,340.0,178.0,349.0
W,day2,1790745641.8951976,12,168.0,413.0,190.0,408.0,202.0,389.0,185.0,368.0,166.0,349.0,220.0,334.0,236.0,302.0,245.0,280.0,253.0,261.0,199.0,325.0,205.0,286.0,209.0,261.0,212.0,241.0,179.0,330.0,176.0,293.0,175.0,269.0,174.0,250.0,160.0,343.0,164.0,336.0,169.0,349.0,173.0,363.0
W,day2,1790745642.0124538,13,164.0,413.0,188.0,404.0,200.0,382.0,181.0,363.0,160.0,349.0,210.0,329.0,224.0,295.0,232.0,273.0,237.0,253.0,188.0,322.0,193.0,282.0,195.0,257.0,197.0,236.0,169.0,328.0,164.0,292.0,162.0,268.0,159.0,249.0,151.0,342.0,155.0,326.0,161.0,330.0,163.0,337.0
W,day2,1790745642.1023116,14,164.0,412.0,186.0,401.0,194.0,378.0,171.0,359.0,148.0,345.0,200.0,324.0,210.0,289.0,216.0,266.0,219.0,245.0,177.0,320.0,177.0,279.0,177.0,253.0,176.0,232.0,158.0,328.0,149.0,292.0,145.0,268.0,140.0,247.0,142.0,344.0,147.0,334.0,154.0,348.0,160.0,365.0
W,day2,1790745642.2273142,15,168.0,409.0,188.0,394.0,192.0,368.0,166.0,352.0,143.0,340.0,192.0,317.0,199.0,279.0,203.0,256.0,205.0,235.0,169.0,315.0,164.0,272.0,160.0,247.0,158.0,226.0,151.0,325.0,137.0,289.0,129.0,266.0,123.0,245.0,137.0,343.0,140.0,329.0,151.0,343.0,158.0,358.0
W,day2,1790745642.3323298,16,170.0,409.0,190.0,395.0,196.0,370.0,173.0,354.0,154.0,340.0,193.0,314.0,197.0,276.0,199.0,253.0,200.0,232.0,169.0,314.0,161.0,273.0,157.0,247.0,153.0,226.0,151.0,325.0,136.0,290.0,127.0,266.0,120.0,246.0,137.0,344.0,141.0,329.0,152.0,342.0,160.0,357.0
W,day2,1790745642.454123,17,174.0,415.0,196.0,399.0,203.0,372.0,180.0,357.0,156.0,348.0,197.0,318.0,202.0,280.0,204.0,256.0,204.0,235.0,172.0,319.0,164.0,277.0,159.0,251.0,154.0,230.0,154.0,331.0,140.0,296.0,131.0,271.0,122.0,251.0,141.0,350.0,148.0,334.0,159.0,348.0,166.0,364.0
W,day2,1790745642.5815132,18,174.0,416.0,197.0,403.0,207.0,377.0,186.0,361.0,165.0,349.0,200.0,320.0,206.0,281.0,209.0,257.0,210.0,235.0,175.0,320.0,170.0,276.0,165.0,250.0,161.0,229.0,157.0,331.0,143.0,296.0,134.0,271.0,125.0,251.0,143.0,350.0,151.0,330.0,163.0,343.0,170.0,359.0
W,day2,1790745642.6964967,19,174.0,418.0,198.0,405.0,210.0,380.0,191.0,361.0,169.0,348.0,206.0,319.0,215.0,280.0,220.0,255.0,222.0,233.0,181.0,318.0,179.0,272.0,176.0,245.0,173.0,222.0,162.0,328.0,150.0,291.0,144.0,265.0,137.0,243.0,146.0,348.0,155.0,328.0,166.0,341.0,173.0,358.0
W,day2,1790745642.7954073,20,175.0,418.0,200.0,407.0,214.0,382.0,193.0,362.0,171.0,346.0,216.0,320.0,227.0,281.0,232.0,256.0,235.0,233.0,190.0,316.0,189.0,271.0,187.0,242.0,185.0,219.0,168.0,325.0,157.0,285.0,152.0,259.0,146.0,238.0,151.0,344.0,161.0,326.0,172.0,341.0,178.0,359.0
W,day2,1790745642.9107316,21,177.0,420.0,202.0,409.0,217.0,383.0,196.0,362.0,174.0,346.0,222.0,321.0,234.0,282.0,240.0,257.0,244.0,234.0,195.0,316.0,196.0,270.0,195.0,242.0,194.0,219.0,173.0,325.0,164.0,284.0,159.0,258.0,155.0,238.0,155.0,344.0,166.0,327.0,177.0,340.0,183.0,355.0
W,day2,1790745643.0317173,22,176.0,427.0,201.0,416.0,216.0,390.0,198.0,367.0,177.0,348.0,223.0,326.0,236.0,285.0,244.0,260.0,249.0,237.0,197.0,321.0,199.0,274.0,199.0,244.0,199.0,221.0,174.0,331.0,165.0,290.0,161.0,263.0,156.0,241.0,156.0,350.0,164.0,336.0,175.0,352.0,181.0,370.0
W,day2,1790745643.17003,23,174.0,435.0,200.0,425.0,215.0,402.0,200.0,383.0,178.0,366.0,225.0,334.0,240.0,294.0,249.0,267.0,254.0,244.0,198.0,329.0,201.0,281.0,202.0,250.0,202.0,226.0,175.0,338.0,167.0,297.0,163.0,269.0,160.0,247.0,156.0,359.0,166.0,346.0,177.0,361.0,185.0,378.0
W,day2,1790745643.2988813,24,173.0,444.0,201.0,433.0,219.0,408.0,200.0,387.0,176.0,370.0,226.0,339.0,242.0,298.0,251.0,271.0,257.0,247.0,199.0,334.0,203.0,284.0,204.0,253.0,204.0,228.0,176.0,343.0,168.0,300.0,164.0,271.0,160.0,248.0,156.0,363.0,167.0,345.0,177.0,362.0,183.0,382.0
W,day2,1790745643.421856,25,173.0,449.0,202.0,438.0,219.0,413.0,201.0,392.0,178.0,375.0,228.0,345.0,245.0,303.0,255.0,276.0,262.0,252.0,200.0,338.0,205.0,288.0,207.0,256.0,208.0,230.0,177.0,347.0,170.0,303.0,167.0,273.0,164.0,250.0,157.0,367.0,170.0,347.0,179.0,364.0,183.0,385.0
W,day2,1790745643.5508783,26,178.0,450.0,205.0,440.0,223.0,415.0,204.0,394.0,180.0,379.0,234.0,347.0,252.0,305.0,262.0,279.0,269.0,255.0,207.0,340.0,211.0,289.0,213.0,257.0,214.0,231.0,183.0,347.0,175.0,302.0,173.0,271.0,169.0,246.0,163.0,366.0,174.0,349.0,182.0,367.0,185.0,391.0
W,day2,1790745643.6839213,27,182.0,441.0,211.0,432.0,230.0,408.0,214.0,385.0,194.0,368.0,237.0,341.0,254.0,300.0,263.0,274.0,269.0,250.0,212.0,334.0,216.0,286.0,218.0,255.0,218.0,230.0,189.0,342.0,183.0,299.0,180.0,269.0,177.0,245.0,170.0,360.0,181.0,341.0,189.0,358.0,193.0,379.0
W,day2,1790745643.8003085,28,192.0,429.0,219.0,421.0,237.0,399.0,222.0,378.0,201.0,364.0,245.0,335.0,261.0,298.0,270.0,273.0,276.0,251.0,220.0,328.0,224.0,283.0,227.0,253.0,229.0,229.0,198.0,335.0,193.0,294.0,191.0,266.0,189.0,244.0,179.0,352.0,189.0,339.0,198.0,354.0,203.0,371.0
W,day2,1790745643.9130108,29,199.0,420.0,227.0,413.0,244.0,393.0,237.0,373.0,228.0,357.0,251.0,329.0,267.0,294.0,276.0,270.0,283.0,249.0,227.0,324.0,233.0,279.0,237.0,250.0,240.0,228.0,206.0,331.0,202.0,290.0,203.0,261.0,202.0,240.0,186.0,348.0,199.0,331.0,207.0,344.0,211.0,363.0
W,day2,1790745644.0389068,30,198.0,414.0,224.0,410.0,241.0,390.0,230.0,367.0,216.0,347.0,251.0,326.0,268.0,291.0,278.0,268.0,284.0,248.0,229.0,320.0,235.0,277.0,239.0,249.0,242.0,227.0,208.0,327.0,205.0,287.0,206.0,260.0,206.0,239.0,189.0,343.0,203.0,325.0,212.0,338.0,216.0,354.0
W,day2,1790745644.1616876,31,197.0,410.0,223.0,402.0,238.0,380.0,226.0,358.0,209.0,340.0,247.0,326.0,264.0,292.0,274.0,270.0,281.0,250.0,225.0,320.0,233.0,277.0,237.0,251.0,240.0,228.0,205.0,326.0,204.0,287.0,205.0,261.0,205.0,240.0,187.0,341.0,202.0,321.0,209.0,335.0,211.0,352.0
W,day2,1790745644.2794657,32,194.0,409.0,219.0,403.0,237.0,382.0,225.0,360.0,209.0,342.0,250.0,328.0,268.0,296.0,279.0,275.0,286.0,255.0,228.0,321.0,238.0,280.0,243.0,254.0,247.0,233.0,208.0,326.0,208.0,287.0,211.0,262.0,211.0,241.0,189.0,339.0,203.0,324.0,209.0,340.0,211.0,357.0
W,day2,1790745644.4142773,33,191.0,408.0,215.0,406.0,234.0,390.0,227.0,366.0,214.0,345.0,253.0,335.0,275.0,304.0,288.0,285.0,297.0,267.0,234.0,325.0,247.0,284.0,254.0,260.0,260.0,240.0,214.0,327.0,217.0,289.0,222.0,264.0,225.0,244.0,194.0,339.0,207.0,322.0,211.0,336.0,210.0,352.0
W,day2,1790745644.5340247,34,187.0,409.0,212.0,410.0,233.0,395.0,226.0,371.0,215.0,349.0,255.0,340.0,279.0,310.0,293.0,291.0,304.0,273.0,236.0,328.0,252.0,289.0,261.0,264.0,269.0,244.0,215.0,329.0,222.0,291.0,228.0,267.0,232.0,247.0,195.0,339.0,209.0,325.0,211.0,341.0,208.0,359.0
W,day2,1790745644.6457026,35,186.0,409.0,211.0,410.0,233.0,396.0,226.0,372.0,214.0,350.0,255.0,342.0,280.0,313.0,294.0,294.0,306.0,276.0,235.0,330.0,252.0,291.0,262.0,267.0,270.0,247.0,215.0,331.0,223.0,293.0,230.0,269.0,236.0,248.0,195.0,340.0,211.0,325.0,212.0,342.0,209.0,362.0
W,day2,1790745644.7666109,36,183.0,409.0,207.0,407.0,228.0,392.0,219.0,368.0,203.0,349.0,248.0,338.0,270.0,309.0,283.0,290.0,294.0,272.0,228.0,327.0,242.0,288.0,250.0,264.0,258.0,243.0,207.0,329.0,211.0,292.0,217.0,266.0,221.0,246.0,187.0,341.0,199.0,330.0,202.0,346.0,200.0,364.0
W,day2,1790745644.8823934,37,179.0,409.0,203.0,405.0,224.0,387.0,215.0,365.0,198.0,347.0,240.0,333.0,260.0,301.0,273.0,281.0,281.0,262.0,219.0,324.0,230.0,284.0,238.0,258.0,243.0,239.0,199.0,328.0,201.0,291.0,206.0,265.0,208.0,245.0,179.0,341.0,190.0,331.0,196.0,346.0,197.0,363.0
W,day2,1790745644.987506,38,178.0,409.0,202.0,404.0,220.0,383.0,208.0,360.0,191.0,342.0,233.0,330.0,251.0,297.0,262.0,276.0,269.0,257.0,212.0,321.0,221.0,281.0,226.0,255.0,230.0,235.0,192.0,326.0,191.0,289.0,194.0,264.0,195.0,244.0,172.0,340.0,182.0,330.0,188.0,345.0,191.0,361.0
W,day2,1790745645.0990703,39,179.0,411.0,203.0,404.0,218.0,383.0,206.0,362.0,191.0,346.0,228.0,328.0,244.0,295.0,254.0,273.0,260.0,254.0,206.0,322.0,213.0,281.0,217.0,255.0,219.0,234.0,187.0,328.0,185.0,290.0,185.0,266.0,185.0,246.0,169.0,343.0,179.0,327.0,187.0,341.0,191.0,357.0
W,day2,1790745645.2327614,40,177.0,416.0,200.0,408.0,216.0,387.0,203.0,366.0,187.0,348.0,224.0,329.0,238.0,294.0,246.0,271.0,252.0,252.0,201.0,323.0,205.0,281.0,207.0,256.0,208.0,235.0,181.0,330.0,177.0,293.0,176.0,268.0,175.0,248.0,164.0,345.0,172.0,331.0,181.0,344.0,185.0,360.0
W,day2,1790745645.3503191,41,178.0,416.0,202.0,407.0,215.0,384.0,199.0,365.0,180.0,349.0,219.0,327.0,231.0,292.0,238.0,269.0,242.0,248.0,196.0,323.0,198.0,281.0,198.0,255.0,198.0,233.0,177.0,331.0,170.0,295.0,167.0,270.0,164.0,250.0,161.0,348.0,170.0,332.0,179.0,346.0,184.0,362.0
W,day2,1790745645.4835343,42,186.0,417.0,210.0,408.0,224.0,385.0,212.0,365.0,197.0,349.0,229.0,328.0,242.0,293.0,248.0,271.0,253.0,251.0,207.0,324.0,208.0,283.0,208.0,257.0,208.0,235.0,188.0,331.0,181.0,293.0,178.0,268.0,176.0,247.0,172.0,347.0,180.0,329.0,188.0,343.0,192.0,359.0
W,day2,1790745645.5967436,43,186.0,415.0,211.0,407.0,227.0,385.0,215.0,365.0,196.0,350.0,233.0,329.0,248.0,296.0,257.0,274.0,262.0,254.0,211.0,323.0,216.0,281.0,218.0,255.0,219.0,234.0,192.0,330.0,188.0,293.0,188.0,268.0,186.0,247.0,174.0,346.0,185.0,329.0,192.0,344.0,196.0,361.0
W,day2,1790745645.7355287,44,186.0,414.0,211.0,408.0,228.0,388.0,218.0,366.0,201.0,349.0,238.0,331.0,255.0,298.0,264.0,276.0,271.0,256.0,217.0,325.0,223.0,283.0,227.0,257.0,229.0,235.0,196.0,331.0,195.0,293.0,196.0,268.0,196.0,247.0,178.0,345.0,188.0,331.0,196.0,344.0,199.0,361.0
W,day2,1790745645.8735762,45,187.0,411.0,212.0,408.0,231.0,389.0,223.0,369.0,209.0,350.0,246.0,333.0,266.0,300.0,278.0,280.0,286.0,261.0,226.0,325.0,236.0,284.0,242.0,259.0,246.0,237.0,205.0,328.0,206.0,292.0,209.0,266.0,211.0,246.0,186.0,341.0,200.0,328.0,205.0,345.0,206.0,363.0
W,day2,1790745645.998106,46,186.0,411.0,212.0,407.0,232.0,388.0,222.0,366.0,206.0,348.0,244.0,333.0,264.0,300.0,275.0,279.0,284.0,260.0,223.0,324.0,234.0,283.0,240.0,257.0,245.0,236.0,203.0,328.0,205.0,292.0,209.0,266.0,210.0,245.0,185.0,341.0,200.0,325.0,206.0,341.0,205.0,360.0
W,day2,1790745646.1303716,47,182.0,412.0,208.0,406.0,225.0,385.0,215.0,364.0,197.0,348.0,238.0,331.0,255.0,298.0,266.0,276.0,273.0,257.0,216.0,323.0,225.0,282.0,229.0,257.0,233.0,236.0,196.0,328.0,196.0,291.0,198.0,265.0,199.0,245.0,177.0,342.0,189.0,329.0,196.0,344.0,198.0,361.0
W,day2,1790745646.2460473,48,181.0,415.0,206.0,408.0,222.0,386.0,209.0,365.0,190.0,349.0,230.0,330.0,246.0,297.0,256.0,275.0,262.0,255.0,208.0,324.0,214.0,282.0,217.0,256.0,219.0,234.0,188.0,331.0,186.0,294.0,186.0,268.0,184.0,247.0,171.0,347.0,183.0,329.0,190.0,345.0,193.0,362.0
W,day2,1790745646.366327,49,182.0,416.0,205.0,407.0,219.0,384.0,202.0,362.0,180.0,348.0,222.0,327.0,234.0,291.0,241.0,269.0,246.0,247.0,200.0,322.0,201.0,281.0,201.0,255.0,201.0,233.0,181.0,330.0,174.0,293.0,171.0,268.0,168.0,247.0,164.0,346.0,171.0,326.0,176.0,341.0,179.0,358.0
W,day2,1790745646.482985,50,184.0,416.0,207.0,407.0,221.0,384.0,205.0,366.0,186.0,351.0,223.0,327.0,234.0,291.0,241.0,268.0,245.0,248.0,200.0,324.0,200.0,282.0,199.0,255.0,198.0,234.0,181.0,333.0,173.0,297.0,169.0,272.0,165.0,251.0,165.0,351.0,174.0,335.0,184.0,349.0,190.0,366.0
W,day2,1790745646.59654,51,186.0,420.0,209.0,409.0,222.0,385.0,205.0,365.0,184.0,350.0,223.0,327.0,234.0,291.0,240.0,268.0,243.0,247.0,199.0,324.0,199.0,281.0,197.0,254.0,195.0,232.0,181.0,333.0,173.0,297.0,169.0,272.0,163.0,250.0,166.0,351.0,176.0,329.0,184.0,344.0,188.0,362.0
X,day2,1790745671.9254584,0,184.0,417.0,223.0,406.0,246.0,387.0,259.0,372.0,248.0,363.0,227.0,317.0,230.0,275.0,248.0,268.0,261.0,281.0,204.0,319.0,246.0,336.0,245.0,361.0,234.0,364.0,188.0,333.0,231.0,360.0,228.0,378.0,215.0,376.0,178.0,352.0,215.0,379.0,213.0,392.0,201.0,390.0
X,day2,1790745672.0413468,1,185.0,419.0,223.0,407.0,247.0,388.0,259.0,372.0,246.0,364.0,227.0,319.0,231.0,275.0,249.0,269.0,262.0,282.0,205.0,321.0,246.0,337.0,245.0,361.0,234.0,363.0,189.0,334.0,232.0,361.0,228.0,379.0,215.0,377.0,179.0,353.0,216.0,380.0,214.0,393.0,201.0,391.0
X,day2,1790745672.164121,2,187.0,419.0,227.0,406.0,250.0,386.0,261.0,369.0,246.0,363.0,228.0,317.0,232.0,274.0,250.0,267.0,263.0,280.0,206.0,319.0,246.0,336.0,246.0,360.0,235.0,363.0,190.0,333.0,232.0,362.0,229.0,381.0,217.0,379.0,180.0,353.0,217.0,382.0,215.0,396.0,203.0,394.0
X,day2,1790745672.2871659,3,186.0,415.0,226.0,404.0,251.0,385.0,261.0,367.0,248.0,359.0,231.0,315.0,233.0,270.0,251.0,264.0,264.0,277.0,209.0,316.0,251.0,331.0,252.0,357.0,240.0,360.0,193.0,330.0,236.0,357.0,233.0,377.0,220.0,375.0,183.0,349.0,220.0,378.0,219.0,393.0,205.0,391.0
X,day2,1790745672.4160075,4,189.0,417.0,230.0,405.0,253.0,383.0,264.0,364.0,250.0,357.0,231.0,315.0,234.0,271.0,253.0,264.0,265.0,276.0,209.0,317.0,249.0,329.0,249.0,353.0,237.0,354.0,193.0,330.0,236.0,357.0,233.0,376.0,220.0,374.0,183.0,350.0,220.0,376.0,219.0,391.0,205.0,390.0
X,day2,1790745672.525605,5,193.0,413.0,233.0,399.0,259.0,378.0,272.0,362.0,262.0,358.0,235.0,311.0,239.0,268.0,258.0,261.0,272.0,276.0,213.0,314.0,259.0,330.0,258.0,352.0,246.0,352.0,199.0,328.0,245.0,357.0,240.0,372.0,226.0,368.0,190.0,348.0,228.0,374.0,225.0,385.0,212.0,382.0
X,day2,1790745672.6665452,6,197.0,414.0,238.0,399.0,261.0,378.0,276.0,362.0,276.0,357.0,236.0,309.0,241.0,268.0,259.0,261.0,274.0,274.0,216.0,313.0,266.0,330.0,262.0,352.0,249.0,352.0,204.0,328.0,254.0,356.0,246.0,372.0,232.0,368.0,197.0,348.0,235.0,374.0,231.0,385.0,218.0,380.0
X,day2,1790745672.8005743,7,207.0,420.0,244.0,401.0,266.0,381.0,280.0,366.0,277.0,361.0,239.0,312.0,242.0,270.0,260.0,263.0,276.0,277.0,222.0,317.0,271.0,334.0,268.0,356.0,256.0,357.0,212.0,333.0,261.0,360.0,254.0,376.0,240.0,373.0,207.0,353.0,246.0,377.0,241.0,389.0,229.0,386.0
X,day2,1790745672.93353,8,213.0,425.0,250.0,403.0,271.0,379.0,285.0,363.0,288.0,356.0,241.0,313.0,242.0,269.0,262.0,263.0,278.0,277.0,223.0,318.0,275.0,336.0,274.0,360.0,261.0,362.0,213.0,335.0,266.0,361.0,260.0,379.0,245.0,377.0,209.0,355.0,251.0,379.0,247.0,392.0,233.0,390.0
X,day2,1790745673.067578,9,211.0,426.0,251.0,403.0,274.0,380.0,288.0,364.0,286.0,360.0,244.0,315.0,244.0,272.0,263.0,265.0,279.0,278.0,226.0,321.0,279.0,336.0,278.0,359.0,267.0,361.0,217.0,337.0,270.0,363.0,264.0,380.0,250.0,378.0,214.0,357.0,256.0,381.0,251.0,394.0,238.0,391.0
X,day2,1790745673.2009594,10,209.0,420.0,247.0,401.0,270.0,378.0,285.0,362.0,293.0,356.0,243.0,313.0,244.0,271.0,263.0,263.0,279.0,276.0,221.0,318.0,264.0,336.0,266.0,360.0,258.0,361.0,206.0,333.0,251.0,360.0,249.0,376.0,239.0,374.0,197.0,353.0,234.0,378.0,234.0,389.0,223.0,386.0
X,day2,1790745673.3342934,11,196.0,415.0,234.0,401.0,260.0,382.0,272.0,367.0,261.0,363.0,238.0,311.0,240.0,267.0,257.0,260.0,271.0,275.0,214.0,313.0,255.0,333.0,253.0,358.0,242.0,359.0,196.0,328.0,238.0,356.0,235.0,373.0,223.0,370.0,184.0,347.0,217.0,372.0,217.0,383.0,206.0,380.0
X,day2,1790745673.4690814,12,192.0,409.0,227.0,399.0,253.0,381.0,263.0,364.0,248.0,359.0,234.0,310.0,235.0,265.0,251.0,260.0,264.0,273.0,209.0,310.0,240.0,326.0,242.0,352.0,234.0,354.0,189.0,322.0,223.0,347.0,225.0,364.0,218.0,362.0,174.0,340.0,203.0,363.0,207.0,376.0,199.0,374.0
X,day2,1790745673.6032639,13,188.0,408.0,219.0,399.0,245.0,379.0,245.0,359.0,223.0,352.0,229.0,307.0,230.0,261.0,243.0,255.0,254.0,270.0,201.0,307.0,232.0,325.0,233.0,352.0,224.0,355.0,181.0,319.0,214.0,344.0,217.0,363.0,209.0,361.0,166.0,337.0,195.0,362.0,199.0,376.0,191.0,373.0
X,day2,1790745673.7329533,14,187.0,410.0,219.0,401.0,247.0,380.0,245.0,360.0,225.0,351.0,226.0,308.0,225.0,263.0,238.0,255.0,250.0,269.0,198.0,309.0,227.0,322.0,229.0,350.0,222.0,355.0,177.0,321.0,209.0,342.0,213.0,362.0,206.0,361.0,162.0,338.0,189.0,361.0,194.0,375.0,187.0,372.0
X,day2,1790745673.8734713,15,180.0,416.0,210.0,405.0,237.0,381.0,232.0,360.0,207.0,354.0,217.0,316.0,215.0,268.0,227.0,260.0,237.0,273.0,189.0,316.0,212.0,328.0,216.0,356.0,210.0,360.0,169.0,327.0,194.0,348.0,201.0,368.0,196.0,366.0,153.0,343.0,178.0,366.0,184.0,381.0,176.0,378.0
X,day2,1790745674.0198038,16,182.0,425.0,211.0,411.0,233.0,383.0,228.0,361.0,203.0,360.0,201.0,320.0,189.0,272.0,202.0,262.0,215.0,274.0,174.0,325.0,195.0,326.0,206.0,351.0,204.0,362.0,156.0,340.0,180.0,347.0,193.0,365.0,191.0,370.0,142.0,360.0,170.0,373.0,180.0,385.0,177.0,387.0
X,day2,1790745674.152109,17,184.0,430.0,213.0,413.0,235.0,386.0,232.0,367.0,211.0,361.0,200.0,321.0,187.0,276.0,200.0,264.0,215.0,272.0,173.0,327.0,200.0,328.0,212.0,354.0,210.0,364.0,155.0,343.0,186.0,354.0,199.0,372.0,196.0,375.0,142.0,365.0,172.0,379.0,183.0,391.0,178.0,391.0
X,day2,1790745674.2707024,18,180.0,430.0,213.0,411.0,236.0,387.0,238.0,366.0,216.0,365.0,202.0,319.0,194.0,273.0,210.0,263.0,225.0,272.0,174.0,325.0,210.0,334.0,218.0,361.0,210.0,365.0,156.0,342.0,197.0,360.0,206.0,379.0,197.0,379.0,146.0,365.0,183.0,385.0,191.0,397.0,182.0,396.0
X,day2,1790745674.398468,19,183.0,424.0,221.0,406.0,248.0,384.0,265.0,368.0,258.0,366.0,212.0,319.0,205.0,272.0,222.0,262.0,239.0,274.0,187.0,323.0,230.0,336.0,234.0,363.0,224.0,365.0,171.0,338.0,218.0,360.0,220.0,379.0,208.0,377.0,162.0,358.0,200.0,380.0,203.0,393.0,192.0,391.0
X,day2,1790745674.5074944,20,184.0,429.0,220.0,409.0,245.0,387.0,257.0,372.0,247.0,374.0,211.0,323.0,208.0,277.0,224.0,266.0,239.0,276.0,189.0,329.0,234.0,339.0,236.0,365.0,225.0,369.0,174.0,345.0,221.0,366.0,221.0,385.0,209.0,384.0,166.0,366.0,205.0,388.0,207.0,401.0,196.0,399.0
X,day2,1790745674.616718,21,197.0,436.0,233.0,413.0,256.0,388.0,275.0,371.0,285.0,360.0,220.0,330.0,214.0,285.0,230.0,275.0,246.0,285.0,198.0,336.0,240.0,347.0,244.0,370.0,235.0,371.0,183.0,353.0,229.0,374.0,230.0,389.0,219.0,387.0,175.0,374.0,214.0,396.0,216.0,406.0,205.0,403.0
X,day2,1790745674.749216,22,202.0,434.0,238.0,411.0,262.0,386.0,281.0,368.0,294.0,355.0,225.0,328.0,223.0,285.0,241.0,276.0,257.0,287.0,203.0,336.0,250.0,348.0,253.0,370.0,243.0,372.0,189.0,354.0,239.0,377.0,238.0,391.0,224.0,388.0,181.0,376.0,224.0,399.0,225.0,408.0,212.0,405.0
X,day2,1790745674.8396416,23,185.0,439.0,229.0,414.0,259.0,386.0,281.0,369.0,291.0,359.0,229.0,328.0,235.0,285.0,254.0,277.0,269.0,289.0,210.0,336.0,265.0,353.0,263.0,377.0,251.0,380.0,196.0,354.0,250.0,381.0,244.0,396.0,229.0,391.0,188.0,377.0,232.0,401.0,227.0,410.0,214.0,405.0
X,day2,1790745674.9590383,24,179.0,434.0,226.0,408.0,259.0,380.0,283.0,366.0,293.0,362.0,234.0,324.0,243.0,282.0,266.0,275.0,283.0,287.0,213.0,333.0,271.0,353.0,267.0,378.0,254.0,381.0,200.0,352.0,256.0,381.0,247.0,396.0,233.0,390.0,193.0,375.0,240.0,400.0,233.0,410.0,219.0,405.0
X,day2,1790745675.082414,25,182.0,422.0,228.0,400.0,261.0,377.0,286.0,364.0,293.0,364.0,237.0,317.0,246.0,277.0,267.0,268.0,283.0,277.0,220.0,326.0,275.0,347.0,272.0,372.0,261.0,375.0,209.0,344.0,262.0,376.0,254.0,390.0,242.0,386.0,204.0,368.0,249.0,394.0,245.0,403.0,234.0,399.0
X,day2,1790745675.2164586,26,189.0,428.0,233.0,401.0,263.0,373.0,285.0,360.0,295.0,359.0,239.0,318.0,245.0,278.0,267.0,270.0,285.0,278.0,222.0,327.0,280.0,348.0,278.0,373.0,268.0,378.0,212.0,347.0,269.0,377.0,260.0,392.0,247.0,389.0,209.0,371.0,255.0,396.0,251.0,406.0,238.0,401.0
X,day2,1790745675.3324754,27,187.0,428.0,231.0,400.0,261.0,372.0,282.0,358.0,293.0,356.0,237.0,318.0,243.0,278.0,266.0,269.0,284.0,277.0,221.0,327.0,278.0,348.0,277.0,374.0,268.0,379.0,212.0,346.0,268.0,377.0,260.0,393.0,247.0,390.0,208.0,369.0,254.0,395.0,251.0,405.0,240.0,400.0
X,day2,1790745675.4575741,28,184.0,425.0,229.0,403.0,257.0,380.0,277.0,368.0,284.0,366.0,233.0,315.0,239.0,275.0,260.0,268.0,278.0,279.0,217.0,324.0,272.0,345.0,266.0,369.0,252.0,369.0,208.0,343.0,264.0,375.0,254.0,391.0,240.0,387.0,205.0,367.0,252.0,393.0,245.0,404.0,232.0,401.0
X,day2,1790745675.575926,29,186.0,424.0,230.0,403.0,255.0,382.0,272.0,367.0,275.0,361.0,223.0,312.0,228.0,273.0,249.0,263.0,267.0,272.0,208.0,320.0,267.0,335.0,262.0,357.0,248.0,357.0,202.0,338.0,261.0,363.0,252.0,379.0,235.0,375.0,202.0,361.0,250.0,382.0,243.0,394.0,229.0,392.0
X,day2,1790745675.7143562,30,178.0,422.0,220.0,395.0,243.0,371.0,261.0,357.0,267.0,352.0,205.0,313.0,205.0,272.0,225.0,261.0,242.0,269.0,193.0,322.0,255.0,326.0,254.0,351.0,240.0,355.0,190.0,340.0,252.0,354.0,244.0,373.0,227.0,373.0,193.0,361.0,242.0,376.0,238.0,389.0,224.0,388.0
X,day2,1790745675.851049,31,180.0,421.0,222.0,395.0,245.0,372.0,263.0,359.0,266.0,354.0,204.0,312.0,205.0,272.0,224.0,261.0,242.0,269.0,192.0,321.0,253.0,327.0,252.0,352.0,239.0,355.0,189.0,339.0,252.0,354.0,243.0,373.0,228.0,372.0,193.0,360.0,242.0,375.0,237.0,388.0,223.0,388.0
X,day2,1790745675.9842892,32,176.0,420.0,214.0,394.0,237.0,369.0,255.0,355.0,261.0,348.0,200.0,312.0,201.0,270.0,221.0,259.0,238.0,268.0,189.0,321.0,250.0,324.0,249.0,348.0,235.0,353.0,186.0,338.0,248.0,352.0,240.0,371.0,224.0,371.0,190.0,359.0,238.0,374.0,233.0,388.0,218.0,388.0
X,day2,1790745676.1200237,33,172.0,421.0,212.0,393.0,236.0,369.0,256.0,356.0,257.0,353.0,197.0,310.0,196.0,271.0,215.0,260.0,232.0,267.0,184.0,319.0,244.0,327.0,240.0,351.0,227.0,354.0,179.0,338.0,241.0,355.0,232.0,373.0,216.0,371.0,182.0,360.0,231.0,376.0,224.0,389.0,211.0,388.0
X,day2,1790745676.2522848,34,171.0,423.0,211.0,394.0,235.0,368.0,254.0,355.0,252.0,355.0,197.0,311.0,196.0,272.0,216.0,260.0,233.0,268.0,183.0,321.0,243.0,328.0,241.0,352.0,227.0,355.0,178.0,340.0,240.0,357.0,232.0,373.0,217.0,372.0,181.0,362.0,230.0,378.0,225.0,389.0,211.0,389.0
X,day2,1790745676.3669636,35,167.0,424.0,208.0,397.0,236.0,372.0,254.0,359.0,245.0,363.0,197.0,314.0,196.0,274.0,216.0,265.0,233.0,273.0,181.0,324.0,238.0,330.0,236.0,353.0,221.0,356.0,173.0,344.0,233.0,360.0,226.0,375.0,211.0,374.0,172.0,367.0,222.0,381.0,216.0,392.0,202.0,391.0
X,day2,1790745676.4754531,36,172.0,426.0,211.0,408.0,236.0,385.0,249.0,367.0,235.0,367.0,206.0,322.0,204.0,277.0,221.0,268.0,236.0,280.0,185.0,327.0,231.0,340.0,232.0,365.0,220.0,368.0,172.0,342.0,221.0,365.0,217.0,383.0,203.0,381.0,165.0,361.0,205.0,382.0,202.0,395.0,189.0,394.0
X,day2,1790745676.6183543,37,173.0,434.0,214.0,414.0,240.0,389.0,255.0,370.0,242.0,370.0,208.0,326.0,207.0,282.0,227.0,275.0,242.0,287.0,189.0,333.0,234.0,340.0,235.0,364.0,222.0,367.0,176.0,349.0,224.0,368.0,221.0,387.0,208.0,385.0,170.0,369.0,211.0,389.0,208.0,403.0,194.0,402.0
X,day2,1790745676.7361972,38,187.0,436.0,222.0,417.0,247.0,391.0,257.0,373.0,240.0,374.0,213.0,328.0,210.0,283.0,227.0,276.0,242.0,288.0,190.0,334.0,231.0,343.0,235.0,370.0,223.0,375.0,175.0,350.0,220.0,369.0,221.0,388.0,208.0,388.0,167.0,371.0,207.0,391.0,208.0,405.0,195.0,405.0
X,day2,1790745676.8661149,39,192.0,438.0,222.0,425.0,246.0,401.0,245.0,380.0,224.0,375.0,223.0,332.0,219.0,288.0,232.0,278.0,244.0,289.0,197.0,334.0,220.0,336.0,228.0,363.0,224.0,375.0,177.0,347.0,202.0,359.0,212.0,379.0,209.0,384.0,162.0,366.0,188.0,384.0,198.0,397.0,194.0,397.0
X,day2,1790745677.0094156,40,187.0,433.0,218.0,425.0,242.0,401.0,234.0,379.0,211.0,369.0,226.0,331.0,227.0,284.0,237.0,277.0,245.0,291.0,200.0,332.0,211.0,329.0,216.0,356.0,215.0,368.0,179.0,343.0,192.0,349.0,202.0,371.0,203.0,378.0,161.0,359.0,177.0,374.0,186.0,390.0,188.0,393.0
X,day2,1790745677.1096356,41,184.0,434.0,215.0,426.0,241.0,402.0,237.0,380.0,214.0,368.0,225.0,331.0,224.0,285.0,235.0,275.0,244.0,287.0,198.0,332.0,213.0,328.0,217.0,355.0,216.0,368.0,177.0,342.0,192.0,347.0,202.0,369.0,203.0,376.0,158.0,358.0,176.0,371.0,186.0,387.0,187.0,391.0
X,day2,1790745677.2338283,42,183.0,430.0,214.0,421.0,238.0,395.0,230.0,373.0,206.0,363.0,223.0,327.0,222.0,279.0,233.0,272.0,242.0,287.0,195.0,327.0,213.0,331.0,216.0,357.0,212.0,367.0,174.0,338.0,193.0,353.0,201.0,373.0,200.0,375.0,158.0,353.0,179.0,376.0,186.0,392.0,184.0,390.0
X,day2,1790745677.3582592,43,185.0,430.0,215.0,419.0,239.0,395.0,233.0,373.0,209.0,362.0,224.0,326.0,223.0,279.0,234.0,271.0,244.0,286.0,197.0,327.0,215.0,331.0,218.0,357.0,215.0,366.0,176.0,337.0,193.0,351.0,201.0,371.0,201.0,373.0,159.0,353.0,176.0,369.0,184.0,385.0,184.0,384.0
X,day2,1790745677.510287,44,185.0,432.0,216.0,421.0,240.0,396.0,233.0,374.0,210.0,366.0,223.0,328.0,223.0,281.0,235.0,274.0,244.0,289.0,196.0,329.0,215.0,331.0,219.0,357.0,215.0,369.0,175.0,339.0,196.0,352.0,205.0,373.0,203.0,377.0,159.0,356.0,181.0,376.0,189.0,391.0,186.0,391.0
X,day2,1790745677.6338682,45,186.0,433.0,217.0,422.0,244.0,399.0,242.0,379.0,220.0,372.0,222.0,329.0,221.0,284.0,232.0,276.0,242.0,289.0,196.0,331.0,215.0,335.0,221.0,360.0,218.0,371.0,176.0,344.0,195.0,352.0,206.0,371.0,206.0,376.0,160.0,363.0,180.0,375.0,191.0,388.0,192.0,390.0
X,day2,1790745677.7689135,46,192.0,431.0,227.0,416.0,251.0,394.0,262.0,376.0,250.0,375.0,222.0,327.0,219.0,285.0,234.0,277.0,247.0,289.0,197.0,331.0,219.0,334.0,230.0,357.0,229.0,364.0,178.0,347.0,206.0,358.0,220.0,374.0,219.0,377.0,166.0,368.0,195.0,385.0,204.0,394.0,200.0,392.0
X,day2,1790745677.9067166,47,197.0,438.0,232.0,418.0,255.0,395.0,268.0,378.0,264.0,371.0,226.0,330.0,226.0,288.0,245.0,280.0,261.0,294.0,206.0,336.0,253.0,348.0,255.0,372.0,244.0,373.0,194.0,352.0,241.0,373.0,239.0,390.0,224.0,387.0,186.0,372.0,226.0,396.0,225.0,408.0,211.0,404.0
X,day2,1790745678.0264037,48,201.0,442.0,236.0,418.0,259.0,393.0,272.0,376.0,263.0,374.0,231.0,331.0,231.0,288.0,250.0,281.0,264.0,294.0,210.0,338.0,257.0,350.0,258.0,373.0,246.0,373.0,198.0,355.0,247.0,377.0,245.0,392.0,231.0,389.0,192.0,377.0,234.0,399.0,233.0,410.0,220.0,407.0
X,day2,1790745678.1258326,49,202.0,443.0,239.0,418.0,262.0,390.0,276.0,373.0,266.0,374.0,233.0,330.0,236.0,289.0,255.0,281.0,269.0,293.0,214.0,337.0,261.0,348.0,260.0,371.0,247.0,372.0,202.0,354.0,251.0,375.0,247.0,392.0,233.0,389.0,198.0,375.0,239.0,398.0,235.0,410.0,221.0,407.0
X,day2,1790745678.251091,50,203.0,440.0,243.0,416.0,268.0,386.0,282.0,368.0,269.0,373.0,237.0,327.0,239.0,287.0,258.0,279.0,272.0,292.0,216.0,335.0,262.0,347.0,260.0,370.0,247.0,370.0,204.0,352.0,253.0,373.0,249.0,390.0,235.0,387.0,200.0,374.0,242.0,396.0,237.0,409.0,222.0,405.0
X,day2,1790745678.368897,51,205.0,439.0,245.0,416.0,268.0,387.0,282.0,368.0,269.0,372.0,237.0,327.0,240.0,286.0,259.0,278.0,273.0,291.0,217.0,333.0,263.0,345.0,263.0,369.0,250.0,371.0,205.0,349.0,255.0,371.0,250.0,389.0,236.0,386.0,201.0,371.0,242.0,394.0,237.0,407.0,223.0,403.0
X,day2,1790745678.4860003,52,209.0,436.0,247.0,415.0,270.0,387.0,282.0,368.0,271.0,368.0,238.0,326.0,241.0,285.0,259.0,276.0,273.0,289.0,218.0,332.0,263.0,343.0,263.0,368.0,250.0,370.0,206.0,348.0,253.0,369.0,250.0,387.0,236.0,385.0,201.0,369.0,241.0,391.0,238.0,404.0,223.0,402.0
X,day2,1790745678.5979936,53,205.0,437.0,244.0,416.0,269.0,389.0,284.0,372.0,279.0,367.0,243.0,327.0,250.0,283.0,270.0,277.0,285.0,289.0,225.0,333.0,275.0,344.0,274.0,368.0,261.0,372.0,214.0,349.0,265.0,371.0,259.0,389.0,244.0,387.0,210.0,369.0,252.0,393.0,247.0,405.0,233.0,402.0
X,day2,1790745678.7351286,54,212.0,435.0,251.0,414.0,274.0,388.0,287.0,371.0,279.0,368.0,248.0,325.0,251.0,282.0,270.0,274.0,284.0,287.0,228.0,330.0,274.0,345.0,272.0,369.0,259.0,371.0,215.0,345.0,263.0,371.0,257.0,388.0,243.0,386.0,210.0,365.0,249.0,391.0,245.0,403.0,231.0,400.0
X,day2,1790745678.8498335,55,209.0,429.0,248.0,410.0,271.0,386.0,283.0,368.0,279.0,361.0,246.0,323.0,250.0,279.0,268.0,271.0,283.0,282.0,226.0,327.0,271.0,344.0,270.0,367.0,259.0,369.0,213.0,341.0,260.0,368.0,255.0,385.0,241.0,383.0,206.0,360.0,245.0,387.0,242.0,399.0,229.0,396.0
X,day2,1790745678.9869523,56,206.0,428.0,245.0,409.0,269.0,386.0,282.0,369.0,277.0,362.0,244.0,322.0,247.0,278.0,267.0,272.0,282.0,286.0,224.0,326.0,269.0,342.0,268.0,365.0,256.0,365.0,212.0,341.0,258.0,366.0,253.0,383.0,239.0,380.0,205.0,361.0,244.0,386.0,240.0,398.0,226.0,394.0
X,day2,1790745679.1220152,57,209.0,426.0,245.0,408.0,267.0,385.0,277.0,367.0,266.0,364.0,234.0,318.0,232.0,278.0,249.0,268.0,264.0,280.0,213.0,324.0,260.0,336.0,262.0,361.0,251.0,363.0,201.0,340.0,249.0,360.0,248.0,379.0,234.0,378.0,194.0,361.0,234.0,380.0,234.0,393.0,221.0,392.0
X,day2,1790745679.2504675,58,205.0,428.0,242.0,408.0,264.0,385.0,274.0,367.0,265.0,363.0,234.0,320.0,233.0,278.0,250.0,270.0,266.0,282.0,213.0,326.0,260.0,336.0,261.0,360.0,249.0,361.0,201.0,342.0,250.0,361.0,246.0,380.0,232.0,378.0,195.0,363.0,235.0,382.0,233.0,395.0,219.0,393.0
Y,day2,1790745785.0009487,0,135.0,396.0,170.0,383.0,200.0,356.0,226.0,334.0,250.0,322.0,172.0,310.0,164.0,300.0,158.0,328.0,157.0,346.0,145.0,308.0,137.0,309.0,139.0,342.0,144.0,359.0,121.0,312.0,112.0,308.0,120.0,339.0,128.0,359.0,100.0,318.0,88.0,290.0,79.0,273.0,71.0,254.0
Y,day2,1790745785.09595,1,133.0,394.0,168.0,379.0,198.0,353.0,224.0,332.0,249.0,320.0,169.0,306.0,159.0,302.0,154.0,329.0,155.0,347.0,142.0,304.0,133.0,309.0,136.0,342.0,140.0,359.0,118.0,309.0,108.0,308.0,117.0,337.0,125.0,356.0,97.0,316.0,85.0,288.0,75.0,271.0,67.0,252.0
Y,day2,1790745785.2053125,2,133.0,396.0,168.0,382.0,198.0,355.0,225.0,334.0,250.0,324.0,170.0,309.0,159.0,303.0,153.0,331.0,154.0,347.0,143.0,307.0,134.0,309.0,136.0,342.0,139.0,359.0,118.0,312.0,110.0,307.0,117.0,337.0,123.0,357.0,97.0,319.0,86.0,291.0,76.0,273.0,68.0,253.0
Y,day2,1790745785.311306,3,137.0,399.0,174.0,385.0,206.0,360.0,233.0,340.0,258.0,331.0,177.0,314.0,168.0,307.0,163.0,333.0,163.0,348.0,151.0,312.0,144.0,312.0,144.0,343.0,146.0,360.0,127.0,316.0,120.0,313.0,125.0,342.0,130.0,361.0,105.0,322.0,97.0,293.0,91.0,275.0,86.0,255.0
Y,day2,1790745785.4138834,4,140.0,402.0,177.0,391.0,212.0,368.0,241.0,350.0,266.0,342.0,189.0,317.0,174.0,310.0,164.0,336.0,164.0,353.0,162.0,313.0,151.0,313.0,147.0,345.0,149.0,363.0,139.0,316.0,127.0,311.0,129.0,341.0,133.0,361.0,116.0,319.0,110.0,289.0,105.0,270.0,102.0,250.0
Y,day2,1790745785.52024,5,138.0,399.0,175.0,391.0,213.0,370.0,243.0,355.0,269.0,352.0,198.0,315.0,182.0,307.0,170.0,333.0,168.0,351.0,172.0,309.0,157.0,308.0,151.0,340.0,151.0,358.0,148.0,309.0,134.0,303.0,133.0,334.0,137.0,355.0,125.0,311.0,124.0,281.0,120.0,260.0,118.0,240.0
Y,day2,1790745785.6299627,6,135.0,390.0,173.0,387.0,212.0,369.0,244.0,356.0,271.0,355.0,202.0,310.0,185.0,303.0,171.0,330.0,168.0,349.0,176.0,302.0,159.0,303.0,151.0,337.0,150.0,356.0,151.0,301.0,136.0,296.0,133.0,329.0,134.0,351.0,128.0,302.0,126.0,271.0,123.0,250.0,120.0,230.0
Y,day2,1790745785.7570927,7,135.0,387.0,172.0,384.0,210.0,366.0,243.0,352.0,272.0,354.0,201.0,306.0,183.0,300.0,169.0,327.0,167.0,345.0,174.0,297.0,155.0,302.0,148.0,336.0,149.0,354.0,149.0,297.0,133.0,296.0,130.0,328.0,133.0,350.0,125.0,298.0,124.0,268.0,119.0,247.0,116.0,227.0
Y,day2,1790745785.8954084,8,134.0,391.0,174.0,382.0,210.0,360.0,239.0,341.0,266.0,335.0,186.0,303.0,173.0,300.0,163.0,328.0,161.0,346.0,158.0,299.0,147.0,303.0,144.0,336.0,144.0,355.0,133.0,301.0,120.0,299.0,121.0,331.0,124.0,352.0,109.0,306.0,100.0,275.0,91.0,256.0,84.0,236.0
Y,day2,1790745786.0125048,9,133.0,400.0,173.0,387.0,203.0,361.0,232.0,340.0,260.0,329.0,172.0,306.0,154.0,308.0,149.0,337.0,151.0,355.0,142.0,305.0,129.0,315.0,131.0,349.0,135.0,365.0,116.0,312.0,102.0,315.0,109.0,347.0,118.0,367.0,94.0,322.0,76.0,294.0,60.0,279.0,46.0,260.0
Y,day2,1790745786.141219,10,135.0,397.0,173.0,384.0,204.0,358.0,231.0,337.0,259.0,327.0,171.0,305.0,156.0,306.0,150.0,336.0,151.0,356.0,140.0,304.0,128.0,316.0,131.0,350.0,135.0,370.0,113.0,312.0,99.0,317.0,108.0,350.0,117.0,371.0,90.0,323.0,70.0,299.0,54.0,284.0,39.0,266.0
Y,day2,1790745786.2470298,11,136.0,399.0,173.0,382.0,202.0,353.0,228.0,330.0,253.0,318.0,163.0,302.0,151.0,305.0,149.0,335.0,151.0,354.0,132.0,305.0,124.0,317.0,132.0,350.0,137.0,370.0,106.0,314.0,95.0,320.0,107.0,350.0,118.0,371.0,83.0,326.0,62.0,304.0,45.0,290.0,29.0,274.0
Y,day2,1790745786.3912022,12,136.0,397.0,173.0,381.0,202.0,352.0,227.0,329.0,254.0,318.0,164.0,301.0,148.0,306.0,146.0,336.0,148.0,354.0,132.0,303.0,122.0,318.0,130.0,352.0,135.0,370.0,105.0,313.0,93.0,320.0,105.0,351.0,117.0,372.0,82.0,325.0,61.0,303.0,44.0,290.0,27.0,274.0
Y,day2,1790745786.5270033,13,138.0,400.0,177.0,382.0,206.0,353.0,231.0,329.0,258.0,316.0,166.0,303.0,151.0,310.0,150.0,338.0,154.0,356.0,134.0,304.0,125.0,323.0,133.0,354.0,141.0,368.0,108.0,315.0,96.0,327.0,110.0,356.0,123.0,372.0,85.0,330.0,63.0,310.0,45.0,297.0,28.0,281.0
Y,day2,1790745786.6567,14,142.0,400.0,181.0,383.0,212.0,354.0,238.0,332.0,265.0,319.0,174.0,304.0,158.0,307.0,155.0,336.0,159.0,354.0,143.0,305.0,133.0,320.0,140.0,351.0,146.0,366.0,117.0,315.0,105.0,324.0,120.0,352.0,133.0,369.0,94.0,329.0,73.0,306.0,56.0,291.0,40.0,273.0
Y,day2,1790745786.764854,15,145.0,401.0,185.0,384.0,216.0,355.0,242.0,333.0,268.0,319.0,176.0,304.0,163.0,310.0,159.0,338.0,161.0,357.0,145.0,305.0,137.0,323.0,144.0,353.0,150.0,369.0,118.0,315.0,109.0,326.0,123.0,354.0,134.0,372.0,95.0,329.0,74.0,307.0,57.0,292.0,42.0,275.0
Y,day2,1790745786.8887124,16,149.0,404.0,189.0,386.0,219.0,357.0,246.0,335.0,273.0,321.0,180.0,306.0,170.0,311.0,166.0,341.0,167.0,360.0,149.0,307.0,145.0,322.0,149.0,354.0,152.0,371.0,123.0,317.0,117.0,324.0,128.0,354.0,137.0,373.0,101.0,331.0,82.0,308.0,67.0,294.0,53.0,276.0
Y,day2,1790745786.998584,17,151.0,402.0,191.0,385.0,221.0,356.0,247.0,333.0,274.0,320.0,184.0,304.0,172.0,310.0,167.0,338.0,169.0,358.0,153.0,305.0,146.0,321.0,150.0,352.0,154.0,369.0,127.0,315.0,119.0,324.0,129.0,353.0,139.0,371.0,104.0,329.0,87.0,306.0,73.0,290.0,59.0,273.0
Y,day2,1790745787.1495972,18,152.0,388.0,189.0,371.0,219.0,346.0,242.0,323.0,265.0,309.0,185.0,298.0,169.0,297.0,166.0,324.0,170.0,340.0,156.0,299.0,145.0,308.0,150.0,339.0,156.0,354.0,131.0,307.0,120.0,308.0,131.0,337.0,141.0,355.0,109.0,317.0,94.0,293.0,80.0,278.0,68.0,260.0
Y,day2,1790745787.2474718,19,152.0,387.0,189.0,371.0,218.0,343.0,242.0,320.0,265.0,307.0,185.0,296.0,171.0,296.0,167.0,325.0,169.0,343.0,157.0,297.0,147.0,308.0,152.0,338.0,157.0,354.0,133.0,305.0,123.0,310.0,133.0,338.0,142.0,355.0,111.0,314.0,96.0,291.0,83.0,276.0,72.0,260.0
Y,day2,1790745787.3477807,20,156.0,385.0,192.0,369.0,221.0,342.0,244.0,320.0,266.0,307.0,187.0,296.0,174.0,297.0,170.0,324.0,171.0,341.0,160.0,297.0,150.0,307.0,155.0,336.0,159.0,353.0,137.0,305.0,126.0,309.0,136.0,336.0,145.0,352.0,116.0,314.0,101.0,290.0,89.0,275.0,77.0,259.0
Y,day2,1790745787.4887326,21,167.0,382.0,203.0,367.0,231.0,341.0,255.0,320.0,278.0,309.0,199.0,299.0,190.0,292.0,186.0,315.0,189.0,330.0,174.0,299.0,166.0,302.0,170.0,327.0,175.0,339.0,151.0,306.0,142.0,305.0,151.0,329.0,160.0,344.0,131.0,313.0,114.0,290.0,101.0,274.0,89.0,257.0
Y,day2,1790745787.6143885,22,187.0,380.0,221.0,367.0,250.0,343.0,275.0,323.0,298.0,311.0,215.0,299.0,211.0,293.0,208.0,314.0,209.0,331.0,192.0,299.0,188.0,301.0,190.0,324.0,194.0,339.0,171.0,305.0,163.0,304.0,171.0,325.0,179.0,339.0,150.0,313.0,135.0,290.0,122.0,274.0,110.0,257.0
Y,day2,1790745787.741303,23,220.0,384.0,255.0,370.0,284.0,346.0,310.0,328.0,335.0,320.0,249.0,302.0,250.0,297.0,248.0,320.0,247.0,338.0,228.0,301.0,228.0,304.0,231.0,330.0,233.0,346.0,208.0,307.0,205.0,305.0,213.0,328.0,218.0,344.0,189.0,315.0,176.0,291.0,168.0,275.0,160.0,260.0
Y,day2,1790745787.849181,24,251.0,386.0,287.0,371.0,317.0,349.0,341.0,333.0,363.0,329.0,281.0,305.0,289.0,295.0,287.0,320.0,283.0,338.0,260.0,307.0,267.0,299.0,268.0,326.0,268.0,344.0,240.0,312.0,244.0,307.0,251.0,333.0,254.0,350.0,221.0,318.0,213.0,293.0,208.0,276.0,202.0,259.0
Y,day2,1790745787.9722738,25,262.0,389.0,298.0,377.0,329.0,351.0,356.0,333.0,381.0,330.0,299.0,305.0,308.0,301.0,303.0,328.0,298.0,346.0,277.0,304.0,284.0,304.0,284.0,334.0,283.0,353.0,256.0,310.0,261.0,311.0,267.0,339.0,269.0,356.0,237.0,318.0,230.0,294.0,226.0,278.0,222.0,261.0
Y,day2,1790745788.1034777,26,266.0,390.0,301.0,378.0,332.0,352.0,358.0,334.0,383.0,330.0,302.0,300.0,311.0,302.0,308.0,328.0,304.0,345.0,279.0,299.0,287.0,307.0,288.0,336.0,287.0,353.0,259.0,306.0,264.0,311.0,271.0,339.0,274.0,356.0,240.0,315.0,234.0,292.0,230.0,277.0,226.0,260.0
Y,day2,1790745788.2391148,27,255.0,389.0,291.0,376.0,321.0,351.0,346.0,333.0,370.0,330.0,285.0,306.0,294.0,301.0,290.0,328.0,285.0,345.0,262.0,307.0,272.0,303.0,272.0,332.0,270.0,350.0,243.0,312.0,249.0,309.0,254.0,335.0,255.0,352.0,224.0,319.0,217.0,294.0,213.0,279.0,208.0,263.0
Y,day2,1790745788.355337,28,245.0,390.0,281.0,377.0,312.0,353.0,334.0,333.0,356.0,327.0,272.0,306.0,281.0,302.0,277.0,328.0,273.0,345.0,250.0,307.0,258.0,305.0,259.0,334.0,257.0,351.0,230.0,313.0,235.0,312.0,241.0,337.0,243.0,353.0,211.0,322.0,202.0,299.0,196.0,284.0,190.0,268.0
Y,day2,1790745788.4809945,29,233.0,391.0,270.0,376.0,299.0,352.0,323.0,333.0,345.0,324.0,261.0,304.0,266.0,304.0,262.0,331.0,260.0,349.0,238.0,305.0,242.0,310.0,245.0,339.0,246.0,357.0,217.0,313.0,219.0,316.0,228.0,342.0,233.0,359.0,199.0,324.0,186.0,303.0,178.0,290.0,170.0,275.0
Y,day2,1790745788.5811715,30,229.0,392.0,265.0,376.0,293.0,350.0,315.0,330.0,338.0,320.0,255.0,303.0,256.0,306.0,254.0,331.0,254.0,349.0,231.0,304.0,234.0,315.0,237.0,343.0,241.0,359.0,209.0,313.0,211.0,320.0,220.0,345.0,227.0,361.0,191.0,325.0,177.0,306.0,167.0,293.0,158.0,278.0
Y,day2,1790745788.706553,31,227.0,390.0,262.0,374.0,289.0,348.0,313.0,328.0,336.0,317.0,253.0,302.0,254.0,303.0,252.0,329.0,253.0,347.0,228.0,305.0,231.0,312.0,235.0,341.0,239.0,359.0,207.0,315.0,207.0,318.0,217.0,344.0,224.0,361.0,188.0,326.0,174.0,306.0,164.0,292.0,155.0,277.0
Y,day2,1790745788.8311737,32,217.0,386.0,254.0,373.0,284.0,348.0,310.0,329.0,334.0,319.0,251.0,300.0,252.0,301.0,248.0,327.0,248.0,345.0,226.0,300.0,228.0,309.0,230.0,337.0,234.0,353.0,203.0,308.0,203.0,313.0,212.0,339.0,220.0,355.0,184.0,319.0,172.0,298.0,163.0,284.0,154.0,267.0
Y,day2,1790745788.948102,33,211.0,379.0,249.0,367.0,281.0,345.0,306.0,328.0,330.0,319.0,247.0,294.0,247.0,300.0,243.0,326.0,242.0,343.0,222.0,293.0,224.0,307.0,225.0,334.0,228.0,349.0,199.0,301.0,200.0,310.0,207.0,335.0,213.0,351.0,179.0,311.0,167.0,292.0,157.0,278.0,148.0,264.0
Y,day2,1790745789.0634956,34,206.0,375.0,244.0,365.0,276.0,343.0,302.0,326.0,327.0,318.0,246.0,289.0,244.0,299.0,239.0,324.0,238.0,341.0,220.0,287.0,219.0,307.0,221.0,333.0,224.0,346.0,197.0,294.0,196.0,307.0,203.0,333.0,209.0,348.0,177.0,304.0,165.0,285.0,154.0,270.0,146.0,255.0
Y,day2,1790745789.1733687,35,204.0,373.0,242.0,363.0,272.0,341.0,299.0,325.0,325.0,317.0,243.0,288.0,240.0,297.0,235.0,321.0,233.0,337.0,217.0,285.0,215.0,304.0,216.0,330.0,219.0,344.0,194.0,292.0,191.0,305.0,199.0,330.0,205.0,345.0,174.0,302.0,161.0,282.0,151.0,268.0,143.0,252.0
Y,day2,1790745789.3074574,36,200.0,373.0,238.0,363.0,269.0,339.0,294.0,323.0,318.0,314.0,237.0,287.0,232.0,295.0,227.0,319.0,226.0,337.0,211.0,285.0,208.0,302.0,209.0,328.0,212.0,343.0,188.0,292.0,184.0,302.0,190.0,326.0,196.0,342.0,168.0,302.0,155.0,282.0,145.0,267.0,136.0,253.0
Y,day2,1790745789.4218655,37,194.0,376.0,232.0,364.0,262.0,340.0,287.0,321.0,310.0,308.0,226.0,291.0,219.0,297.0,215.0,323.0,214.0,342.0,200.0,289.0,196.0,304.0,198.0,330.0,200.0,347.0,177.0,297.0,171.0,303.0,178.0,328.0,184.0,346.0,156.0,308.0,140.0,284.0,130.0,269.0,120.0,254.0
Y,day2,1790745789.537362,38,189.0,383.0,224.0,365.0,250.0,336.0,271.0,312.0,294.0,296.0,207.0,293.0,198.0,297.0,198.0,324.0,201.0,342.0,180.0,297.0,176.0,309.0,183.0,337.0,189.0,353.0,158.0,307.0,151.0,314.0,163.0,338.0,173.0,354.0,140.0,320.0,122.0,300.0,107.0,288.0,93.0,275.0
Y,day2,1790745789.659045,39,185.0,385.0,221.0,365.0,246.0,335.0,266.0,309.0,290.0,293.0,203.0,292.0,189.0,298.0,190.0,325.0,195.0,341.0,175.0,298.0,166.0,311.0,177.0,339.0,186.0,353.0,153.0,310.0,141.0,317.0,156.0,341.0,169.0,356.0,133.0,322.0,115.0,303.0,100.0,291.0,85.0,277.0
Y,day2,1790745789.7744732,40,189.0,387.0,224.0,367.0,250.0,340.0,272.0,317.0,294.0,302.0,205.0,296.0,195.0,303.0,196.0,331.0,201.0,348.0,178.0,300.0,172.0,316.0,182.0,344.0,190.0,360.0,156.0,312.0,148.0,320.0,162.0,346.0,174.0,363.0,138.0,325.0,120.0,305.0,105.0,293.0,91.0,279.0
Y,day2,1790745789.888136,41,190.0,392.0,228.0,376.0,257.0,348.0,281.0,328.0,306.0,316.0,218.0,302.0,209.0,307.0,204.0,333.0,205.0,353.0,190.0,302.0,183.0,318.0,188.0,345.0,194.0,362.0,167.0,311.0,158.0,321.0,169.0,346.0,179.0,364.0,147.0,322.0,133.0,301.0,119.0,287.0,106.0,273.0
Y,day2,1790745789.981694,42,190.0,390.0,228.0,378.0,262.0,354.0,290.0,336.0,316.0,328.0,229.0,304.0,224.0,304.0,216.0,327.0,213.0,347.0,204.0,300.0,197.0,312.0,198.0,338.0,200.0,355.0,180.0,305.0,172.0,312.0,178.0,337.0,185.0,355.0,157.0,313.0,145.0,288.0,134.0,271.0,126.0,255.0
Y,day2,1790745790.0808952,43,192.0,384.0,230.0,376.0,266.0,355.0,295.0,339.0,322.0,332.0,241.0,303.0,234.0,301.0,224.0,325.0,222.0,343.0,216.0,297.0,207.0,307.0,205.0,335.0,208.0,351.0,191.0,300.0,183.0,305.0,186.0,331.0,192.0,348.0,169.0,306.0,161.0,282.0,152.0,265.0,145.0,248.0
Y,day2,1790745790.2068439,44,193.0,379.0,232.0,373.0,268.0,353.0,298.0,337.0,325.0,331.0,245.0,299.0,236.0,299.0,225.0,325.0,222.0,343.0,219.0,293.0,210.0,303.0,207.0,333.0,208.0,350.0,194.0,295.0,185.0,299.0,188.0,326.0,193.0,345.0,172.0,300.0,167.0,274.0,160.0,256.0,155.0,239.0
Y,day2,1790745790.2948294,45,193.0,380.0,232.0,374.0,268.0,353.0,298.0,337.0,326.0,331.0,245.0,300.0,238.0,294.0,227.0,321.0,225.0,339.0,219.0,295.0,212.0,299.0,208.0,331.0,211.0,348.0,195.0,297.0,187.0,297.0,190.0,326.0,196.0,346.0,173.0,301.0,169.0,274.0,162.0,256.0,158.0,237.0
Y,day2,1790745790.424216,46,192.0,380.0,231.0,374.0,267.0,352.0,294.0,336.0,317.0,331.0,235.0,300.0,234.0,295.0,227.0,320.0,224.0,337.0,211.0,297.0,210.0,301.0,209.0,330.0,208.0,346.0,189.0,300.0,185.0,298.0,189.0,326.0,191.0,345.0,168.0,303.0,160.0,274.0,156.0,257.0,152.0,238.0
Y,day2,1790745790.5386386,47,183.0,387.0,221.0,371.0,252.0,345.0,277.0,323.0,301.0,309.0,218.0,298.0,207.0,294.0,203.0,322.0,206.0,339.0,191.0,297.0,182.0,303.0,185.0,334.0,191.0,349.0,168.0,303.0,157.0,302.0,165.0,329.0,175.0,347.0,149.0,310.0,136.0,286.0,125.0,269.0,116.0,252.0
Y,day2,1790745790.6481507,48,185.0,392.0,222.0,375.0,253.0,348.0,279.0,326.0,305.0,316.0,219.0,299.0,211.0,295.0,207.0,321.0,208.0,340.0,192.0,299.0,185.0,303.0,188.0,333.0,193.0,352.0,170.0,305.0,161.0,303.0,169.0,330.0,178.0,351.0,150.0,313.0,137.0,286.0,127.0,267.0,118.0,249.0
Y,day2,1790745790.7759895,49,187.0,398.0,227.0,386.0,263.0,360.0,290.0,338.0,316.0,329.0,232.0,309.0,224.0,301.0,215.0,328.0,212.0,347.0,205.0,306.0,196.0,307.0,194.0,337.0,195.0,357.0,181.0,309.0,171.0,302.0,174.0,329.0,179.0,351.0,159.0,314.0,153.0,284.0,147.0,264.0,143.0,245.0
Y,day2,1790745790.8896556,50,186.0,393.0,225.0,385.0,261.0,360.0,291.0,339.0,318.0,330.0,235.0,309.0,225.0,299.0,216.0,326.0,216.0,343.0,208.0,304.0,201.0,303.0,198.0,335.0,198.0,354.0,184.0,305.0,176.0,296.0,177.0,326.0,181.0,347.0,162.0,308.0,158.0,276.0,153.0,256.0,149.0,237.0
Y,day2,1790745790.982852,51,187.0,393.0,225.0,385.0,259.0,360.0,289.0,339.0,316.0,329.0,232.0,308.0,221.0,299.0,214.0,325.0,213.0,343.0,206.0,303.0,198.0,303.0,197.0,335.0,199.0,353.0,183.0,305.0,175.0,298.0,178.0,327.0,183.0,347.0,162.0,307.0,157.0,278.0,151.0,258.0,147.0,239.0
Y,day2,1790745791.0811832,52,185.0,396.0,224.0,386.0,258.0,360.0,287.0,339.0,314.0,328.0,228.0,306.0,215.0,303.0,210.0,330.0,212.0,347.0,202.0,303.0,193.0,309.0,194.0,339.0,197.0,353.0,179.0,306.0,169.0,303.0,174.0,332.0,180.0,350.0,158.0,311.0,150.0,283.0,143.0,265.0,137.0,247.0
Y,day2,1790745791.1972463,53,182.0,397.0,221.0,385.0,255.0,359.0,282.0,338.0,307.0,325.0,222.0,306.0,206.0,306.0,201.0,333.0,203.0,350.0,195.0,304.0,183.0,312.0,184.0,342.0,187.0,359.0,172.0,308.0,160.0,307.0,163.0,335.0,169.0,356.0,151.0,314.0,141.0,288.0,132.0,270.0,125.0,253.0
Z,day2,1790745813.3450315,0,171.0,404.0,205.0,398.0,239.0,377.0,266.0,362.0,289.0,352.0,225.0,321.0,239.0,281.0,247.0,254.0,252.0,231.0,201.0,315.0,197.0,306.0,189.0,342.0,187.0,363.0,177.0,314.0,171.0,301.0,170.0,332.0,172.0,352.0,155.0,317.0,147.0,288.0,141.0,271.0,139.0,251.0
Z,day2,1790745813.4410446,1,174.0,395.0,208.0,390.0,242.0,369.0,269.0,353.0,292.0,343.0,228.0,314.0,241.0,274.0,249.0,248.0,254.0,226.0,204.0,308.0,202.0,300.0,195.0,334.0,193.0,353.0,180.0,308.0,177.0,292.0,174.0,321.0,175.0,339.0,158.0,310.0,151.0,279.0,146.0,261.0,143.0,241.0
Z,day2,1790745813.5528424,2,178.0,384.0,212.0,378.0,245.0,356.0,273.0,339.0,296.0,331.0,230.0,304.0,244.0,265.0,251.0,240.0,256.0,218.0,207.0,298.0,204.0,287.0,197.0,321.0,193.0,342.0,184.0,297.0,180.0,279.0,177.0,308.0,178.0,329.0,162.0,300.0,156.0,270.0,152.0,252.0,150.0,231.0
Z,day2,1790745813.6804914,3,179.0,378.0,212.0,373.0,246.0,354.0,272.0,337.0,295.0,329.0,233.0,300.0,247.0,263.0,255.0,239.0,260.0,218.0,211.0,294.0,208.0,284.0,198.0,314.0,193.0,333.0,189.0,293.0,185.0,275.0,180.0,300.0,178.0,318.0,168.0,294.0,162.0,265.0,158.0,247.0,156.0,228.0
Z,day2,1790745813.777683,4,181.0,375.0,214.0,371.0,248.0,353.0,275.0,338.0,297.0,330.0,236.0,299.0,252.0,263.0,260.0,240.0,266.0,220.0,215.0,293.0,213.0,283.0,204.0,311.0,200.0,329.0,194.0,292.0,190.0,275.0,186.0,300.0,185.0,317.0,172.0,293.0,167.0,264.0,163.0,247.0,162.0,228.0
Z,day2,1790745813.890128,5,181.0,373.0,214.0,370.0,249.0,353.0,278.0,339.0,301.0,332.0,240.0,300.0,258.0,265.0,268.0,243.0,275.0,223.0,219.0,293.0,216.0,283.0,206.0,311.0,201.0,329.0,197.0,290.0,193.0,274.0,188.0,300.0,187.0,318.0,175.0,291.0,172.0,262.0,169.0,245.0,168.0,226.0
Z,day2,1790745814.0034347,6,182.0,373.0,214.0,372.0,249.0,354.0,278.0,342.0,301.0,338.0,242.0,301.0,261.0,267.0,273.0,245.0,281.0,226.0,220.0,294.0,217.0,282.0,207.0,311.0,201.0,330.0,198.0,291.0,195.0,273.0,189.0,300.0,187.0,319.0,177.0,291.0,174.0,263.0,171.0,245.0,171.0,226.0
Z,day2,1790745814.1024663,7,181.0,371.0,212.0,370.0,247.0,354.0,276.0,342.0,300.0,339.0,237.0,300.0,257.0,267.0,269.0,246.0,278.0,227.0,217.0,292.0,214.0,281.0,205.0,312.0,200.0,330.0,196.0,290.0,192.0,273.0,188.0,301.0,187.0,319.0,174.0,291.0,171.0,262.0,169.0,245.0,168.0,225.0
Z,day2,1790745814.2359142,8,175.0,370.0,207.0,367.0,242.0,351.0,271.0,338.0,295.0,334.0,228.0,297.0,247.0,263.0,258.0,242.0,267.0,222.0,208.0,289.0,207.0,281.0,198.0,308.0,194.0,323.0,187.0,287.0,184.0,271.0,179.0,296.0,177.0,312.0,166.0,287.0,162.0,260.0,158.0,243.0,157.0,225.0
Z,day2,1790745814.3649344,9,162.0,377.0,195.0,370.0,226.0,350.0,250.0,332.0,271.0,323.0,210.0,296.0,224.0,260.0,232.0,237.0,237.0,216.0,188.0,291.0,184.0,281.0,176.0,310.0,172.0,327.0,166.0,291.0,160.0,271.0,156.0,296.0,155.0,313.0,145.0,294.0,137.0,265.0,131.0,250.0,128.0,232.0
Z,day2,1790745814.4852037,10,157.0,383.0,190.0,374.0,220.0,351.0,244.0,332.0,264.0,324.0,199.0,300.0,210.0,263.0,216.0,238.0,219.0,217.0,177.0,297.0,169.0,284.0,164.0,314.0,164.0,334.0,155.0,299.0,143.0,283.0,143.0,308.0,146.0,326.0,134.0,304.0,123.0,275.0,116.0,258.0,110.0,239.0
Z,day2,1790745814.5855713,11,155.0,390.0,187.0,380.0,217.0,354.0,241.0,335.0,263.0,326.0,196.0,302.0,205.0,265.0,211.0,241.0,214.0,220.0,173.0,300.0,165.0,289.0,161.0,319.0,160.0,338.0,152.0,303.0,140.0,290.0,141.0,315.0,145.0,331.0,131.0,309.0,118.0,281.0,109.0,265.0,103.0,245.0
Z,day2,1790745814.70818,12,154.0,391.0,185.0,381.0,216.0,355.0,240.0,336.0,261.0,327.0,194.0,303.0,205.0,267.0,211.0,242.0,215.0,221.0,171.0,301.0,162.0,290.0,157.0,321.0,157.0,341.0,150.0,304.0,138.0,289.0,138.0,314.0,140.0,331.0,129.0,311.0,117.0,284.0,108.0,267.0,101.0,248.0
Z,day2,1790745814.8122208,13,157.0,394.0,190.0,384.0,223.0,361.0,248.0,345.0,270.0,339.0,202.0,309.0,212.0,271.0,219.0,247.0,224.0,226.0,180.0,307.0,175.0,298.0,172.0,330.0,172.0,349.0,157.0,310.0,150.0,296.0,150.0,324.0,153.0,343.0,135.0,315.0,125.0,287.0,117.0,270.0,111.0,250.0
Z,day2,1790745814.9160216,14,156.0,392.0,189.0,385.0,221.0,363.0,249.0,348.0,272.0,341.0,205.0,308.0,219.0,271.0,228.0,246.0,234.0,225.0,182.0,304.0,176.0,293.0,170.0,326.0,169.0,345.0,159.0,305.0,151.0,290.0,151.0,318.0,153.0,336.0,137.0,310.0,128.0,282.0,122.0,265.0,118.0,244.0
Z,day2,1790745815.019288,15,155.0,389.0,189.0,383.0,222.0,363.0,250.0,347.0,274.0,341.0,205.0,307.0,221.0,269.0,230.0,245.0,236.0,223.0,182.0,302.0,178.0,290.0,170.0,324.0,167.0,345.0,159.0,302.0,152.0,285.0,150.0,314.0,151.0,334.0,137.0,306.0,128.0,277.0,123.0,259.0,119.0,238.0
Z,day2,1790745815.1308265,16,158.0,393.0,193.0,386.0,228.0,364.0,254.0,348.0,277.0,340.0,209.0,310.0,224.0,271.0,232.0,246.0,239.0,224.0,185.0,305.0,182.0,295.0,174.0,327.0,171.0,347.0,161.0,306.0,156.0,287.0,153.0,315.0,152.0,335.0,140.0,309.0,130.0,280.0,124.0,262.0,121.0,241.0
Z,day2,1790745815.2256408,17,161.0,401.0,196.0,395.0,231.0,373.0,261.0,357.0,287.0,351.0,213.0,317.0,229.0,277.0,238.0,250.0,244.0,227.0,189.0,312.0,186.0,301.0,180.0,336.0,179.0,356.0,165.0,312.0,160.0,294.0,158.0,322.0,160.0,340.0,143.0,314.0,133.0,285.0,126.0,267.0,124.0,247.0
Z,day2,1790745815.3264904,18,166.0,412.0,202.0,404.0,239.0,382.0,269.0,366.0,296.0,361.0,221.0,323.0,237.0,283.0,246.0,256.0,253.0,233.0,196.0,319.0,195.0,309.0,189.0,344.0,189.0,363.0,171.0,319.0,167.0,301.0,165.0,330.0,167.0,349.0,147.0,322.0,136.0,292.0,130.0,273.0,127.0,251.0
Z,day2,1790745815.4299603,19,166.0,417.0,203.0,410.0,239.0,388.0,269.0,371.0,297.0,369.0,222.0,327.0,240.0,286.0,250.0,258.0,257.0,234.0,196.0,322.0,194.0,311.0,186.0,349.0,184.0,370.0,170.0,322.0,165.0,304.0,163.0,336.0,165.0,357.0,146.0,325.0,136.0,294.0,130.0,275.0,128.0,253.0
Z,day2,1790745815.56521,20,164.0,418.0,202.0,412.0,238.0,389.0,268.0,372.0,296.0,368.0,222.0,327.0,239.0,285.0,249.0,256.0,255.0,232.0,195.0,322.0,194.0,311.0,186.0,349.0,183.0,370.0,169.0,321.0,164.0,302.0,163.0,335.0,165.0,356.0,145.0,324.0,134.0,292.0,128.0,274.0,126.0,252.0
Z,day2,1790745815.6856883,21,164.0,417.0,201.0,410.0,238.0,387.0,268.0,370.0,296.0,367.0,221.0,326.0,239.0,284.0,249.0,255.0,255.0,230.0,194.0,320.0,192.0,309.0,185.0,349.0,181.0,372.0,168.0,319.0,163.0,300.0,163.0,335.0,165.0,358.0,144.0,323.0,134.0,290.0,128.0,272.0,126.0,249.0
Z,day2,1790745815.8339455,22,166.0,416.0,203.0,412.0,240.0,393.0,271.0,380.0,299.0,377.0,229.0,329.0,246.0,287.0,258.0,259.0,266.0,236.0,203.0,323.0,201.0,314.0,192.0,348.0,188.0,366.0,176.0,322.0,172.0,306.0,168.0,336.0,168.0,354.0,152.0,325.0,142.0,292.0,136.0,274.0,133.0,251.0
Z,day2,1790745815.9732828,23,170.0,413.0,207.0,411.0,246.0,393.0,278.0,379.0,307.0,378.0,234.0,332.0,253.0,290.0,265.0,263.0,275.0,239.0,209.0,325.0,208.0,315.0,198.0,348.0,194.0,368.0,184.0,323.0,181.0,305.0,174.0,335.0,173.0,354.0,159.0,324.0,152.0,290.0,146.0,271.0,144.0,250.0
Z,day2,1790745816.109615,24,180.0,407.0,216.0,406.0,257.0,389.0,291.0,379.0,321.0,381.0,250.0,331.0,271.0,292.0,284.0,267.0,295.0,245.0,228.0,322.0,225.0,312.0,212.0,344.0,206.0,364.0,203.0,318.0,200.0,302.0,191.0,332.0,189.0,352.0,178.0,318.0,174.0,285.0,169.0,266.0,168.0,245.0
Z,day2,1790745816.258926,25,192.0,397.0,228.0,398.0,266.0,384.0,297.0,374.0,325.0,377.0,265.0,324.0,288.0,288.0,303.0,266.0,314.0,246.0,241.0,315.0,243.0,303.0,230.0,337.0,221.0,358.0,216.0,310.0,218.0,290.0,211.0,323.0,208.0,346.0,192.0,308.0,191.0,276.0,191.0,256.0,194.0,233.0
Z,day2,1790745816.391194,26,190.0,387.0,226.0,387.0,263.0,371.0,293.0,358.0,318.0,358.0,254.0,313.0,276.0,278.0,290.0,257.0,301.0,237.0,232.0,305.0,233.0,292.0,224.0,325.0,217.0,347.0,209.0,301.0,208.0,282.0,204.0,313.0,202.0,335.0,187.0,301.0,185.0,269.0,184.0,251.0,185.0,229.0
Z,day2,1790745816.521387,27,188.0,385.0,222.0,383.0,258.0,363.0,287.0,347.0,311.0,343.0,245.0,309.0,264.0,273.0,276.0,250.0,285.0,230.0,222.0,301.0,223.0,289.0,215.0,321.0,209.0,341.0,200.0,298.0,199.0,279.0,195.0,307.0,193.0,326.0,178.0,299.0,173.0,269.0,170.0,251.0,170.0,231.0
Z,day2,1790745816.6540341,28,184.0,386.0,219.0,382.0,253.0,363.0,280.0,346.0,302.0,340.0,236.0,307.0,253.0,271.0,262.0,248.0,270.0,228.0,214.0,301.0,214.0,291.0,207.0,321.0,203.0,339.0,192.0,301.0,190.0,284.0,187.0,312.0,186.0,330.0,171.0,303.0,164.0,273.0,160.0,256.0,159.0,236.0
Z,day2,1790745816.7958384,29,184.0,393.0,218.0,387.0,250.0,365.0,278.0,348.0,301.0,342.0,233.0,314.0,247.0,275.0,254.0,251.0,260.0,230.0,210.0,309.0,210.0,298.0,203.0,330.0,199.0,350.0,188.0,310.0,185.0,291.0,183.0,319.0,182.0,339.0,167.0,313.0,157.0,285.0,151.0,268.0,148.0,247.0
Z,day2,1790745816.9199138,30,185.0,396.0,219.0,390.0,252.0,367.0,280.0,350.0,304.0,344.0,235.0,315.0,249.0,277.0,257.0,253.0,264.0,231.0,212.0,311.0,212.0,299.0,207.0,330.0,203.0,352.0,189.0,311.0,188.0,293.0,187.0,321.0,187.0,342.0,167.0,314.0,159.0,284.0,155.0,266.0,153.0,246.0
Z,day2,1790745817.0138211,31,184.0,391.0,217.0,386.0,252.0,366.0,280.0,350.0,304.0,345.0,239.0,313.0,255.0,276.0,264.0,252.0,271.0,232.0,216.0,307.0,217.0,294.0,209.0,325.0,204.0,346.0,193.0,306.0,194.0,288.0,190.0,315.0,189.0,334.0,171.0,307.0,166.0,278.0,163.0,261.0,162.0,241.0
Z,day2,1790745817.1151397,32,186.0,385.0,218.0,383.0,254.0,365.0,284.0,350.0,308.0,346.0,243.0,312.0,262.0,277.0,273.0,254.0,281.0,234.0,222.0,305.0,224.0,291.0,214.0,321.0,208.0,341.0,199.0,303.0,201.0,283.0,196.0,311.0,193.0,330.0,178.0,303.0,174.0,274.0,171.0,256.0,172.0,237.0
Z,day2,1790745817.2131407,33,187.0,384.0,220.0,382.0,255.0,367.0,284.0,354.0,307.0,350.0,246.0,314.0,266.0,280.0,278.0,257.0,287.0,237.0,224.0,307.0,227.0,293.0,218.0,322.0,212.0,341.0,203.0,303.0,205.0,284.0,201.0,311.0,199.0,330.0,182.0,303.0,178.0,274.0,178.0,256.0,179.0,236.0
Z,day2,1790745817.3251371,34,186.0,383.0,219.0,383.0,254.0,368.0,284.0,356.0,308.0,352.0,246.0,315.0,267.0,281.0,280.0,259.0,289.0,240.0,224.0,307.0,227.0,293.0,217.0,323.0,211.0,343.0,203.0,303.0,205.0,284.0,201.0,311.0,198.0,331.0,182.0,303.0,179.0,274.0,178.0,257.0,181.0,237.0
Z,day2,1790745817.4546852,35,185.0,381.0,218.0,382.0,253.0,368.0,281.0,356.0,304.0,353.0,245.0,313.0,266.0,280.0,279.0,258.0,289.0,239.0,224.0,306.0,226.0,293.0,217.0,322.0,211.0,342.0,202.0,302.0,204.0,284.0,200.0,311.0,198.0,331.0,181.0,302.0,179.0,273.0,178.0,256.0,181.0,236.0
Z,day2,1790745817.5473793,36,184.0,379.0,216.0,378.0,250.0,363.0,279.0,352.0,302.0,349.0,245.0,309.0,266.0,277.0,279.0,256.0,288.0,237.0,223.0,302.0,224.0,288.0,215.0,320.0,210.0,340.0,202.0,298.0,203.0,280.0,199.0,309.0,198.0,329.0,181.0,299.0,178.0,270.0,178.0,253.0,180.0,232.0
Z,day2,1790745817.646908,37,184.0,375.0,217.0,373.0,250.0,358.0,278.0,346.0,300.0,344.0,245.0,305.0,265.0,273.0,277.0,252.0,286.0,233.0,224.0,298.0,225.0,284.0,216.0,315.0,210.0,334.0,202.0,295.0,204.0,275.0,200.0,304.0,199.0,324.0,182.0,295.0,178.0,265.0,178.0,248.0,180.0,229.0
Z,day2,1790745817.7559028,38,184.0,373.0,216.0,372.0,250.0,356.0,278.0,343.0,301.0,340.0,243.0,303.0,263.0,271.0,274.0,250.0,282.0,231.0,222.0,296.0,223.0,281.0,214.0,311.0,210.0,331.0,201.0,293.0,202.0,272.0,199.0,299.0,197.0,318.0,180.0,293.0,177.0,264.0,176.0,247.0,178.0,228.0
Z,day2,1790745817.8822052,39,184.0,373.0,216.0,373.0,250.0,357.0,278.0,343.0,301.0,340.0,242.0,304.0,260.0,271.0,271.0,250.0,279.0,231.0,220.0,297.0,221.0,283.0,213.0,312.0,208.0,332.0,199.0,294.0,200.0,274.0,197.0,300.0,195.0,318.0,179.0,294.0,175.0,266.0,174.0,249.0,175.0,230.0
Z,day2,1790745818.000427,40,182.0,379.0,214.0,376.0,247.0,358.0,276.0,344.0,300.0,340.0,234.0,308.0,251.0,275.0,261.0,254.0,269.0,236.0,214.0,302.0,214.0,289.0,206.0,318.0,200.0,336.0,194.0,300.0,193.0,282.0,190.0,306.0,188.0,323.0,174.0,301.0,169.0,273.0,167.0,257.0,166.0,239.0
Z,day2,1790745818.1430094,41,178.0,377.0,210.0,373.0,243.0,354.0,269.0,340.0,289.0,337.0,228.0,306.0,245.0,272.0,255.0,252.0,263.0,234.0,209.0,300.0,209.0,288.0,202.0,314.0,197.0,333.0,189.0,298.0,188.0,280.0,184.0,303.0,182.0,320.0,170.0,300.0,165.0,272.0,162.0,256.0,161.0,238.0
Z,day2,1790745818.2745852,42,174.0,377.0,205.0,372.0,236.0,353.0,262.0,339.0,283.0,333.0,223.0,304.0,238.0,271.0,247.0,250.0,254.0,231.0,202.0,299.0,202.0,286.0,195.0,313.0,190.0,332.0,181.0,297.0,179.0,278.0,174.0,301.0,171.0,319.0,160.0,299.0,155.0,271.0,152.0,254.0,151.0,236.0
Z,day2,1790745818.405914,43,168.0,385.0,199.0,378.0,230.0,357.0,254.0,340.0,275.0,333.0,213.0,307.0,226.0,273.0,234.0,250.0,240.0,230.0,191.0,303.0,189.0,289.0,185.0,318.0,182.0,338.0,170.0,303.0,166.0,285.0,166.0,309.0,167.0,327.0,150.0,306.0,142.0,280.0,138.0,263.0,136.0,245.0
Z,day2,1790745818.5192833,44,166.0,389.0,197.0,381.0,227.0,360.0,252.0,342.0,273.0,334.0,210.0,308.0,223.0,273.0,230.0,250.0,235.0,229.0,188.0,304.0,185.0,292.0,180.0,323.0,179.0,342.0,166.0,305.0,161.0,288.0,161.0,315.0,162.0,332.0,146.0,308.0,136.0,282.0,130.0,266.0,128.0,247.0
Z,day2,1790745818.6522782,45,166.0,391.0,198.0,383.0,228.0,361.0,253.0,344.0,275.0,336.0,211.0,310.0,224.0,274.0,230.0,250.0,235.0,229.0,188.0,306.0,185.0,294.0,180.0,326.0,180.0,347.0,165.0,307.0,161.0,289.0,160.0,315.0,162.0,334.0,145.0,310.0,135.0,284.0,129.0,268.0,126.0,250.0
Z,day2,1790745818.7434497,46,167.0,391.0,199.0,383.0,229.0,359.0,254.0,340.0,276.0,332.0,211.0,307.0,224.0,270.0,230.0,246.0,235.0,224.0,187.0,304.0,185.0,289.0,181.0,323.0,180.0,346.0,164.0,305.0,160.0,285.0,160.0,311.0,161.0,330.0,144.0,309.0,133.0,281.0,127.0,266.0,124.0,246.0
Z,day2,1790745818.8495634,47,169.0,391.0,202.0,383.0,236.0,358.0,264.0,341.0,289.0,334.0,217.0,308.0,229.0,270.0,237.0,245.0,243.0,224.0,194.0,304.0,194.0,291.0,188.0,322.0,183.0,343.0,171.0,305.0,168.0,284.0,166.0,310.0,166.0,330.0,149.0,308.0,138.0,280.0,133.0,263.0,131.0,245.0
Z,day2,1790745818.9650502,48,174.0,394.0,208.0,387.0,242.0,365.0,270.0,349.0,294.0,342.0,224.0,312.0,238.0,273.0,247.0,249.0,253.0,227.0,200.0,308.0,200.0,298.0,195.0,330.0,193.0,351.0,176.0,309.0,175.0,292.0,174.0,320.0,176.0,340.0,154.0,313.0,145.0,284.0,140.0,267.0,139.0,247.0
Z,day2,1790745819.064773,49,171.0,396.0,205.0,389.0,240.0,367.0,268.0,349.0,293.0,343.0,221.0,313.0,237.0,275.0,245.0,250.0,251.0,228.0,197.0,309.0,198.0,295.0,192.0,329.0,190.0,351.0,173.0,310.0,172.0,291.0,172.0,319.0,172.0,338.0,151.0,314.0,142.0,284.0,137.0,266.0,135.0,245.0
Z,day2,1790745819.2052855,50,168.0,397.0,204.0,391.0,239.0,370.0,267.0,354.0,292.0,349.0,222.0,315.0,239.0,276.0,249.0,250.0,256.0,228.0,197.0,310.0,198.0,299.0,189.0,332.0,184.0,354.0,172.0,310.0,171.0,293.0,168.0,321.0,168.0,341.0,150.0,313.0,140.0,283.0,136.0,266.0,135.0,245.0
Z,day2,1790745819.3207762,51,169.0,396.0,204.0,391.0,241.0,370.0,271.0,356.0,297.0,351.0,227.0,314.0,245.0,275.0,256.0,250.0,265.0,228.0,202.0,309.0,204.0,297.0,195.0,330.0,190.0,352.0,177.0,308.0,178.0,290.0,175.0,320.0,174.0,341.0,154.0,311.0,147.0,279.0,143.0,261.0,143.0,239.0
Z,day2,1790745819.4152782,52,169.0,393.0,205.0,389.0,242.0,369.0,272.0,355.0,297.0,351.0,229.0,313.0,248.0,274.0,260.0,249.0,269.0,227.0,204.0,307.0,206.0,294.0,198.0,328.0,191.0,350.0,179.0,305.0,181.0,287.0,178.0,317.0,177.0,339.0,156.0,307.0,149.0,276.0,147.0,257.0,147.0,235.0
